-54.142	5.231376673	0.285440193
-54.142	2.685318428	0.407101184
-54.142	6.329481144	0.137832153
-54.142	1.565192181	0.283966489
-54.142	5.30298673	0.27604992
-54.142	2.592802255	0.403774682
-54.142	4.772994391	0.325477016
-54.142	3.155807677	0.406184212
-54.142	4.817139519	0.32125139
-54.142	3.103955146	0.406425206
-54.142	6.212114268	0.162093609
-54.142	1.691026538	0.318799744
-54.142	4.071920012	0.369543102
-54.142	3.837537673	0.38149768
-54.142	6.62591666	0.029301072
-54.142	1.252141222	0.068513113
-54.142	6.147732056	0.169613172
-54.142	1.738861291	0.327323371
-54.142	5.412113733	0.264987
-54.142	2.482159035	0.400683483
-54.142	6.358486617	0.128611837
-54.142	1.524784607	0.268864029
-54.142	5.449829147	0.26354338
-54.142	2.462900399	0.401611313
-54.142	5.852526754	0.21464905
-54.142	2.043657023	0.373087377
-54.142	4.59504626	0.338431728
-54.142	3.332570279	0.402038157
-54.142	6.169705825	0.169185546
-54.142	1.732596622	0.327716584
-54.142	4.704385286	0.330029148
-54.142	3.218587659	0.404432854
-54.142	5.902982287	0.210013559
-54.142	2.005473516	0.370152098
-54.142	5.210763272	0.287907546
-54.142	2.710556171	0.407784219
-54.142	4.13645079	0.366534213
-54.142	3.779377117	0.384743167
-54.142	5.434824008	0.266174734
-54.142	2.486243463	0.403096536
-54.142	4.957215396	0.310389531
-54.142	2.967324984	0.408324389
-54.142	4.901221378	0.312572721
-54.142	3.001641872	0.406208999
-54.142	4.717286917	0.329451055
-54.142	3.209344388	0.404939022
-54.142	5.458688763	0.259923224
-54.142	2.433720165	0.398810664
-54.142	4.379046477	0.350665586
-54.142	3.524763627	0.3939654
-54.142	4.375858701	0.353115297
-54.142	3.550953826	0.395013184
-54.142	5.979343666	0.198380219
-54.142	1.922528008	0.359392931
-54.142	4.369121114	0.353420665
-54.142	3.556401303	0.394703076
-54.142	5.322238778	0.274115532
-54.142	2.573096052	0.403299374
-54.142	5.766493876	0.225230259
-54.142	2.127598188	0.380732934
-54.142	6.290276407	0.145603948
-54.142	1.603939163	0.295571139
-54.142	4.609430073	0.336604435
-54.142	3.310280211	0.401961797
-54.142	5.04405519	0.301863411
-54.142	2.869770918	0.407875418
-54.142	4.706188372	0.329972581
-54.142	3.21752598	0.404518281
-54.142	4.066251434	0.370263819
-54.142	3.847639668	0.381418029
-54.142	6.454424007	0.108278471
-54.142	1.438327155	0.234442991
-54.142	6.386180592	0.127602514
-54.142	1.515911865	0.26813333
-54.142	4.256094874	0.358329358
-54.142	3.647326454	0.389282035
-54.142	4.017950868	0.374333714
-54.142	3.912000874	0.379747011
-54.142	4.927605696	0.312882836
-54.142	2.997513983	0.408111919
-54.142	5.998246962	0.193667829
-54.142	1.892441277	0.354131812
-54.142	4.673596076	0.332719257
-54.142	3.253424631	0.403988083
-54.142	4.557427284	0.338665915
-54.142	3.346436824	0.399637013
-54.142	4.404871647	0.350065305
-54.142	3.509888385	0.395435478
-54.142	6.455113798	0.101662917
-54.142	1.418471211	0.221516408
-54.142	6.10164413	0.180973913
-54.142	1.80452398	0.341757191
-54.142	4.850232814	0.318571099
-54.142	3.070095721	0.40686124
-54.142	4.751611899	0.326201354
-54.142	3.1686566	0.405226306
-54.142	5.655837934	0.238136172
-54.142	2.236007679	0.38864556
-54.142	4.024735654	0.373240066
-54.142	3.897190833	0.379752993
-54.142	5.140577774	0.294889011
-54.142	2.78598697	0.408799175
-54.142	5.413036952	0.268596941
-54.142	2.5096777	0.403954801
-54.142	5.766059923	0.225753433
-54.142	2.13106508	0.381299974
-54.142	6.174318462	0.168697487
-54.142	1.729365933	0.327195888
-54.142	4.895617143	0.313151241
-54.142	3.008365025	0.406235359
-54.142	4.947783747	0.311407707
-54.142	2.978930906	0.408412037
-54.142	4.465525666	0.344916605
-54.142	3.437761926	0.396854993
-54.142	4.188243867	0.364247004
-54.142	3.734978042	0.387357447
-54.142	6.609930819	0.053126319
-54.142	1.282966558	0.12272627
-54.142	5.403341034	0.26859208
-54.142	2.511774812	0.403373121
-54.142	5.769319907	0.225396208
-54.142	2.12809564	0.381075964
-54.142	5.874165392	0.214035733
-54.142	2.035590565	0.373511105
-54.142	5.738887666	0.228993663
-54.142	2.157700544	0.383421588
-54.142	5.266287564	0.280119544
-54.142	2.633831602	0.404931808
-54.142	4.212855255	0.362046511
-54.142	3.702369214	0.388048035
-54.142	6.286760186	0.143247235
-54.142	1.594914934	0.291449913
-54.142	5.416649537	0.266895566
-54.142	2.495760641	0.402661437
-54.142	4.096578077	0.367703307
-54.142	3.807749963	0.382426159
-54.142	6.387302705	0.120488255
-54.142	1.490600386	0.255157348
-54.142	4.358617193	0.353655271
-54.142	3.562427552	0.394094631
-54.142	6.143177391	0.171235163
-54.142	1.747615292	0.329538876
-54.142	4.677846707	0.329915388
-54.142	3.225211566	0.402605544
-54.142	4.438881683	0.349210752
-54.142	3.489864749	0.397326357
-54.142	4.308546037	0.355236689
-54.142	3.596277674	0.391412081
-54.142	5.064631841	0.301115116
-54.142	2.858137978	0.40863254
-54.142	5.258323448	0.280969287
-54.142	2.64254345	0.40514282
-54.142	4.249481171	0.360580057
-54.142	3.673331716	0.389923395
-54.142	5.934037677	0.204772248
-54.142	1.968250734	0.365253728
-54.142	4.091228961	0.368245248
-54.142	3.815724009	0.382292371
-54.142	4.309497711	0.357045335
-54.142	3.614707817	0.39238859
-54.142	6.106010332	0.18096638
-54.142	1.803649054	0.341960497
-54.142	4.912551118	0.313838612
-54.142	3.010133073	0.407783172
-54.142	4.776765686	0.32411874
-54.142	3.141951289	0.405589377
-54.142	4.61969647	0.336542878
-54.142	3.306586592	0.402614405
-54.142	5.347884453	0.27234071
-54.142	2.553334513	0.403322601
-54.142	4.101149435	0.368885525
-54.142	3.818621156	0.383302691
-54.142	5.207703723	0.286999239
-54.142	2.703736699	0.406882119
-54.142	4.992927737	0.307394162
-54.142	2.931391579	0.40854213
-54.142	5.604208751	0.24794999
-54.142	2.315247112	0.395755547
-54.142	6.553860616	0.068804875
-54.142	1.320522692	0.156156167
-54.142	4.610686213	0.334953937
-54.142	3.293804744	0.401094462
-54.142	6.534877656	0.08642524
-54.142	1.36288318	0.193083043
-54.142	5.632385666	0.240906891
-54.142	2.259926392	0.390208967
-54.142	5.175029482	0.290463218
-54.142	2.740330874	0.407567651
-54.142	4.455501334	0.347942398
-54.142	3.471532098	0.397794252
-54.142	5.312052051	0.278634603
-54.142	2.61139845	0.406484149
-54.142	5.488370624	0.259474255
-54.142	2.423923186	0.400137144
-54.142	4.175062469	0.365271204
-54.142	3.750915435	0.386905673
-54.142	5.897479687	0.207049979
-54.142	1.988884753	0.366190457
-54.142	5.683974205	0.235439163
-54.142	2.211868752	0.387371014
-54.142	5.009939008	0.304536921
-54.142	2.901781389	0.407622341
-54.142	5.863431203	0.212607502
-54.142	2.029003222	0.371211905
-54.142	4.93496952	0.309555326
-54.142	2.965614584	0.406332823
-54.142	6.25572818	0.152959148
-54.142	1.641745185	0.306213286
-54.142	6.184673031	0.164678765
-54.142	1.708286765	0.321541607
-54.142	6.217562879	0.160520786
-54.142	1.682757661	0.316585329
-54.142	6.171762654	0.165497113
-54.142	1.714602894	0.322199036
-54.142	5.438167072	0.264907622
-54.142	2.475822541	0.402156397
-54.142	5.041757509	0.303284243
-54.142	2.882780376	0.408746397
-54.142	6.622224327	0.039005678
-54.142	1.262226417	0.090854121
-54.142	5.887386503	0.21137991
-54.142	2.016796272	0.370997415
-54.142	5.266653142	0.281017305
-54.142	2.641005906	0.40568969
-54.142	5.69532639	0.234119776
-54.142	2.200647812	0.386592735
-54.142	4.803482891	0.322230808
-54.142	3.116845912	0.406153911
-54.142	5.145981533	0.292356626
-54.142	2.763204765	0.407219462
-54.142	6.490080731	0.089893532
-54.142	1.37992379	0.198927947
-54.142	5.123895279	0.296524447
-54.142	2.803987297	0.408981776
-54.142	5.023754992	0.303301059
-54.142	2.88743477	0.40762108
-54.142	4.051070965	0.370855998
-54.142	3.86029778	0.380589098
-54.142	4.797659819	0.323816548
-54.142	3.133316328	0.406768131
-54.142	5.47380953	0.258201281
-54.142	2.417607374	0.398094453
-54.142	4.516592455	0.343856525
-54.142	3.410741805	0.39975785
-54.142	5.374078722	0.271359243
-54.142	2.539783758	0.404045253
-54.142	6.130316183	0.174519223
-54.142	1.766274231	0.333792989
-54.142	6.14615637	0.172532848
-54.142	1.753408166	0.331614204
-54.142	6.478723036	0.093467461
-54.142	1.391349978	0.205865882
-54.142	4.421854577	0.350005887
-54.142	3.503601606	0.396574252
-54.142	4.212159761	0.363937943
-54.142	3.722672014	0.388907392
-54.142	5.223802704	0.285910595
-54.142	2.690963846	0.407010428
-54.142	4.324181952	0.355756015
-54.142	3.596129644	0.392766114
-54.142	6.634046045	0.041188581
-54.142	1.262518215	0.096027861
-54.142	4.737536381	0.326328004
-54.142	3.173842632	0.404377843
-54.142	5.3318321	0.275974161
-54.142	2.585649657	0.405453311
-54.142	6.624320605	0.030535141
-54.142	1.253485063	0.071355051
-54.142	6.268703699	0.149376396
-54.142	1.62386111	0.300915134
-54.142	5.505242401	0.257838607
-54.142	2.408122139	0.399595048
-54.142	4.899626581	0.314473247
-54.142	3.019314596	0.407373056
-54.142	5.202208555	0.286967331
-54.142	2.704766581	0.406518891
-54.142	5.000141489	0.304285208
-54.142	2.902052277	0.406823432
-54.142	4.510317548	0.344256251
-54.142	3.41673335	0.399549684
-54.142	5.262985795	0.281254512
-54.142	2.643775164	0.405659958
-54.142	4.369879481	0.352561414
-54.142	3.547303642	0.394313927
-54.142	4.620277024	0.336193477
-54.142	3.302995287	0.402452537
-54.142	5.63174185	0.244267901
-54.142	2.283463677	0.393622483
-54.142	4.334916862	0.356308845
-54.142	3.598111955	0.393792782
-54.142	6.570755117	0.071738646
-54.142	1.323227636	0.162908434
-54.142	5.24641192	0.283628594
-54.142	2.666949313	0.406572018
-54.142	5.054443264	0.301940056
-54.142	2.867856301	0.408585129
-54.142	5.146904366	0.293391897
-54.142	2.771740404	0.408063362
-54.142	4.472654112	0.346805164
-54.142	3.454448662	0.398360541
-54.142	4.90010891	0.312595302
-54.142	3.002140936	0.406152553
-54.142	5.088366593	0.297281177
-54.142	2.819131424	0.407322226
-54.142	5.190921498	0.288305858
-54.142	2.718541032	0.406873932
-54.142	6.45132577	0.110910957
-54.142	1.447109588	0.239417326
-54.142	6.314353044	0.143638647
-54.142	1.59131247	0.293285824
-54.142	4.886567231	0.314379513
-54.142	3.021925405	0.406469363
-54.142	6.377544972	0.121137602
-54.142	1.494668368	0.25598997
-54.142	6.625475917	0.028590434
-54.142	1.251640244	0.066860663
-54.142	5.795648083	0.224646329
-54.142	2.117948293	0.381671575
-54.142	4.996301755	0.307392738
-54.142	2.930522915	0.408755548
-54.142	6.067135044	0.184966518
-54.142	1.832025418	0.345696091
-54.142	4.827104505	0.321296341
-54.142	3.101654143	0.407102572
-54.142	4.280753474	0.357546645
-54.142	3.630203153	0.39062603
-54.142	5.424423267	0.263852671
-54.142	2.470816611	0.4003892
-54.142	6.17721555	0.167850997
-54.142	1.724750049	0.326047965
-54.142	4.64915451	0.33409431
-54.142	3.273938087	0.403166405
-54.142	6.659030725	0.009907073
-54.142	1.235210255	0.023371413
-54.142	6.145415056	0.17270751
-54.142	1.754410193	0.331838273
-54.142	4.128999641	0.368179378
-54.142	3.799956396	0.384976375
-54.142	5.53806098	0.251817497
-54.142	2.356995597	0.395748133
-54.142	5.693969223	0.235347856
-54.142	2.2091928	0.387834426
-54.142	5.014021304	0.305040741
-54.142	2.905192685	0.408236135
-54.142	5.699272394	0.236342648
-54.142	2.214837477	0.389193684
-54.142	6.344492939	0.129939329
-54.142	1.532302571	0.270687395
-54.142	5.335317779	0.276294974
-54.142	2.587419829	0.405933921
-54.142	5.548762229	0.253220706
-54.142	2.364896998	0.397728512
-54.142	5.263197672	0.283137058
-54.142	2.659051259	0.407201108
-54.142	6.259991257	0.148633623
-54.142	1.622360852	0.299308076
-54.142	5.752755174	0.229555893
-54.142	2.158576656	0.384812266
-54.142	6.140338952	0.172564832
-54.142	1.754678104	0.331384008
-54.142	6.052614032	0.185789333
-54.142	1.839187941	0.346121831
-54.142	5.972444957	0.200281515
-54.142	1.934713152	0.361509671
-54.142	4.583770853	0.339529376
-54.142	3.346830362	0.401899801
-54.142	5.120106197	0.295802939
-54.142	2.798724394	0.408208174
-54.142	4.849562066	0.316599098
-54.142	3.052135742	0.405537357
-54.142	6.362182512	0.12844338
-54.142	1.523473302	0.268706926
-54.142	5.115435208	0.296689303
-54.142	2.807447016	0.408576358
-54.142	4.526901519	0.341858154
-54.142	3.387553456	0.399357957
-54.142	4.78038143	0.323716461
-54.142	3.137163493	0.405575439
-54.142	4.70881349	0.330622152
-54.142	3.223005074	0.40508045
-54.142	6.354341771	0.129577211
-54.142	1.52910892	0.270430994
-54.142	5.343312491	0.272791658
-54.142	2.557903312	0.403435742
-54.142	5.322987112	0.275562152
-54.142	2.584374108	0.404571802
-54.142	6.197059377	0.159359974
-54.142	1.681371612	0.313822798
-54.142	4.2541145	0.359651515
-54.142	3.661881757	0.389795003
-54.142	5.037856364	0.301536902
-54.142	2.86847327	0.407249791
-54.142	4.968141486	0.308678396
-54.142	2.949175937	0.407851174
-54.142	5.855874306	0.215949235
-54.142	2.051004241	0.374820904
-54.142	6.115750248	0.176512
-54.142	1.779047966	0.336008628
-54.142	4.164005655	0.363927868
-54.142	3.7408794	0.385479581
-54.142	5.769850452	0.227993265
-54.142	2.144865874	0.384021842
-54.142	4.218026333	0.362834584
-54.142	3.708769095	0.388794183
-54.142	4.252523185	0.358583475
-54.142	3.651288612	0.389156364
-54.142	6.201729144	0.162763634
-54.142	1.696100802	0.31936588
-54.142	5.452145702	0.260973003
-54.142	2.443007124	0.399395744
-54.142	5.440300391	0.263084904
-54.142	2.461509631	0.400631255
-54.142	4.798234063	0.323754078
-54.142	3.132570754	0.406766661
-54.142	5.341311641	0.274620904
-54.142	2.572775541	0.404878614
-54.142	5.426044791	0.266318022
-54.142	2.489263223	0.402703986
-54.142	4.635164808	0.334194723
-54.142	3.279071648	0.402291172
-54.142	5.971191894	0.198489276
-54.142	1.924739985	0.359114908
-54.142	4.884033663	0.313717951
-54.142	3.016588698	0.405866653
-54.142	4.068767951	0.371499475
-54.142	3.860000772	0.382162285
-54.142	6.403496291	0.115653749
-54.142	1.471336955	0.246728158
-54.142	6.258141124	0.147456638
-54.142	1.617754934	0.297277396
-54.142	5.231470946	0.285552888
-54.142	2.686225156	0.40719662
-54.142	4.636156269	0.333366167
-54.142	3.270746822	0.401873403
-54.142	4.036334664	0.373696656
-54.142	3.897325316	0.380800291
-54.142	6.42385401	0.112266047
-54.142	1.456544397	0.241038988
-54.142	4.592352519	0.337453719
-54.142	3.323780678	0.401301133
-54.142	6.220231312	0.159840057
-54.142	1.67914247	0.315635368
-54.142	4.149962249	0.366167947
-54.142	3.770180493	0.385537764
-54.142	4.250065947	0.360063615
-54.142	3.667689403	0.389711989
-54.142	4.70280873	0.329462602
-54.142	3.213618315	0.403988551
-54.142	6.388179596	0.126619387
-54.142	1.511980414	0.266430411
-54.142	5.822582493	0.217021451
-54.142	2.064309398	0.37429809
-54.142	4.143406219	0.366188962
-54.142	3.772961506	0.385078894
-54.142	4.161152194	0.366586413
-54.142	3.770322762	0.386533323
-54.142	4.355031997	0.354652229
-54.142	3.573956666	0.394354242
-54.142	4.6009174	0.338448167
-54.142	3.330951787	0.402441837
-54.142	5.042594517	0.302428272
-54.142	2.87507097	0.408188207
-54.142	4.640662975	0.332904744
-54.142	3.264940911	0.401903639
-54.142	6.526300983	0.082270863
-54.142	1.354527114	0.184167742
-54.142	6.004669832	0.192634883
-54.142	1.8854899	0.353073656
-54.142	5.564510257	0.249750523
-54.142	2.336478283	0.395254862
-54.142	4.176499864	0.365621491
-54.142	3.754104615	0.387173526
-54.142	6.03474279	0.191033077
-54.142	1.870868981	0.352433365
-54.142	5.188557401	0.288753427
-54.142	2.722827343	0.407077435
-54.142	5.816312573	0.220570182
-54.142	2.08779442	0.37811639
-54.142	4.76227396	0.324673972
-54.142	3.151233587	0.404984074
-54.142	6.076602323	0.183327233
-54.142	1.821579409	0.343863195
-54.142	5.370844309	0.270807484
-54.142	2.536197132	0.403372459
-54.142	5.112066368	0.293925682
-54.142	2.78469568	0.406298575
-54.142	4.186374658	0.362633763
-54.142	3.718587834	0.386452183
-54.142	5.455776682	0.261894765
-54.142	2.449141863	0.400457188
-54.142	5.694999195	0.234776526
-54.142	2.205129454	0.387280156
-54.142	5.332628775	0.276532635
-54.142	2.589919688	0.405971686
-54.142	5.319995247	0.275143807
-54.142	2.581735178	0.404037344
-54.142	6.266354479	0.152026017
-54.142	1.635683235	0.305162727
-54.142	4.583606138	0.339205727
-54.142	3.343684843	0.401706407
-54.142	5.531498549	0.254948132
-54.142	2.381190036	0.398385979
-54.142	5.749178416	0.229885924
-54.142	2.161476348	0.384978648
-54.142	4.180401635	0.363477478
-54.142	3.72979896	0.386432312
-54.142	6.611171486	0.049782571
-54.142	1.277852964	0.115217461
-54.142	5.475170548	0.261790218
-54.142	2.444145279	0.401503503
-54.142	6.441354122	0.111023764
-54.142	1.449325713	0.239282087
-54.142	4.207544738	0.362154183
-54.142	3.705501074	0.38772376
-54.142	5.252126529	0.283961772
-54.142	2.66835489	0.407189216
-54.142	4.790597496	0.323476474
-54.142	3.13207284	0.406094028
-54.142	6.439716624	0.10656775
-54.142	1.43585908	0.230614952
-54.142	5.185353785	0.289826127
-54.142	2.732544882	0.407713174
-54.142	4.836725618	0.317834216
-54.142	3.066964657	0.405508179
-54.142	4.546859006	0.33968222
-54.142	3.359741651	0.399495748
-54.142	4.946603814	0.310747627
-54.142	2.973287699	0.407889392
-54.142	5.050161854	0.301376859
-54.142	2.864006067	0.407910406
-54.142	5.039592536	0.301401097
-54.142	2.866855444	0.407261592
-54.142	4.701390635	0.330427736
-54.142	3.223274623	0.404473072
-54.142	5.022860115	0.303864933
-54.142	2.892610342	0.407964975
-54.142	5.281971308	0.279783614
-54.142	2.627508566	0.405609525
-54.142	3.975237165	0.376691323
-54.142	3.956159853	0.37766622
-54.142	4.824205902	0.320382524
-54.142	3.093939536	0.406332673
-54.142	4.985280295	0.307116063
-54.142	2.930864834	0.407862867
-54.142	5.717060946	0.231183738
-54.142	2.176604462	0.384620252
-54.142	4.303448384	0.357068452
-54.142	3.617095332	0.391977185
-54.142	5.402516691	0.268298596
-54.142	2.509687776	0.403065009
-54.142	5.275951186	0.280037001
-54.142	2.630936398	0.405452029
-54.142	4.034464662	0.373331899
-54.142	3.89411933	0.380501404
-54.142	4.338988921	0.35424797
-54.142	3.575345859	0.393033047
-54.142	5.546274259	0.250751154
-54.142	2.347548285	0.395183518
-54.142	5.072915887	0.300889143
-54.142	2.854127974	0.408990067
-54.142	5.380327244	0.270902525
-54.142	2.534825949	0.404022575
-54.142	4.851390876	0.317509347
-54.142	3.059997137	0.406248816
-54.142	6.140202863	0.17309706
-54.142	1.757328542	0.332167003
-54.142	5.472306741	0.261437324
-54.142	2.442106823	0.401010501
-54.142	5.477082588	0.259342505
-54.142	2.425381652	0.399352136
-54.142	4.845959651	0.319386962
-54.142	3.078796052	0.407109268
-54.142	5.383830737	0.269654296
-54.142	2.524330071	0.403142661
-54.142	4.194849841	0.362678199
-54.142	3.715834242	0.387075725
-54.142	4.322119408	0.357104342
-54.142	3.610870881	0.39329953
-54.142	5.15875134	0.29125579
-54.142	2.750868225	0.407169757
-54.142	4.706939477	0.330106729
-54.142	3.218595822	0.404648334
-54.142	6.506675574	0.094149673
-54.142	1.387943686	0.208112106
-54.142	6.109691496	0.175546579
-54.142	1.775366472	0.334306715
-54.142	6.111566879	0.177391252
-54.142	1.784291046	0.337084466
-54.142	6.547003774	0.082038289
-54.142	1.350132023	0.184249886
-54.142	4.517307766	0.343743447
-54.142	3.409383884	0.399744594
-54.142	4.456353069	0.34673307
-54.142	3.459024905	0.397206825
-54.142	5.442661882	0.263907031
-54.142	2.467224783	0.401517794
-54.142	5.971165721	0.201200886
-54.142	1.940243421	0.362631143
-54.142	4.684806279	0.330314485
-54.142	3.226999036	0.403306223
-54.142	4.301415215	0.35832059
-54.142	3.630883264	0.392458553
-54.142	4.644223047	0.332445075
-54.142	3.259443307	0.40187076
-54.142	5.252759252	0.284097853
-54.142	2.669324519	0.407337161
-54.142	4.303046356	0.357171676
-54.142	3.61831307	0.392000666
-54.142	5.522145729	0.256995066
-54.142	2.398258148	0.399787121
-54.142	4.937810832	0.309910497
-54.142	2.968054066	0.406757173
-54.142	4.295710729	0.358699252
-54.142	3.636876377	0.392246788
-54.142	6.102757573	0.177189996
-54.142	1.784968045	0.336365075
-54.142	4.529579765	0.343469761
-54.142	3.402779981	0.400427511
-54.142	4.214917844	0.361503808
-54.142	3.695871126	0.387931317
-54.142	4.382692237	0.351548335
-54.142	3.532540238	0.394677067
-54.142	5.655697873	0.239718182
-54.142	2.246877003	0.390294997
-54.142	5.698446564	0.235876813
-54.142	2.211849418	0.388650796
-54.142	6.579381918	0.063264768
-54.142	1.305386	0.144643191
-54.142	4.679316565	0.332478224
-54.142	3.249424941	0.404226198
-54.142	5.179687796	0.29143209
-54.142	2.747371012	0.408601055
-54.142	4.815080754	0.321736211
-54.142	3.109040359	0.406598117
-54.142	5.229204468	0.285856376
-54.142	2.689256083	0.407298791
-54.142	4.652415457	0.334049082
-54.142	3.272534592	0.403357447
-54.142	5.172319664	0.290133799
-54.142	2.738214472	0.407145751
-54.142	5.328141412	0.273887153
-54.142	2.569954466	0.403460472
-54.142	4.951877458	0.309763948
-54.142	2.96308601	0.407556868
-54.142	4.66023034	0.331450926
-54.142	3.24512213	0.402349707
-54.142	6.130328965	0.175881643
-54.142	1.773084925	0.335792643
-54.142	6.205646283	0.163158811
-54.142	1.6971942	0.320160874
-54.142	5.229697029	0.285425588
-54.142	2.685589539	0.406986585
-54.142	5.555016374	0.252395231
-54.142	2.357570595	0.397291641
-54.142	6.598056818	0.053564777
-54.142	1.28583516	0.123488716
-54.142	4.060640363	0.369992834
-54.142	3.847015984	0.380888201
-54.142	4.529025007	0.342728917
-54.142	3.395554639	0.399982833
-54.142	5.421935017	0.264682723
-54.142	2.477672174	0.400991983
-54.142	6.37900474	0.123160805
-54.142	1.501414426	0.259767101
-54.142	6.517658986	0.085969446
-54.142	1.364971373	0.191641624
-54.142	5.868390544	0.212667328
-54.142	2.028378883	0.371549481
-54.142	5.446799227	0.265245779
-54.142	2.476522294	0.402971948
-54.142	4.399315714	0.351333543
-54.142	3.524711901	0.395714207
-54.142	4.980557052	0.307147421
-54.142	2.93235048	0.40758414
-54.142	5.110480971	0.296692282
-54.142	2.808674688	0.408269221
-54.142	5.204399217	0.289016419
-54.142	2.721288605	0.408258903
-54.142	4.76688861	0.323365383
-54.142	3.137645551	0.404471977
-54.142	5.881931033	0.213047717
-54.142	2.028010361	0.37273375
-54.142	6.275657033	0.145373617
-54.142	1.605750533	0.294557176
-54.142	5.351154835	0.271513142
-54.142	2.54612131	0.402804478
-54.142	5.788104249	0.225069727
-54.142	2.122194281	0.381738398
-54.142	6.172427147	0.164940738
-54.142	1.711856556	0.32137568
-54.142	4.718072903	0.329618485
-54.142	3.210722406	0.405091589
-54.142	6.35041318	0.128425065
-54.142	1.525624905	0.268210395
-54.142	4.22381562	0.362684407
-54.142	3.705021368	0.389131591
-54.142	6.081523807	0.180510811
-54.142	1.806006877	0.34010952
-54.142	4.01881884	0.372441256
-54.142	3.890981929	0.378963823
-54.142	5.852852959	0.216109925
-54.142	2.052599638	0.374849624
-54.142	6.057059821	0.187361703
-54.142	1.846706902	0.34852484
-54.142	4.152732858	0.365961756
-54.142	3.766899875	0.385638751
-54.142	4.185550731	0.364337826
-54.142	3.736968443	0.387209212
-54.142	5.930263329	0.205911223
-54.142	1.97568417	0.366491317
-54.142	4.091563825	0.370741268
-54.142	3.842529213	0.383463218
-54.142	4.827730551	0.318401966
-54.142	3.074649015	0.405290972
-54.142	4.680740472	0.330680335
-54.142	3.231694652	0.403254795
-54.142	5.67544549	0.237529951
-54.142	2.2278092	0.389112644
-54.142	5.739769205	0.231814047
-54.142	2.176156297	0.386573252
-54.142	4.222882834	0.363298395
-54.142	3.71187775	0.389360611
-54.142	4.613072694	0.335611392
-54.142	3.299483048	0.401634611
-54.142	4.251479399	0.35890215
-54.142	3.655001526	0.389240332
-54.142	4.244624522	0.360249518
-54.142	3.671641154	0.389419429
-54.142	6.379340775	0.12846999
-54.142	1.520352469	0.269430495
-54.142	4.828192897	0.318481524
-54.142	3.075256043	0.405372382
-54.142	5.251626364	0.282560006
-54.142	2.657014985	0.406028148
-54.142	4.612174014	0.335024891
-54.142	3.294044486	0.40123527
-54.142	5.997248728	0.195779994
-54.142	1.904387422	0.356891878
-54.142	4.150790032	0.364928635
-54.142	3.756640103	0.38501205
-54.142	5.397989492	0.267966487
-54.142	2.508125807	0.402501758
-54.142	5.05511532	0.301107253
-54.142	2.860426329	0.408028015
-54.142	5.620423554	0.244178119
-54.142	2.285192169	0.392885519
-54.142	5.354988981	0.272312439
-54.142	2.551515339	0.403724847
-54.142	4.984148309	0.307229477
-54.142	2.932161945	0.407869607
-54.142	6.203716458	0.162937299
-54.142	1.696530015	0.319727575
-54.142	6.387074568	0.120640571
-54.142	1.491165105	0.255430698
-54.142	4.30929076	0.357060564
-54.142	3.614939697	0.392381743
-54.142	4.955185749	0.308032488
-54.142	2.946757315	0.406579596
-54.142	6.064738756	0.184258447
-54.142	1.828755848	0.344585481
-54.142	5.015017814	0.304354523
-54.142	2.898892257	0.407815221
-54.142	6.082642011	0.182827523
-54.142	1.817803716	0.343455936
-54.142	4.324503092	0.355513969
-54.142	3.593507976	0.392666295
-54.142	4.190309727	0.3634961
-54.142	3.726218988	0.387145754
-54.142	5.634080915	0.241154919
-54.142	2.261286409	0.390561913
-54.142	5.287152786	0.280966141
-54.142	2.635886192	0.406895325
-54.142	5.530819251	0.255656436
-54.142	2.386536285	0.3990224
-54.142	5.13327057	0.295628257
-54.142	2.794054286	0.408898134
-54.142	6.189587984	0.161500552
-54.142	1.692578828	0.316838888
-54.142	6.109875064	0.174775449
-54.142	1.771480753	0.333186194
-54.142	5.734876636	0.230656916
-54.142	2.169474916	0.385033737
-54.142	6.236895182	0.157812796
-54.142	1.666806645	0.313179648
-54.142	4.139411937	0.36730955
-54.142	3.786523798	0.385317701
-54.142	4.593229611	0.335918859
-54.142	3.30850642	0.400480586
-54.142	4.423566353	0.349939877
-54.142	3.502359329	0.396657397
-54.142	5.314825241	0.278015139
-54.142	2.605796186	0.406136813
-54.142	4.111462021	0.36692058
-54.142	3.793399385	0.383131766
-54.142	5.844745602	0.215875098
-54.142	2.052764498	0.374133577
-54.142	5.37893645	0.269104972
-54.142	2.521161466	0.402368527
-54.142	4.55825164	0.340559526
-54.142	3.364870712	0.400757044
-54.142	4.86033728	0.316133207
-54.142	3.044957372	0.405930447
-54.142	5.804035955	0.220560948
-54.142	2.09020413	0.377437717
-54.142	5.923702122	0.206321673
-54.142	1.979394973	0.366661617
-54.142	6.056824383	0.184381646
-54.142	1.830936269	0.344365667
-54.142	5.56628217	0.249776752
-54.142	2.336290783	0.395382916
-54.142	5.51804379	0.255912417
-54.142	2.391147379	0.398521698
-54.142	4.519233778	0.341187803
-54.142	3.383325284	0.398465813
-54.142	4.911515283	0.313326355
-54.142	3.005751405	0.407375151
-54.142	6.242513492	0.156995042
-54.142	1.662074264	0.312128693
-54.142	5.732129715	0.230965122
-54.142	2.172074544	0.385219281
-54.142	6.458047246	0.099628534
-54.142	1.41210975	0.217580061
-54.142	4.357454115	0.354605025
-54.142	3.572633525	0.39449844
-54.142	5.049306763	0.301194281
-54.142	2.862628678	0.40772496
-54.142	5.481519275	0.259654656
-54.142	2.42674989	0.399902976
-54.142	4.762950142	0.324105428
-54.142	3.145696096	0.404675246
-54.142	4.361143419	0.353857205
-54.142	3.563639633	0.394373238
-54.142	6.023200083	0.191780672
-54.142	1.87719432	0.352862199
-54.142	5.499065213	0.255780551
-54.142	2.394261335	0.397289105
-54.142	5.232758295	0.282726227
-54.142	2.662764586	0.405009193
-54.142	5.303910631	0.277469423
-54.142	2.603905948	0.405020934
-54.142	6.086819687	0.180135561
-54.142	1.803053634	0.339832651
-54.142	4.782338207	0.324245026
-54.142	3.141587564	0.406032933
-54.142	4.441720342	0.349186994
-54.142	3.488688571	0.397508678
-54.142	6.141547198	0.169593305
-54.142	1.739952985	0.327000979
-54.142	5.358822932	0.272958362
-54.142	2.555729213	0.404510687
-54.142	6.234827319	0.158496525
-54.142	1.670281714	0.314173106
-54.142	5.660632746	0.237390238
-54.142	2.229926919	0.38812996
-54.142	5.764529094	0.224363266
-54.142	2.122418224	0.379642405
-54.142	6.017047041	0.192329279
-54.142	1.881399558	0.35329072
-54.142	4.440220085	0.348015369
-54.142	3.477287228	0.396785317
-54.142	5.991007173	0.194927703
-54.142	1.900847118	0.35544182
-54.142	4.394301599	0.352051846
-54.142	3.533765088	0.395740521
-54.142	6.611220216	0.043296294
-54.142	1.269280548	0.100504002
-54.142	5.896783783	0.208968807
-54.142	2.000434527	0.368535388
-54.142	6.17986965	0.166066588
-54.142	1.71574625	0.323449834
-54.142	4.821065839	0.320329068
-54.142	3.094301429	0.406094181
-54.142	5.859692927	0.214028097
-54.142	2.038418813	0.372726387
-54.142	4.224724327	0.363053304
-54.142	3.708593018	0.389373258
-54.142	6.202086311	0.160412656
-54.142	1.685204839	0.315708094
-54.142	5.958124214	0.202782578
-54.142	1.951930832	0.363983369
-54.142	5.243306556	0.282802706
-54.142	2.660925585	0.405716147
-54.142	4.147866171	0.365220352
-54.142	3.760885535	0.384941192
-54.142	5.087247398	0.299454201
-54.142	2.838148268	0.40884746
-54.142	5.203632014	0.287617805
-54.142	2.709823468	0.407118073
-54.142	5.262390873	0.281416876
-54.142	2.645229455	0.405756138
-54.142	6.519799984	0.082314428
-54.142	1.355843695	0.184079563
-54.142	6.057377622	0.183019762
-54.142	1.823692707	0.342479642
-54.142	5.53793094	0.251549968
-54.142	2.355090496	0.395480246
-54.142	6.134639859	0.173521345
-54.142	1.760491414	0.332528682
-54.142	4.392995592	0.349771939
-54.142	3.510912257	0.394461946
-54.142	6.453902566	0.107402952
-54.142	1.435740458	0.232725497
-54.142	6.182298614	0.16274274
-54.142	1.699708777	0.31843737
-54.142	4.640939884	0.332558827
-54.142	3.261519136	0.401718705
-54.142	4.053528882	0.371294532
-54.142	3.864034233	0.380966449
-54.142	6.2463506	0.153479282
-54.142	1.645790793	0.306641386
-54.142	4.640865688	0.333088066
-54.142	3.266651937	0.402024792
-54.142	5.447745759	0.261125586
-54.142	2.445115524	0.399276941
-54.142	5.230781569	0.283257347
-54.142	2.667557557	0.405316786
-54.142	5.381877819	0.268358261
-54.142	2.514732226	0.401887014
-54.142	5.336274505	0.273368695
-54.142	2.564028966	0.403507193
-54.142	4.05967139	0.372053318
-54.142	3.869747641	0.381754724
-54.142	6.592346567	0.053682041
-54.142	1.287076548	0.123644418
-54.142	4.166803964	0.365139554
-54.142	3.752683586	0.386254898
-54.142	4.557222425	0.341065353
-54.142	3.370205093	0.400969704
-54.142	4.969727099	0.30882215
-54.142	2.950053752	0.408051099
-54.142	4.207374066	0.362712776
-54.142	3.711470435	0.387980962
-54.142	5.119358944	0.294665842
-54.142	2.789206896	0.407310297
-54.142	5.233223334	0.282632478
-54.142	2.661892349	0.404961859
-54.142	5.458904057	0.262703393
-54.142	2.45456372	0.401381705
-54.142	5.762293646	0.227089654
-54.142	2.1404978	0.382594544
-54.142	6.184168648	0.162617549
-54.142	1.698770929	0.318329198
-54.142	4.530507925	0.341454955
-54.142	3.382412681	0.39937887
-54.142	5.274074663	0.280048474
-54.142	2.631460989	0.405347317
-54.142	5.124282677	0.293521203
-54.142	2.778293813	0.40675437
-54.142	4.021700609	0.371934978
-54.142	3.884264777	0.378945343
-54.142	5.475277415	0.260601054
-54.142	2.435182468	0.400413782
-54.142	6.183730855	0.162794883
-54.142	1.699676519	0.318584398
-54.142	4.957393662	0.310008932
-54.142	2.963859318	0.408076495
-54.142	5.60624999	0.243579981
-54.142	2.283979589	0.39146732
-54.142	6.050123547	0.189537612
-54.142	1.859764727	0.351170224
-54.142	5.340674637	0.274509432
-54.142	2.572036801	0.404745459
-54.142	5.846142211	0.215250175
-54.142	2.048630146	0.373463475
-54.142	5.269277035	0.281257667
-54.142	2.642349375	0.406045857
-54.142	5.731435071	0.233133123
-54.142	2.186650394	0.387544761
-54.142	5.512148847	0.255112096
-54.142	2.386535415	0.397415894
-54.142	4.547860185	0.341529921
-54.142	3.377725737	0.400595272
-54.142	4.121150938	0.368780167
-54.142	3.809523191	0.384691436
-54.142	4.052206674	0.372955017
-54.142	3.882645188	0.381619914
-54.142	6.35380821	0.129150354
-54.142	1.527639378	0.269645466
-54.142	5.975752564	0.197306998
-54.142	1.917161289	0.357802185
-54.142	6.590359541	0.046363469
-54.142	1.277070781	0.107137889
-54.142	6.366735803	0.124081638
-54.142	1.506961821	0.260981639
-54.142	5.107060841	0.29717486
-54.142	2.813648719	0.408413114
-54.142	4.893308704	0.31456866
-54.142	3.021856303	0.407029265
-54.142	6.460256213	0.102308201
-54.142	1.419374962	0.222960695
-54.142	4.884580766	0.316541663
-54.142	3.042215834	0.407764856
-54.142	4.989914472	0.305276896
-54.142	2.91339492	0.406872902
-54.142	6.540405615	0.079550802
-54.142	1.345649934	0.17882433
-54.142	4.65899819	0.332937679
-54.142	3.2598224	0.403145319
-54.142	4.647036089	0.332631815
-54.142	3.260408184	0.40216833
-54.142	4.171546677	0.365668706
-54.142	3.756506247	0.386842979
-54.142	5.144519146	0.293471641
-54.142	2.772988784	0.407975575
-54.142	4.685297928	0.330786851
-54.142	3.231387922	0.403620736
-54.142	4.493788497	0.345080008
-54.142	3.430267585	0.398872634
-54.142	4.418761489	0.348518912
-54.142	3.489514037	0.395577664
-54.142	5.586944828	0.248156494
-54.142	2.320339704	0.394969533
-54.142	6.044603211	0.188608617
-54.142	1.855810249	0.349619198
-54.142	4.662933214	0.331774139
-54.142	3.247434546	0.40272108
-54.142	6.038161998	0.187244324
-54.142	1.849738284	0.347417433
-54.142	4.64780662	0.332248717
-54.142	3.256483925	0.40199398
-54.142	3.997858697	0.373741962
-54.142	3.914063653	0.378018347
-54.142	4.618780887	0.337268419
-54.142	3.313971395	0.402968516
-54.142	4.353460149	0.354918335
-54.142	3.577252633	0.394380236
-54.142	6.272334768	0.150630434
-54.142	1.628535548	0.303139419
-54.142	5.236136205	0.285251086
-54.142	2.682653389	0.407242275
-54.142	5.946918378	0.20133739
-54.142	1.945775637	0.36154725
-54.142	4.546489056	0.341375446
-54.142	3.376618155	0.400416734
-54.142	4.722456505	0.327402966
-54.142	3.188338493	0.404040781
-54.142	6.048179121	0.18918018
-54.142	1.858204715	0.350582968
-54.142	4.057853155	0.371429522
-54.142	3.863716361	0.381340865
-54.142	6.117056914	0.178114872
-54.142	1.786910434	0.33839974
-54.142	5.564634486	0.248774518
-54.142	2.329467776	0.394298467
-54.142	5.599970154	0.247181075
-54.142	2.310662807	0.394744676
-54.142	4.777433676	0.32212541
-54.142	3.123095344	0.404384591
-54.142	6.495669105	0.095122743
-54.142	1.392609937	0.209742019
-54.142	5.062814017	0.29933635
-54.142	2.8431495	0.407227681
-54.142	5.05015278	0.299431984
-54.142	2.847129076	0.406500984
-54.142	6.107387939	0.180040605
-54.142	1.798611118	0.340702952
-54.142	4.935564056	0.310138191
-54.142	2.970682218	0.406768492
-54.142	5.500670462	0.256487949
-54.142	2.399119437	0.398053714
-54.142	4.956336013	0.310397266
-54.142	2.967621156	0.408273471
-54.142	4.589035153	0.336576731
-54.142	3.316209343	0.400576716
-54.142	5.194254377	0.287692148
-54.142	2.712652972	0.406598874
-54.142	5.282058421	0.281547948
-54.142	2.641773274	0.407060796
-54.142	4.766057812	0.324900772
-54.142	3.152308071	0.405372944
-54.142	4.766431758	0.3254775
-54.142	3.157645924	0.405754051
-54.142	6.129946567	0.17348904
-54.142	1.761231404	0.332256102
-54.142	4.050099253	0.370990438
-54.142	3.862155942	0.380579817
-54.142	6.305845472	0.142863859
-54.142	1.589748783	0.291610234
-54.142	6.641213766	0.019913741
-54.142	1.242746546	0.046779947
-54.142	5.750501256	0.22688047
-54.142	2.141534695	0.381709499
-54.142	5.656172691	0.237602728
-54.142	2.232301278	0.388102584
-54.142	5.729379245	0.230194206
-54.142	2.16754072	0.384219596
-54.142	5.005942723	0.306804571
-54.142	2.922852818	0.408958879
-54.142	5.41690526	0.266602717
-54.142	2.493455316	0.402415584
-54.142	4.973858019	0.308045775
-54.142	2.942062403	0.407779597
-54.142	5.14688531	0.293105192
-54.142	2.769315897	0.407844808
-54.142	6.172465557	0.169189977
-54.142	1.732092985	0.327853451
-54.142	5.456948262	0.26311582
-54.142	2.458110023	0.401642569
-54.142	4.916720327	0.312067967
-54.142	2.992989655	0.406866289
-54.142	6.18876149	0.164829112
-54.142	1.708214366	0.321963136
-54.142	5.896543681	0.211001767
-54.142	2.012700125	0.371022565
-54.142	6.524832431	0.090431499
-54.142	1.374817062	0.201068792
-54.142	4.672320413	0.332529967
-54.142	3.251968	0.403791806
-54.142	6.416915228	0.112162699
-54.142	1.457518907	0.24059466
-54.142	5.953309107	0.202664374
-54.142	1.95218646	0.363581295
-54.142	6.556956921	0.070723035
-54.142	1.323740411	0.160379765
-54.142	5.872351582	0.214579825
-54.142	2.039290138	0.374068116
-54.142	4.615475842	0.334857222
-54.142	3.291416813	0.401359278
-54.142	6.548410855	0.076942738
-54.142	1.338365748	0.173502799
-54.142	5.051914516	0.300533546
-54.142	2.856233689	0.407411853
-54.142	5.827466021	0.219926417
-54.142	2.081499678	0.377973232
-54.142	5.557378185	0.249313437
-54.142	2.33486326	0.39441253
-54.142	5.517598661	0.254253625
-54.142	2.379083499	0.396912157
-54.142	5.199946763	0.28905206
-54.142	2.7226318	0.408012322
-54.142	5.663156184	0.23799553
-54.142	2.233527375	0.388910722
-54.142	4.585752167	0.337322379
-54.142	3.324509767	0.400782474
-54.142	4.788724046	0.322952078
-54.142	3.127675588	0.405643114
-54.142	6.326174069	0.140338904
-54.142	1.575743372	0.288154728
-54.142	4.120693223	0.368641432
-54.142	3.808209069	0.38459449
-54.142	4.303112848	0.356567685
-54.142	3.612006613	0.391702889
-54.142	4.591685622	0.338450267
-54.142	3.33377481	0.401822802
-54.142	6.042128932	0.187768458
-54.142	1.851773617	0.348339152
-54.142	6.033290318	0.188529833
-54.142	1.85757923	0.348943089
-54.142	6.345258692	0.135792293
-54.142	1.554283305	0.281063123
-54.142	4.711344545	0.327351721
-54.142	3.191046444	0.403275745
-54.142	4.720714875	0.32860729
-54.142	3.200300569	0.404656665
-54.142	4.750925091	0.327361098
-54.142	3.179854481	0.405890868
-54.142	5.588601606	0.249803567
-54.142	2.331779121	0.3966957
-54.142	5.766708405	0.228680097
-54.142	2.149999367	0.384613295
-54.142	4.331510261	0.353737198
-54.142	3.572697917	0.392251615
-54.142	6.575948061	0.069289002
-54.142	1.317358386	0.157728579
-54.142	4.040209912	0.371593006
-54.142	3.872795643	0.380135897
-54.142	4.524063323	0.343191046
-54.142	3.401728886	0.399900426
-54.142	5.070336986	0.299884327
-54.142	2.846032395	0.408099474
-54.142	4.785712199	0.321845736
-54.142	3.118175133	0.40474989
-54.142	5.174102983	0.288544097
-54.142	2.724519914	0.406021912
-54.142	4.473809244	0.346579795
-54.142	3.451799456	0.398318586
-54.142	3.986423286	0.374760913
-54.142	3.930114699	0.377635536
-54.142	5.670358892	0.236141324
-54.142	2.219432549	0.387354174
-54.142	3.998794691	0.373274807
-54.142	3.908567512	0.377877995
-54.142	6.178413212	0.163755655
-54.142	1.705162322	0.319826797
-54.142	4.844365246	0.316916819
-54.142	3.056458473	0.40540773
-54.142	4.226111216	0.361946479
-54.142	3.696363473	0.3889378
-54.142	4.509432283	0.341814283
-54.142	3.392655788	0.398147777
-54.142	5.738961107	0.229581052
-54.142	2.161545106	0.38407544
-54.142	5.00330695	0.304168659
-54.142	2.900222645	0.406941769
-54.142	6.229303224	0.15985405
-54.142	1.677489789	0.316070858
-54.142	4.721029648	0.328400934
-54.142	3.1982425	0.404552609
-54.142	4.260311319	0.358969215
-54.142	3.652470595	0.389895235
-54.142	6.311105269	0.14178786
-54.142	1.584397088	0.290001497
-54.142	4.28624634	0.357296109
-54.142	3.625616061	0.390886313
-54.142	4.175756489	0.365639515
-54.142	3.754581499	0.387129094
-54.142	4.887106964	0.3137545
-54.142	3.016100469	0.406089142
-54.142	4.990038562	0.305452784
-54.142	2.914915712	0.407004248
-54.142	4.098205224	0.367561399
-54.142	3.805573585	0.382477292
-54.142	4.654667917	0.332704413
-54.142	3.258846586	0.402719738
-54.142	4.645876569	0.332196078
-54.142	3.256550715	0.401834229
-54.142	4.874747324	0.315768331
-54.142	3.037750463	0.406622861
-54.142	4.799118356	0.321572096
-54.142	3.11190269	0.405452997
-54.142	5.380628114	0.271199504
-54.142	2.537078652	0.404298627
-54.142	6.252618193	0.151949817
-54.142	1.637949546	0.304431766
-54.142	6.603153898	0.05793878
-54.142	1.291810309	0.1333585
-54.142	6.159143247	0.170880671
-54.142	1.742834078	0.329766901
-54.142	4.023389473	0.372267763
-54.142	3.887168283	0.37921834
-54.142	5.164633014	0.291719811
-54.142	2.753369424	0.407889784
-54.142	5.9937413	0.195393242
-54.142	1.902908907	0.356199726
-54.142	5.287146617	0.279401899
-54.142	2.62324533	0.405609167
-54.142	6.351249523	0.127495246
-54.142	1.522086145	0.266570911
-54.142	5.889538781	0.209094012
-54.142	2.002619929	0.36830603
-54.142	4.437446629	0.346921384
-54.142	3.46714566	0.396011487
-54.142	4.57442552	0.340198654
-54.142	3.356310614	0.401646214
-54.142	5.465676839	0.262637949
-54.142	2.452599295	0.401721229
-54.142	4.940902293	0.310303416
-54.142	2.970774281	0.407222699
-54.142	5.941727744	0.204307601
-54.142	1.964022158	0.365068335
-54.142	4.210111117	0.361913293
-54.142	3.701993119	0.387789204
-54.142	6.114240119	0.176105148
-54.142	1.777291621	0.335342324
-54.142	4.742904006	0.326295154
-54.142	3.172007331	0.404711077
-54.142	5.129035515	0.292626765
-54.142	2.769577214	0.406371943
-54.142	4.978873355	0.309032226
-54.142	2.94959316	0.408778258
-54.142	5.636437068	0.240686288
-54.142	2.257556351	0.390210383
-54.142	6.326521625	0.139881644
-54.142	1.573852943	0.287383211
-54.142	5.46190709	0.263270246
-54.142	2.458204011	0.402075821
-54.142	5.466567198	0.26187624
-54.142	2.446655759	0.40107602
-54.142	5.564082616	0.249255783
-54.142	2.333024844	0.394742387
-54.142	5.910588862	0.209443132
-54.142	2.000549802	0.369852507
-54.142	4.241513513	0.360704748
-54.142	3.677572667	0.389422411
-54.142	6.397324925	0.117333318
-54.142	1.478055968	0.249656215
-54.142	5.683446377	0.236842726
-54.142	2.221482846	0.388835592
-54.142	5.512848316	0.255144125
-54.142	2.386619742	0.397487222
-54.142	4.954818254	0.30923146
-54.142	2.95755553	0.407380529
-54.142	4.755433428	0.327086035
-54.142	3.175971557	0.406019418
-54.142	5.522859192	0.255601533
-54.142	2.387830833	0.398506546
-54.142	6.020530401	0.194313644
-54.142	1.891692134	0.356130492
-54.142	6.222106105	0.160184692
-54.142	1.680360065	0.316263957
-54.142	4.437649693	0.347838186
-54.142	3.476341736	0.39651466
-54.142	5.570174751	0.2481144
-54.142	2.323584693	0.393962983
-54.142	4.793734611	0.322809742
-54.142	3.124953828	0.40588138
-54.142	5.878642653	0.211241437
-54.142	2.017693036	0.370362666
-54.142	4.534200665	0.343192377
-54.142	3.398558078	0.400588549
-54.142	4.342858236	0.35452615
-54.142	3.576870249	0.39344392
-54.142	4.951676952	0.308527072
-54.142	2.9520755	0.406696286
-54.142	4.261592846	0.359045493
-54.142	3.652801376	0.390023038
-54.142	5.168688769	0.291038248
-54.142	2.74666723	0.407618138
-54.142	4.93448958	0.311194683
-54.142	2.980460878	0.407416838
-54.142	6.039789363	0.189575011
-54.142	1.861962612	0.35070149
-54.142	6.37411071	0.126254599
-54.142	1.513303793	0.265220857
-54.142	4.084517598	0.370372244
-54.142	3.841374626	0.382786828
-54.142	5.827401942	0.22101338
-54.142	2.088382073	0.379233841
-54.142	5.264003198	0.280121282
-54.142	2.634374163	0.404794139
-54.142	4.662489579	0.333848912
-54.142	3.267623716	0.40391171
-54.142	4.206771702	0.362164327
-54.142	3.705899147	0.387673859
-54.142	4.492466678	0.34567235
-54.142	3.436647575	0.399103098
-54.142	4.21055176	0.362893187
-54.142	3.712186931	0.388292957
-54.142	6.434367411	0.107318608
-54.142	1.439143924	0.231889548
-54.142	5.903551548	0.210076384
-54.142	2.005739165	0.370259579
-54.142	4.698800057	0.328362694
-54.142	3.204284015	0.403059836
-54.142	4.787213665	0.323060194
-54.142	3.129107719	0.405612114
-54.142	4.338893023	0.354347956
-54.142	3.576411199	0.393077311
-54.142	4.216330771	0.361415754
-54.142	3.694413982	0.387988629
-54.142	5.642933297	0.241154162
-54.142	2.259435736	0.391063727
-54.142	4.94493234	0.311431533
-54.142	2.979883642	0.408245692
-54.142	5.040567517	0.300866224
-54.142	2.861957974	0.406937426
-54.142	5.631043708	0.243855611
-54.142	2.280717964	0.393162692
-54.142	4.330884801	0.356063064
-54.142	3.596966045	0.393388187
-54.142	4.492435583	0.345819627
-54.142	3.438140639	0.399180486
-54.142	4.706693617	0.330427312
-54.142	3.221742739	0.40482383
-54.142	6.645836513	0.022166404
-54.142	1.24323284	0.052083756
-54.142	6.377324267	0.121664135
-54.142	1.496525549	0.256952429
-54.142	5.946212765	0.199860082
-54.142	1.937448951	0.359604858
-54.142	5.334828321	0.272989198
-54.142	2.561372465	0.403095021
-54.142	5.405553814	0.266475524
-54.142	2.494986036	0.40162744
-54.142	4.054533899	0.37189916
-54.142	3.870185159	0.381313045
-54.142	4.206403617	0.363757924
-54.142	3.722916974	0.388413392
-54.142	5.417096698	0.268341335
-54.142	2.506808866	0.403970685
-54.142	6.176159648	0.169369583
-54.142	1.732259089	0.32829902
-54.142	4.549182307	0.341382133
-54.142	3.375845988	0.400602587
-54.142	5.683801202	0.237297615
-54.142	2.224504296	0.389337557
-54.142	4.97907608	0.305793431
-54.142	2.92073195	0.406546045
-54.142	6.33331583	0.13617145
-54.142	1.557994208	0.281236042
-54.142	6.649230786	0.013863684
-54.142	1.238360283	0.03264095
-54.142	4.525081654	0.342124452
-54.142	3.390775394	0.399381875
-54.142	5.749425977	0.226200819
-54.142	2.137346043	0.380887409
-54.142	4.694015598	0.329371429
-54.142	3.215293639	0.403351458
-54.142	4.875777187	0.316397604
-54.142	3.043237874	0.407102048
-54.142	5.373320053	0.272165348
-54.142	2.546265809	0.404697273
-54.142	4.542464206	0.339951833
-54.142	3.363777704	0.399349814
-54.142	6.500358214	0.095413778
-54.142	1.392524182	0.210477043
-54.142	4.913962517	0.312046913
-54.142	2.993525066	0.406675003
-54.142	6.35839345	0.130020096
-54.142	1.529981488	0.271383933
-54.142	6.558107721	0.072931375
-54.142	1.328027495	0.165166814
-54.142	5.135017252	0.293140705
-54.142	2.772473344	0.407134206
-54.142	6.340763033	0.132796567
-54.142	1.543678279	0.275612968
-54.142	5.743754783	0.228702343
-54.142	2.154797858	0.383368172
-54.142	6.50538951	0.093509071
-54.142	1.386474818	0.206770691
-54.142	4.977581113	0.306810195
-54.142	2.930118509	0.407160369
-54.142	3.984394054	0.37541304
-54.142	3.938139915	0.377775329
-54.142	5.670234143	0.236078563
-54.142	2.219033832	0.387280391
-54.142	5.653394945	0.239963392
-54.142	2.249042288	0.390420301
-54.142	4.014422735	0.374467289
-54.142	3.914953084	0.379549352
-54.142	4.599343369	0.338667701
-54.142	3.333591275	0.402460478
-54.142	5.51164361	0.255805408
-54.142	2.391733119	0.398046773
-54.142	4.915935218	0.311890616
-54.142	2.991594876	0.406696502
-54.142	6.114639654	0.17781377
-54.142	1.785843409	0.337846265
-54.142	4.446412517	0.346269669
-54.142	3.457618297	0.396276992
-54.142	5.262149419	0.282835544
-54.142	2.656829878	0.406893478
-54.142	6.648124244	0.018551638
-54.142	1.240720842	0.043637667
-54.142	5.510539667	0.256599144
-54.142	2.397815984	0.39873532
-54.142	3.994548996	0.375210768
-54.142	3.931557745	0.378428562
-54.142	5.767824696	0.228662899
-54.142	2.149661453	0.384655868
-54.142	5.060560504	0.302025166
-54.142	2.867085848	0.40903142
-54.142	3.9672982	0.37678517
-54.142	3.960642555	0.377125214
-54.142	5.66759997	0.237896607
-54.142	2.231931414	0.389057236
-54.142	5.052591441	0.301035065
-54.142	2.860425184	0.407816997
-54.142	5.807409286	0.222065929
-54.142	2.099065261	0.37936171
-54.142	5.62935507	0.242275533
-54.142	2.270043977	0.391448748
-54.142	5.910501668	0.207536495
-54.142	1.989189069	0.367484036
-54.142	6.380893941	0.120853569
-54.142	1.493060378	0.255591804
-54.142	4.695291291	0.330501852
-54.142	3.225749312	0.404113337
-54.142	5.586553548	0.246031639
-54.142	2.305350207	0.392822447
-54.142	6.189059913	0.162655815
-54.142	1.698013544	0.318614184
-54.142	4.936315474	0.310981223
-54.142	2.978062714	0.407389264
-54.142	5.136186776	0.291982345
-54.142	2.762411392	0.406325614
-54.142	5.729557306	0.231826891
-54.142	2.178317732	0.386018916
-54.142	5.461279767	0.260453476
-54.142	2.437118785	0.399454058
-54.142	6.656417262	0.010122706
-54.142	1.235755362	0.023870059
-54.142	6.055207111	0.183989908
-54.142	1.829191627	0.343736297
-54.142	5.873884991	0.212327302
-54.142	2.025218563	0.371430686
-54.142	6.103763243	0.179566022
-54.142	1.796869033	0.339844624
-54.142	6.054560946	0.183389083
-54.142	1.826169529	0.342860281
-54.142	5.694272952	0.236649716
-54.142	2.217946508	0.389239447
-54.142	6.487463096	0.097147112
-54.142	1.399669262	0.213564472
-54.142	4.720687568	0.327804192
-54.142	3.192658408	0.404168112
-54.142	6.286330869	0.146316371
-54.142	1.607645276	0.296595036
-54.142	6.14338409	0.173961807
-54.142	1.761003841	0.333598536
-54.142	6.641488421	0.01690386
-54.142	1.241124349	0.039733081
-54.142	5.24252676	0.28530286
-54.142	2.681597082	0.407674934
-54.142	4.808100886	0.320538625
-54.142	3.099807954	0.405383039
-54.142	5.958644515	0.199838755
-54.142	1.934880651	0.360221376
-54.142	3.964055417	0.376328366
-54.142	3.957024872	0.376687402
-54.142	5.974403208	0.200185182
-54.142	1.933779511	0.361486315
-54.142	5.003921845	0.304825017
-54.142	2.905843951	0.407444086
-54.142	6.532347523	0.087908123
-54.142	1.367026591	0.196085855
-54.142	4.762591271	0.32334542
-54.142	3.138667715	0.404177623
-54.142	4.904035787	0.314814336
-54.142	3.021261652	0.40788275
-54.142	4.865122249	0.31834173
-54.142	3.0639762	0.407677747
-54.142	6.351835304	0.131643716
-54.142	1.537257704	0.274015615
-54.142	4.981467482	0.307051982
-54.142	2.931269606	0.40757579
-54.142	4.319993699	0.356932775
-54.142	3.60983076	0.393065335
-54.142	6.616922666	0.041464601
-54.142	1.266018094	0.096409374
-54.142	5.013829718	0.3060784
-54.142	2.91442005	0.408952176
-54.142	5.446955869	0.264737791
-54.142	2.472610304	0.402523281
-54.142	6.157265347	0.172160693
-54.142	1.749459063	0.331590167
-54.142	6.3078258	0.142514172
-54.142	1.587954845	0.291099915
-54.142	4.977597244	0.30805771
-54.142	2.941211142	0.408026012
-54.142	5.117360088	0.297142079
-54.142	2.810869338	0.409032144
-54.142	6.598242251	0.055871678
-54.142	1.28938233	0.128652365
-54.142	6.038726348	0.188235386
-54.142	1.854940072	0.348811398
-54.142	4.976095525	0.307179428
-54.142	2.933777907	0.407322359
-54.142	5.606259884	0.24683732
-54.142	2.306905824	0.39476106
-54.142	6.549067596	0.070978192
-54.142	1.325725977	0.16073948
-54.142	5.310755561	0.275205704
-54.142	2.584329556	0.403531817
-54.142	5.183670919	0.289800101
-54.142	2.73272539	0.407589093
-54.142	4.14782372	0.367151752
-54.142	3.781548471	0.385845805
-54.142	5.475960025	0.258416777
-54.142	2.418738298	0.398422309
-54.142	4.44812844	0.346609795
-54.142	3.460479457	0.39657725
-54.142	4.154935177	0.365780959
-54.142	3.764113947	0.385710909
-54.142	5.135692453	0.292781843
-54.142	2.769275581	0.406903793
-54.142	5.494900488	0.257485769
-54.142	2.407733782	0.398658248
-54.142	6.200286192	0.158860655
-54.142	1.678492785	0.313181842
-54.142	6.591652486	0.062235241
-54.142	1.301272824	0.142641908
-54.142	4.962116011	0.307428745
-54.142	2.939592782	0.406604399
-54.142	4.599333275	0.336557389
-54.142	3.312879713	0.401257405
-54.142	5.067132088	0.297965037
-54.142	2.830252157	0.406494765
-54.142	4.430746414	0.348762004
-54.142	3.487991794	0.396530552
-54.142	3.992740114	0.375936759
-54.142	3.940310415	0.378616278
-54.142	4.34815171	0.355382169
-54.142	3.58389293	0.394246362
-54.142	5.829731854	0.217004472
-54.142	2.062766809	0.374664246
-54.142	6.104884731	0.176441513
-54.142	1.780783956	0.335380198
-54.142	6.104110009	0.179422137
-54.142	1.796065081	0.339654784
-54.142	5.430005073	0.265501159
-54.142	2.482140797	0.402206925
-54.142	4.525218363	0.343691687
-54.142	3.406370979	0.400253251
-54.142	6.145647451	0.169086617
-54.142	1.736720223	0.326431929
-54.142	5.044976994	0.300200968
-54.142	2.855079871	0.406733946
-54.142	5.721018125	0.232653367
-54.142	2.185565191	0.386443004
-54.142	4.617166687	0.336599662
-54.142	3.307902224	0.402477553
-54.142	6.461824974	0.105977208
-54.142	1.429937748	0.230218485
-54.142	4.918538475	0.31297867
-54.142	3.00075356	0.407594049
-54.142	4.504124983	0.343242288
-54.142	3.408563026	0.398574013
-54.142	4.312127967	0.354996177
-54.142	3.592519821	0.391540518
-54.142	5.950126255	0.202799494
-54.142	1.953593379	0.363588041
-54.142	4.326678648	0.356376583
-54.142	3.601696334	0.393252704
-54.142	4.303405542	0.35614585
-54.142	3.607522873	0.391511439
-54.142	4.304647533	0.357725969
-54.142	3.623522877	0.39238917
-54.142	4.565122034	0.338217926
-54.142	3.339646687	0.399902531
-54.142	5.250061472	0.283156882
-54.142	2.662246856	0.406415003
-54.142	5.631601933	0.244737017
-54.142	2.286788974	0.3940913
-54.142	6.442369131	0.114058787
-54.142	1.45885162	0.245118167
-54.142	4.045195228	0.370963822
-54.142	3.863901391	0.380212158
-54.142	6.017221373	0.190288618
-54.142	1.870216575	0.35053697
-54.142	6.545082023	0.073813589
-54.142	1.332292745	0.166735093
-54.142	5.683843939	0.238645475
-54.142	2.233704824	0.390761619
-54.142	4.923778739	0.313139203
-54.142	3.000838444	0.408037877
-54.142	4.929895395	0.310465779
-54.142	2.975104214	0.406628206
-54.142	4.096250946	0.370395316
-54.142	3.83689599	0.383643079
-54.142	6.161314735	0.169244858
-54.142	1.734482648	0.327410177
-54.142	6.490030381	0.097276502
-54.142	1.399547766	0.213905999
-54.142	5.284039091	0.281547077
-54.142	2.641313608	0.407180585
-54.142	6.502488989	0.086795611
-54.142	1.369833717	0.192916626
-54.142	5.412782388	0.265161668
-54.142	2.483342124	0.400880258
-54.142	4.182799758	0.364261909
-54.142	3.737209637	0.386977408
-54.142	5.355390369	0.273105684
-54.142	2.557656723	0.404431044
-54.142	4.094550172	0.369716874
-54.142	3.830239987	0.383210025
-54.142	4.931812599	0.31056085
-54.142	2.975456807	0.40681564
-54.142	4.5774022	0.339391132
-54.142	3.34741396	0.401393193
-54.142	5.580723746	0.246920368
-54.142	2.312868205	0.393379158
-54.142	6.455080264	0.105641494
-54.142	1.430188158	0.229333194
-54.142	6.326013668	0.13726062
-54.142	1.563606954	0.28283148
-54.142	5.565798062	0.250516423
-54.142	2.341708611	0.396081907
-54.142	4.673188634	0.332464965
-54.142	3.251085963	0.403811208
-54.142	6.259271262	0.152978803
-54.142	1.641161669	0.306402327
-54.142	4.420255484	0.349354231
-54.142	3.497497613	0.396121659
-54.142	5.38497499	0.267832821
-54.142	2.50998963	0.401607703
-54.142	4.530667039	0.341375737
-54.142	3.381576425	0.399345659
-54.142	4.559613009	0.338813151
-54.142	3.34720611	0.399867771
-54.142	5.185666927	0.289568888
-54.142	2.730318752	0.407533119
-54.142	4.17222035	0.365392032
-54.142	3.753293969	0.386760346
-54.142	5.135303035	0.294082697
-54.142	2.780391916	0.407864316
-54.142	4.267453281	0.359318938
-54.142	3.653533324	0.390569961
-54.142	6.137645641	0.175037099
-54.142	1.76745637	0.334906915
-54.142	5.739430368	0.228573391
-54.142	2.15483516	0.382985565
-54.142	4.167823728	0.366175264
-54.142	3.763351388	0.386816174
-54.142	6.419025179	0.114798194
-54.142	1.46561878	0.245677329
-54.142	5.72847092	0.230749496
-54.142	2.171394171	0.384779327
-54.142	4.032105834	0.37386477
-54.142	3.900928013	0.380568045
-54.142	5.389758128	0.267156462
-54.142	2.503720558	0.401293351
-54.142	6.140036955	0.175348264
-54.142	1.768557105	0.335478971
-54.142	4.3242119	0.354898969
-54.142	3.587246254	0.392334592
-54.142	5.029674301	0.30360655
-54.142	2.888629455	0.408212466
-54.142	5.565498923	0.25249448
-54.142	2.356075923	0.397994706
-54.142	6.421947527	0.118290409
-54.142	1.476646502	0.252358285
-54.142	4.986407395	0.308020525
-54.142	2.938631099	0.408561106
-54.142	4.587549997	0.338150009
-54.142	3.332082211	0.401374434
-54.142	5.824720831	0.219186509
-54.142	2.077394806	0.376960063
-54.142	5.471949002	0.25950968
-54.142	2.427743081	0.399206225
-54.142	6.642055799	0.016153579
-54.142	1.240667267	0.03797754
-54.142	6.37532083	0.12534374
-54.142	1.509817912	0.263612943
-54.142	5.032093721	0.301221466
-54.142	2.867173553	0.406659075
-54.142	5.883553539	0.211842097
-54.142	2.02035502	0.371356659
-54.142	5.358182461	0.27201867
-54.142	2.548496497	0.403663102
-54.142	5.313848797	0.274830453
-54.142	2.580653761	0.403400761
-54.142	5.246997695	0.281297917
-54.142	2.647837	0.40472011
-54.142	6.166737455	0.16609408
-54.142	1.71838499	0.322878824
-54.142	5.515216623	0.257038194
-54.142	2.400056944	0.399423516
-54.142	6.491850272	0.09625348
-54.142	1.396395888	0.211905018
-54.142	5.631137527	0.241087998
-54.142	2.261439	0.390325509
-54.142	5.675668538	0.238813008
-54.142	2.236533731	0.39047639
-54.142	4.469402113	0.34664701
-54.142	3.453905641	0.398053466
-54.142	5.309205944	0.278085817
-54.142	2.607637089	0.405855576
-54.142	4.536389716	0.340029553
-54.142	3.366451119	0.398982254
-54.142	5.434233781	0.265094425
-54.142	2.47810808	0.402091757
-54.142	6.478789392	0.095540628
-54.142	1.396896613	0.210057992
-54.142	4.199862924	0.362571592
-54.142	3.712808918	0.387380257
-54.142	5.523397997	0.25464454
-54.142	2.380696971	0.397624202
-54.142	4.967300914	0.309140052
-54.142	2.953520681	0.408114618
-54.142	4.302229629	0.357193921
-54.142	3.618835261	0.391954646
-54.142	6.622234357	0.037598849
-54.142	1.260696263	0.087624136
-54.142	4.835902591	0.317792527
-54.142	3.066805351	0.405427716
-54.142	5.670662014	0.237460907
-54.142	2.228327568	0.388770117
-54.142	4.166173586	0.3649637
-54.142	3.75105288	0.386126669
-54.142	4.550381445	0.339753894
-54.142	3.359349646	0.399774112
-54.142	4.499996562	0.343891957
-54.142	3.41637255	0.398648795
-54.142	4.031945008	0.37241919
-54.142	3.885223821	0.37990864
-54.142	4.889748326	0.31441957
-54.142	3.021443661	0.40670102
-54.142	6.452362433	0.109348517
-54.142	1.442022414	0.236442252
-54.142	6.139185023	0.174768232
-54.142	1.765819823	0.334585639
-54.142	5.488228648	0.259988001
-54.142	2.427793488	0.40060642
-54.142	4.351934993	0.353982809
-54.142	3.568112354	0.393798016
-54.142	4.606288062	0.337675123
-54.142	3.321724709	0.402363049
-54.142	4.456526706	0.347936789
-54.142	3.471140443	0.397861498
-54.142	5.811862333	0.22075089
-54.142	2.089829613	0.378084039
-54.142	4.990668866	0.304837151
-54.142	2.909325518	0.40661158
-54.142	4.503993619	0.343100955
-54.142	3.407194823	0.398487499
-54.142	5.021595877	0.304562237
-54.142	2.899065526	0.408378387
-54.142	4.884761994	0.314977353
-54.142	3.0278533	0.406748428
-54.142	4.565827719	0.339617476
-54.142	3.353210475	0.400740386
-54.142	5.922427152	0.205100234
-54.142	1.972459563	0.365058825
-54.142	4.346382061	0.352699226
-54.142	3.556833266	0.392754012
-54.142	4.368681435	0.351678564
-54.142	3.538664225	0.393774508
-54.142	4.035736679	0.371192269
-54.142	3.870317187	0.379629472
-54.142	5.028073542	0.304175161
-54.142	2.894030595	0.408514481
-54.142	4.129651068	0.366390551
-54.142	3.780515974	0.384188714
-54.142	3.96065904	0.37501205
-54.142	3.944060811	0.375858761
-54.142	4.755302613	0.325527856
-54.142	3.161247717	0.40505436
-54.142	6.5267732	0.078857821
-54.142	1.346637542	0.176995466
-54.142	5.193192554	0.287441513
-54.142	2.710825265	0.406336724
-54.142	5.591986757	0.2482233
-54.142	2.319755978	0.395325749
-54.142	6.302470397	0.141490517
-54.142	1.584826163	0.289130267
-54.142	5.651779288	0.242405936
-54.142	2.266292541	0.392857594
-54.142	5.225714402	0.283849484
-54.142	2.673582885	0.405482646
-54.142	4.291000527	0.356653182
-54.142	3.61722305	0.390897882
-54.142	6.204618386	0.159637544
-54.142	1.681188614	0.314604568
-54.142	5.981922641	0.195050407
-54.142	1.903308929	0.355140138
-54.142	5.410752624	0.268939251
-54.142	2.512831308	0.404120501
-54.142	4.181379179	0.365683034
-54.142	3.752899426	0.387549897
-54.142	4.474151335	0.346797896
-54.142	3.453890893	0.398458947
-54.142	4.000891694	0.373613503
-54.142	3.911365173	0.37818245
-54.142	5.259823346	0.283018094
-54.142	2.658856602	0.406899094
-54.142	4.21432615	0.361978513
-54.142	3.701099945	0.388119338
-54.142	4.268332511	0.357602118
-54.142	3.635279678	0.38978149
-54.142	5.039477516	0.302916187
-54.142	2.880120674	0.408340168
-54.142	5.910207685	0.207012728
-54.142	1.98614185	0.366815448
-54.142	5.252442133	0.282306837
-54.142	2.654764188	0.405872825
-54.142	5.494028874	0.259329071
-54.142	2.421620855	0.400333666
-54.142	5.510363764	0.255863639
-54.142	2.392436306	0.398027466
-54.142	5.247922882	0.283165159
-54.142	2.662810331	0.406290995
-54.142	4.923014185	0.311642155
-54.142	2.987494126	0.406983431
-54.142	4.461664512	0.347002036
-54.142	3.46000621	0.397714478
-54.142	5.621311514	0.245295582
-54.142	2.292862216	0.394069813
-54.142	6.476350702	0.098469261
-54.142	1.405418353	0.215859524
-54.142	5.614782382	0.243810994
-54.142	2.283801655	0.392189814
-54.142	5.637009639	0.244209407
-54.142	2.281959821	0.393863217
-54.142	4.82307735	0.321121029
-54.142	3.101117611	0.406729187
-54.142	5.174151462	0.290515722
-54.142	2.740979954	0.407553847
-54.142	5.039329284	0.302183526
-54.142	2.87374659	0.407806941
-54.142	5.373617524	0.269999627
-54.142	2.529289068	0.402834232
-54.142	6.19231606	0.163877901
-54.142	1.703079923	0.320659533
-54.142	5.310657015	0.275503225
-54.142	2.586710107	0.403777399
-54.142	4.041921773	0.371203126
-54.142	3.86785491	0.380083394
-54.142	6.18600622	0.163607205
-54.142	1.703018982	0.319948651
-54.142	6.520123889	0.086788578
-54.142	1.366520631	0.193411692
-54.142	6.102851267	0.177806454
-54.142	1.788071043	0.337262989
-54.142	5.35479843	0.271612715
-54.142	2.546079511	0.403109258
-54.142	4.61284052	0.335871771
-54.142	3.302092378	0.401769212
-54.142	6.077641835	0.181789378
-54.142	1.813364942	0.341738979
-54.142	4.210526971	0.362163032
-54.142	3.704473483	0.387939387
-54.142	6.303556838	0.142436012
-54.142	1.58844204	0.290786346
-54.142	5.948205802	0.204842844
-54.142	1.965888713	0.366085289
-54.142	5.695107875	0.234409713
-54.142	2.202639863	0.386892356
-54.142	5.549454058	0.251962255
-54.142	2.355613083	0.396548921
-54.142	4.908746692	0.314860809
-54.142	3.020446871	0.408216648
-54.142	6.231328706	0.157157059
-54.142	1.664915527	0.311883165
-54.142	5.958853714	0.203195996
-54.142	1.954190579	0.364549408
-54.142	6.630875162	0.038155894
-54.142	1.259690457	0.089020676
-54.142	5.227850009	0.286458285
-54.142	2.694544836	0.407692702
-54.142	5.789812984	0.223640038
-54.142	2.112656522	0.380205468
-54.142	5.251830067	0.281654143
-54.142	2.649601343	0.405305246
-54.142	6.095571495	0.17936049
-54.142	1.797391163	0.339149313
-54.142	4.579975263	0.339176538
-54.142	3.344507652	0.401445538
-54.142	5.603219721	0.248227519
-54.142	2.317433546	0.395975135
-54.142	5.363276779	0.270394166
-54.142	2.534672152	0.402559551
-54.142	5.813997929	0.220166448
-54.142	2.085710589	0.377521221
-54.142	5.77882675	0.222901416
-54.142	2.110156181	0.378759427
-54.142	4.255288086	0.359772651
-54.142	3.662722927	0.389937143
-54.142	5.441634149	0.263491622
-54.142	2.464297604	0.401080017
-54.142	4.434819291	0.348266816
-54.142	3.481619286	0.396548051
-54.142	5.893885349	0.210914719
-54.142	2.012699144	0.370774648
-54.142	5.450255216	0.263879782
-54.142	2.465361426	0.40194191
-54.142	6.178602423	0.165907564
-54.142	1.715235133	0.323147114
-54.142	4.149498887	0.365533517
-54.142	3.763586782	0.385205839
-54.142	5.515183362	0.2543518
-54.142	2.380319867	0.396865658
-54.142	5.049830412	0.300356088
-54.142	2.855212711	0.407152095
-54.142	6.302595399	0.141579308
-54.142	1.585160225	0.289286976
-54.142	4.452666969	0.348127975
-54.142	3.474339994	0.39769872
-54.142	4.281144655	0.359629615
-54.142	3.651846193	0.391684481
-54.142	4.506542672	0.34328356
-54.142	3.408204102	0.398761086
-54.142	6.16042083	0.172060132
-54.142	1.74836457	0.331590583
-54.142	6.512122789	0.091568975
-54.142	1.380120275	0.203018921
-54.142	4.856553215	0.31745271
-54.142	3.058083263	0.406546522
-54.142	6.345412366	0.135665338
-54.142	1.553763757	0.280847245
-54.142	4.406790593	0.349703027
-54.142	3.505553747	0.395377669
-54.142	5.880077578	0.209246236
-54.142	2.005412751	0.367991912
-54.142	5.471343666	0.260316173
-54.142	2.433901082	0.39991896
-54.142	6.552741543	0.07268846
-54.142	1.32852517	0.16451153
-54.142	5.340343042	0.272666215
-54.142	2.557589044	0.403149438
-54.142	6.111981221	0.177143837
-54.142	1.782959887	0.336745345
-54.142	5.465350837	0.259487786
-54.142	2.42901655	0.398798177
-54.142	5.347728593	0.274019137
-54.142	2.566575946	0.404752182
-54.142	5.587063596	0.249228409
-54.142	2.327975345	0.39603927
-54.142	3.970626142	0.376044024
-54.142	3.951033389	0.377044622
-54.142	4.134205272	0.366536452
-54.142	3.780283024	0.384583413
-54.142	6.186903188	0.163453258
-54.142	1.702130357	0.31975179
-54.142	6.624780168	0.027143009
-54.142	1.250626699	0.063494521
-54.142	6.167854588	0.170054667
-54.142	1.737156445	0.328939395
-54.142	4.725052554	0.329162824
-54.142	3.204368209	0.405278337
-54.142	6.01470647	0.19318972
-54.142	1.886593841	0.354329022
-54.142	5.959344331	0.19915065
-54.142	1.930820938	0.359364465
-54.142	4.049435522	0.371512407
-54.142	3.868090288	0.380768586
-54.142	4.795349856	0.320982673
-54.142	3.107460319	0.404833306
-54.142	4.611459832	0.336217656
-54.142	3.305886067	0.401875765
-34.142	4.753343859	0.325066837
-34.142	3.157450714	0.404640907
-34.142	5.926942626	0.204129988
-34.142	1.965892929	0.364069203
-34.142	4.062304542	0.368666628
-34.142	3.832045811	0.380398997
-34.142	4.094562042	0.369370575
-34.142	3.826496261	0.383051829
-34.142	6.503881064	0.088996181
-34.142	1.375061278	0.197495264
-34.142	6.500178938	0.092284268
-34.142	1.384214067	0.204117416
-34.142	4.898255148	0.311787034
-34.142	2.995336492	0.405490264
-34.142	4.349888105	0.352594739
-34.142	3.554542436	0.392943866
-34.142	4.785675055	0.32116884
-34.142	3.111883242	0.404319175
-34.142	4.212947623	0.360040042
-34.142	3.681227868	0.387078367
-34.142	4.741366252	0.324814971
-34.142	3.158474324	0.403697426
-34.142	4.818979609	0.319857727
-34.142	3.09050059	0.405657227
-34.142	4.628656753	0.333390038
-34.142	3.273223752	0.401386306
-34.142	6.09100698	0.18032148
-34.142	1.803202365	0.340303647
-34.142	5.409084735	0.2668341
-34.142	2.496956165	0.402157031
-34.142	5.601959615	0.245497106
-34.142	2.298332327	0.393166724
-34.142	4.985472778	0.306617095
-34.142	2.926385578	0.407528023
-34.142	5.391435313	0.268808331
-34.142	2.516083171	0.402853868
-34.142	6.382875195	0.120125033
-34.142	1.490193473	0.254318374
-34.142	6.374766293	0.126864634
-34.142	1.515376733	0.266351885
-34.142	5.68618135	0.23619341
-34.142	2.216513811	0.388299385
-34.142	5.889130444	0.20647616
-34.142	1.987158499	0.365033725
-34.142	4.090157094	0.369371529
-34.142	3.828281593	0.382734887
-34.142	6.22230355	0.151840679
-34.142	1.643254513	0.302914589
-34.142	4.414216977	0.347256513
-34.142	3.478270641	0.394593666
-34.142	6.596007563	0.051484676
-34.142	1.28311775	0.118782935
-34.142	4.714702774	0.327850673
-34.142	3.194818639	0.403801109
-34.142	5.118371157	0.294696663
-34.142	2.789709068	0.407271867
-34.142	4.906403325	0.310647715
-34.142	2.982926383	0.405244235
-34.142	5.314235815	0.274297334
-34.142	2.576353828	0.402971347
-34.142	4.81349474	0.320161063
-34.142	3.094818933	0.405493849
-34.142	5.795842204	0.221344797
-34.142	2.096815176	0.377898828
-34.142	5.841541992	0.215051045
-34.142	2.048325458	0.372978158
-34.142	6.14104953	0.171409382
-34.142	1.748874284	0.329697786
-34.142	5.594367294	0.244651761
-34.142	2.293988814	0.39187741
-34.142	6.400188283	0.118883056
-34.142	1.482717968	0.252657413
-34.142	6.290219848	0.145387661
-34.142	1.603053584	0.29520564
-34.142	4.639651932	0.331380984
-34.142	3.250568174	0.400936867
-34.142	4.902475125	0.313711148
-34.142	3.011628392	0.407050218
-34.142	5.881673419	0.211300756
-34.142	2.01744975	0.370596517
-34.142	4.565129035	0.337725015
-34.142	3.334808447	0.399623024
-34.142	5.288156383	0.279149135
-34.142	2.620979126	0.405461644
-34.142	5.587133722	0.244309867
-34.142	2.29312449	0.391116834
-34.142	4.419061998	0.348031613
-34.142	3.484477957	0.395339893
-34.142	5.512564486	0.252920815
-34.142	2.370467112	0.395336974
-34.142	5.313904005	0.276742835
-34.142	2.59582969	0.405017293
-34.142	5.771753157	0.224836237
-34.142	2.123991703	0.380575858
-34.142	6.43370109	0.109419529
-34.142	1.445734011	0.235927763
-34.142	4.710256403	0.326458224
-34.142	3.182897778	0.402658098
-34.142	5.246272661	0.282238536
-34.142	2.655641362	0.405440655
-34.142	5.240870231	0.28423226
-34.142	2.673180898	0.406717852
-34.142	4.61952154	0.335960554
-34.142	3.300946894	0.402267887
-34.142	4.53243452	0.340193297
-34.142	3.369313008	0.39880609
-34.142	5.97328	0.198382188
-34.142	1.923723994	0.359082803
-34.142	6.137379847	0.168279995
-34.142	1.734436931	0.324824631
-34.142	5.081246306	0.298663495
-34.142	2.832782575	0.407893085
-34.142	6.457786103	0.09588682
-34.142	1.401785682	0.210095448
-34.142	4.911414013	0.312256417
-34.142	2.996088919	0.406652116
-34.142	5.237800085	0.284108549
-34.142	2.672880727	0.406430738
-34.142	4.478876353	0.345050098
-34.142	3.434765481	0.397839463
-34.142	4.133606552	0.365561942
-34.142	3.770113532	0.384082271
-34.142	6.361228132	0.129062218
-34.142	1.525918911	0.269780776
-34.142	5.261989197	0.279682967
-34.142	2.631307847	0.404311062
-34.142	6.543855715	0.066533825
-34.142	1.3180411	0.150994932
-34.142	5.066886626	0.298035329
-34.142	2.830917696	0.406531025
-34.142	4.451108517	0.345400584
-34.142	3.447337961	0.396130348
-34.142	6.496930748	0.090784608
-34.142	1.380924092	0.200956741
-34.142	4.564152465	0.336908821
-34.142	3.327124062	0.399091669
-34.142	4.32154038	0.353750691
-34.142	3.576345928	0.391563567
-34.142	5.53144227	0.252866881
-34.142	2.366015516	0.396381715
-34.142	5.138136578	0.291712306
-34.142	2.75966669	0.406240445
-34.142	5.328710821	0.272101175
-34.142	2.555800357	0.401963579
-34.142	4.898313132	0.314049712
-34.142	3.015806457	0.407007453
-34.142	4.186306352	0.361604757
-34.142	3.707759884	0.38595042
-34.142	3.968120262	0.375849787
-34.142	3.949989007	0.376775529
-34.142	5.199911502	0.285177127
-34.142	2.690547824	0.404959978
-34.142	5.103385314	0.295676553
-34.142	2.801712684	0.407070145
-34.142	5.001897849	0.304591024
-34.142	2.904296448	0.407150759
-34.142	5.634674718	0.238949068
-34.142	2.245985361	0.388301242
-34.142	5.162852376	0.290447198
-34.142	2.743099427	0.406801837
-34.142	6.229049302	0.157394758
-34.142	1.666413198	0.312159294
-34.142	4.438402055	0.347901785
-34.142	3.47673699	0.396600141
-34.142	4.715417954	0.327643702
-34.142	3.192645615	0.403722575
-34.142	4.801463741	0.321673549
-34.142	3.112200337	0.405670294
-34.142	5.312176114	0.274491412
-34.142	2.578356149	0.403011996
-34.142	6.26852997	0.146412731
-34.142	1.611416474	0.295988753
-34.142	4.095826638	0.368137045
-34.142	3.812707669	0.382573403
-34.142	4.236892837	0.360919332
-34.142	3.681536373	0.389200913
-34.142	4.423080749	0.349542023
-34.142	3.498467573	0.396414926
-34.142	4.578369205	0.336543068
-34.142	3.319154709	0.399840005
-34.142	6.310305622	0.13433963
-34.142	1.555301904	0.277093504
-34.142	5.311419451	0.277312684
-34.142	2.600944085	0.405344391
-34.142	5.180459972	0.286698559
-34.142	2.707705431	0.404967247
-34.142	5.116707787	0.294471445
-34.142	2.788197924	0.406998933
-34.142	4.325754627	0.355287985
-34.142	3.59072782	0.392639288
-34.142	5.855038248	0.21539235
-34.142	2.047731113	0.374111642
-34.142	5.199918982	0.286984934
-34.142	2.705452614	0.406391838
-34.142	5.955642543	0.200285557
-34.142	1.938024581	0.360644138
-34.142	5.839508519	0.213100663
-34.142	2.036798672	0.37052735
-34.142	4.379994532	0.350205444
-34.142	3.519750181	0.393790496
-34.142	5.183292542	0.287675129
-34.142	2.715112024	0.405909708
-34.142	4.27462996	0.356895643
-34.142	3.625645462	0.389871179
-34.142	3.976588075	0.373263503
-34.142	3.91801738	0.376249184
-34.142	6.067387696	0.183314907
-34.142	1.82329418	0.343390346
-34.142	6.09558497	0.177556105
-34.142	1.788203878	0.336547545
-34.142	5.903279899	0.207920953
-34.142	1.992900993	0.36758083
-34.142	4.980207926	0.305261951
-34.142	2.915749782	0.406245472
-34.142	6.478578626	0.097285962
-34.142	1.401712854	0.213560981
-34.142	5.029579813	0.303066179
-34.142	2.88391207	0.407822045
-34.142	4.771624755	0.323361118
-34.142	3.136276565	0.404779801
-34.142	4.648947197	0.332797165
-34.142	3.261437319	0.40239302
-34.142	6.440998313	0.105146634
-34.142	1.431347781	0.227888936
-34.142	6.169990509	0.163283162
-34.142	1.704577005	0.318706382
-34.142	5.106873822	0.295462897
-34.142	2.799037229	0.407128488
-34.142	5.953746545	0.198873589
-34.142	1.93034755	0.358714695
-34.142	5.822336369	0.215074861
-34.142	2.052337416	0.371972986
-34.142	4.304691146	0.357254088
-34.142	3.6185869	0.392156884
-34.142	5.934304854	0.201767414
-34.142	1.950738639	0.361442842
-34.142	5.727146289	0.228397142
-34.142	2.156197687	0.382109369
-34.142	6.110114481	0.178193154
-34.142	1.788639124	0.338175479
-34.142	6.582285283	0.041834069
-34.142	1.27292909	0.096741372
-34.142	4.875310426	0.315817236
-34.142	3.038047221	0.406691366
-34.142	5.356078873	0.271747179
-34.142	2.546843334	0.40330236
-34.142	4.740708558	0.325672502
-34.142	3.166744232	0.404183758
-34.142	6.495359133	0.091856936
-34.142	1.383997599	0.203099648
-34.142	6.325481404	0.130334587
-34.142	1.53736629	0.270635411
-34.142	5.701545725	0.233857648
-34.142	2.197609838	0.386658504
-34.142	6.458596116	0.106431763
-34.142	1.431912585	0.230995624
-34.142	5.464878932	0.260287183
-34.142	2.435089804	0.399511973
-34.142	4.767454494	0.323518007
-34.142	3.138917049	0.404604467
-34.142	6.409400993	0.119206958
-34.142	1.482087095	0.25360432
-34.142	4.346041257	0.352668132
-34.142	3.556632817	0.392714313
-34.142	6.157092913	0.16883089
-34.142	1.733294154	0.326586031
-34.142	4.34328146	0.352988482
-34.142	3.560882752	0.392687192
-34.142	4.937500394	0.309830724
-34.142	2.967420036	0.406682886
-34.142	4.997500424	0.305303313
-34.142	2.911694282	0.407373155
-34.142	6.602527281	0.044387766
-34.142	1.272257154	0.102853017
-34.142	5.061593863	0.298467936
-34.142	2.835957255	0.406516078
-34.142	6.07697122	0.17829854
-34.142	1.795575288	0.336714133
-34.142	6.311158229	0.139846696
-34.142	1.576605094	0.286681035
-34.142	4.959705866	0.30736142
-34.142	2.939617971	0.406404026
-34.142	6.543790101	0.071128531
-34.142	1.327015968	0.160935433
-34.142	6.491814604	0.093149864
-34.142	1.388055631	0.205623562
-34.142	6.57601001	0.063304595
-34.142	1.306085207	0.144657071
-34.142	6.233890445	0.156388031
-34.142	1.660993734	0.31076964
-34.142	5.566920556	0.250121525
-34.142	2.338630941	0.395758947
-34.142	4.850436365	0.317085378
-34.142	3.056359222	0.405911181
-34.142	5.907896473	0.207458826
-34.142	1.989242752	0.367249789
-34.142	4.205852904	0.362408915
-34.142	3.7088292	0.387726747
-34.142	3.975724525	0.375389898
-34.142	3.941633907	0.377130391
-34.142	6.093312716	0.175407011
-34.142	1.777836237	0.333312172
-34.142	6.437098975	0.105399269
-34.142	1.432836063	0.228249901
-34.142	6.591233654	0.046973
-34.142	1.277713187	0.108530628
-34.142	5.319796208	0.276285308
-34.142	2.590846798	0.404988922
-34.142	4.896539288	0.314779955
-34.142	3.022926825	0.407377256
-34.142	5.751236984	0.225640604
-34.142	2.13335389	0.380356557
-34.142	5.915169617	0.20215355
-34.142	1.956759523	0.360939195
-34.142	5.368365701	0.269324357
-34.142	2.525225904	0.401929151
-34.142	4.899152864	0.3141569
-34.142	3.016559396	0.407132714
-34.142	6.483728361	0.098235677
-34.142	1.403387317	0.215628804
-34.142	5.075419872	0.298142053
-34.142	2.829723106	0.407145026
-34.142	5.010844057	0.304912194
-34.142	2.90486023	0.407944311
-34.142	5.01583458	0.302049241
-34.142	2.878487691	0.406226397
-34.142	5.615507937	0.241167771
-34.142	2.265271937	0.389519501
-34.142	6.602360133	0.048087929
-34.142	1.277138797	0.111237066
-34.142	4.780102891	0.323026098
-34.142	3.130767746	0.405125408
-34.142	4.526360816	0.342495736
-34.142	3.394068578	0.399673649
-34.142	5.34830104	0.272645226
-34.142	2.555629568	0.403609691
-34.142	4.369240543	0.352592874
-34.142	3.547845745	0.394285861
-34.142	6.434722117	0.104073584
-34.142	1.429344663	0.225579178
-34.142	4.247124931	0.359282115
-34.142	3.66057676	0.389120836
-34.142	6.376023482	0.12444281
-34.142	1.506486751	0.261998128
-34.142	4.975445353	0.307651212
-34.142	2.938140429	0.40760795
-34.142	4.482666861	0.342919429
-34.142	3.412240918	0.396935193
-34.142	5.03276266	0.303023119
-34.142	2.882736758	0.407992441
-34.142	6.165895497	0.167220697
-34.142	1.72389726	0.324558216
-34.142	4.058597953	0.371251299
-34.142	3.861476045	0.381313945
-34.142	5.545086851	0.24981223
-34.142	2.34105918	0.394193936
-34.142	6.486033751	0.096053413
-34.142	1.396935393	0.211318757
-34.142	5.472702432	0.259080054
-34.142	2.42437774	0.398850503
-34.142	3.959614566	0.375022551
-34.142	3.944633861	0.375786724
-34.142	3.964261768	0.376007239
-34.142	3.953402724	0.376561663
-34.142	4.182836863	0.364376573
-34.142	3.738414768	0.387034628
-34.142	6.032920826	0.188744488
-34.142	1.858807033	0.349219013
-34.142	4.10096439	0.366562289
-34.142	3.793773448	0.382209406
-34.142	5.285773986	0.277753449
-34.142	2.610330267	0.404158634
-34.142	6.471726699	0.100890629
-34.142	1.413138067	0.220532712
-34.142	5.094952419	0.295599822
-34.142	2.80312431	0.406485825
-34.142	5.994275709	0.193700044
-34.142	1.893395659	0.353972509
-34.142	6.061196343	0.186024596
-34.142	1.838777121	0.346876696
-34.142	4.823445259	0.318392615
-34.142	3.075736606	0.405006263
-34.142	6.096505868	0.175786414
-34.142	1.779114933	0.334020242
-34.142	5.515853061	0.25395154
-34.142	2.377254697	0.396520685
-34.142	4.197271133	0.360958858
-34.142	3.696791734	0.386415563
-34.142	5.301182471	0.276201804
-34.142	2.594422353	0.403793323
-34.142	4.477840849	0.343754729
-34.142	3.422132985	0.39706369
-34.142	5.248268274	0.282143298
-34.142	2.654402739	0.405485294
-34.142	5.737709076	0.229347457
-34.142	2.160264256	0.383747839
-34.142	6.613279368	0.03245128
-34.142	1.257254496	0.075659591
-34.142	5.229858498	0.281726841
-34.142	2.655323515	0.404021864
-34.142	4.519703946	0.342845516
-34.142	3.399656161	0.399414644
-34.142	5.274177436	0.280189924
-34.142	2.632579315	0.405469809
-34.142	4.676238984	0.328699836
-34.142	3.21408262	0.401767969
-34.142	5.136607766	0.292846054
-34.142	2.769597212	0.407009477
-34.142	3.982384336	0.373094542
-34.142	3.91366497	0.376597865
-34.142	6.156617225	0.165959482
-34.142	1.719690316	0.3222004
-34.142	5.51164234	0.256773773
-34.142	2.398868434	0.398964923
-34.142	5.306258935	0.276688001
-34.142	2.597132599	0.404508908
-34.142	6.326104066	0.136173474
-34.142	1.559360707	0.280943586
-34.142	6.463729195	0.098498273
-34.142	1.407865203	0.215512149
-34.142	5.73129357	0.228846947
-34.142	2.15829106	0.382838122
-34.142	4.592262136	0.334977719
-34.142	3.299644824	0.399872141
-34.142	4.136315454	0.36670201
-34.142	3.781225853	0.384812093
-34.142	5.932247228	0.200280649
-34.142	1.942613179	0.359423796
-34.142	4.455900697	0.344435562
-34.142	3.436095861	0.395935244
-34.142	4.041496134	0.371719947
-34.142	3.873638083	0.380286693
-34.142	5.127245143	0.291863775
-34.142	2.763581996	0.405679227
-34.142	6.276043816	0.148257482
-34.142	1.617730901	0.299383473
-34.142	5.059869281	0.298375913
-34.142	2.835593904	0.406340234
-34.142	4.883661585	0.313957829
-34.142	3.018866066	0.406002143
-34.142	3.966506235	0.375705183
-34.142	3.949104309	0.37659354
-34.142	5.28038515	0.27873347
-34.142	2.619422708	0.404645707
-34.142	4.724804271	0.326499977
-34.142	3.17910527	0.403644093
-34.142	6.582506571	0.05341974
-34.142	1.288514629	0.122873469
-34.142	5.822260849	0.219478861
-34.142	2.079724146	0.377168396
-34.142	4.625539006	0.332600342
-34.142	3.266536054	0.400714436
-34.142	5.130781265	0.292398003
-34.142	2.767223661	0.406306474
-34.142	5.743719679	0.229462199
-34.142	2.159794176	0.384207945
-34.142	5.770379171	0.225835046
-34.142	2.130717545	0.381629718
-34.142	4.497093735	0.344587907
-34.142	3.424270815	0.398830545
-34.142	4.752317101	0.324997056
-34.142	3.157083167	0.404530265
-34.142	5.698819621	0.231389902
-34.142	2.181727442	0.383828914
-34.142	6.058133432	0.182963481
-34.142	1.823252182	0.342437677
-34.142	6.594766803	0.040565354
-34.142	1.269107715	0.094034798
-34.142	3.984788808	0.373670938
-34.142	3.918905805	0.377031419
-34.142	4.194534253	0.363522588
-34.142	3.724897048	0.387458539
-34.142	4.564511225	0.339354778
-34.142	3.351024693	0.400503777
-34.142	4.76987805	0.32316231
-34.142	3.134903987	0.40454092
-34.142	4.532740242	0.340971896
-34.142	3.376919755	0.399261511
-34.142	5.416419568	0.264557742
-34.142	2.477939085	0.400552224
-34.142	4.067970203	0.369904162
-34.142	3.843049637	0.381377778
-34.142	5.759158766	0.225360276
-34.142	2.129928676	0.38047638
-34.142	5.421934665	0.262245838
-34.142	2.459224455	0.398780006
-34.142	4.273652005	0.356308306
-34.142	3.619905811	0.389508084
-34.142	6.442489815	0.104763428
-34.142	1.429925839	0.227190446
-34.142	6.32443639	0.13377174
-34.142	1.550457934	0.276671226
-34.142	4.612150644	0.336352561
-34.142	3.3069959	0.4019996
-34.142	6.232441877	0.151557183
-34.142	1.640092066	0.302900643
-34.142	5.797016197	0.222550734
-34.142	2.10424273	0.379352017
-34.142	4.680707015	0.330995401
-34.142	3.234730032	0.40344024
-34.142	6.307579326	0.1398893
-34.142	1.577450451	0.286604566
-34.142	5.066139585	0.299520129
-34.142	2.843915063	0.407570652
-34.142	6.454966399	0.098870997
-34.142	1.410556562	0.215973238
-34.142	5.640076675	0.241207155
-34.142	2.260397124	0.390956404
-34.142	4.791618649	0.322760359
-34.142	3.125077639	0.405712057
-34.142	4.626365366	0.334417375
-34.142	3.283866652	0.401832619
-34.142	5.218095835	0.283873628
-34.142	2.675569904	0.405034984
-34.142	6.397026429	0.120618795
-34.142	1.489220059	0.2557648
-34.142	6.31897477	0.137593506
-34.142	1.566235969	0.283118257
-34.142	5.160695307	0.288715007
-34.142	2.729152826	0.405326204
-34.142	5.686021231	0.235628175
-34.142	2.212722637	0.387687834
-34.142	6.26477992	0.144216305
-34.142	1.603054096	0.292148009
-34.142	4.251360368	0.357987433
-34.142	3.645498434	0.388779024
-34.142	4.687004986	0.330077958
-34.142	3.224091887	0.403310603
-34.142	4.906073461	0.312365341
-34.142	2.998482977	0.406381976
-34.142	4.431713505	0.346881684
-34.142	3.468646576	0.395596562
-34.142	6.219741575	0.157624875
-34.142	1.669213597	0.312105105
-34.142	4.400527766	0.349813585
-34.142	3.508788158	0.395003779
-34.142	5.750827099	0.226586504
-34.142	2.139559735	0.38139786
-34.142	5.222583597	0.285659579
-34.142	2.689178799	0.406736317
-34.142	4.361022117	0.352439799
-34.142	3.549100273	0.393637039
-34.142	5.420267721	0.264791381
-34.142	2.478867093	0.400991076
-34.142	4.444877146	0.345760398
-34.142	3.453003609	0.395897547
-34.142	6.487463404	0.092838163
-34.142	1.388047409	0.2048569
-34.142	4.830552084	0.318800585
-34.142	3.077555746	0.405731449
-34.142	5.976734143	0.195405304
-34.142	1.906305137	0.355344997
-34.142	5.126247873	0.294245372
-34.142	2.783961319	0.407423278
-34.142	5.632013938	0.240447558
-34.142	2.256834824	0.389711697
-34.142	4.869218865	0.3139355
-34.142	3.022535812	0.40505498
-34.142	4.749442757	0.32624701
-34.142	3.169701131	0.405111709
-34.142	6.319018524	0.137474014
-34.142	1.56576016	0.282912922
-34.142	4.450308256	0.345927662
-34.142	3.452895467	0.396359954
-34.142	4.047977126	0.371068321
-34.142	3.863878847	0.38046138
-34.142	6.171781125	0.166079645
-34.142	1.717351737	0.32309226
-34.142	4.176018868	0.363094217
-34.142	3.72741961	0.385936727
-34.142	4.143571743	0.36629469
-34.142	3.77402704	0.385140398
-34.142	5.628196523	0.241465653
-34.142	2.264667351	0.390548613
-34.142	6.360905077	0.123964853
-34.142	1.50765252	0.260544489
-34.142	4.035347733	0.372728383
-34.142	3.887168238	0.380294928
-34.142	4.973333699	0.306368915
-34.142	2.927298489	0.406582625
-34.142	5.896729328	0.208973628
-34.142	2.000474127	0.368538459
-34.142	5.741691742	0.229358946
-34.142	2.159527935	0.383981349
-34.142	5.360612106	0.269406347
-34.142	2.527603558	0.401537063
-34.142	4.23471821	0.360168906
-34.142	3.674453008	0.388680926
-34.142	4.99875615	0.305976306
-34.142	2.917324948	0.40792464
-34.142	4.085087741	0.369528928
-34.142	3.832029078	0.382441725
-34.142	5.346788699	0.271676536
-34.142	2.548382633	0.402683708
-34.142	6.627199416	0.018979262
-34.142	1.244840848	0.044497374
-34.142	6.624921994	0.036170861
-34.142	1.258702812	0.084374756
-34.142	5.395497433	0.266426241
-34.142	2.496841242	0.400985222
-34.142	6.059019241	0.186011473
-34.142	1.839127802	0.346749984
-34.142	6.481828464	0.088771363
-34.142	1.378633122	0.19638301
-34.142	6.056212494	0.186075808
-34.142	1.840012111	0.346699609
-34.142	5.007180965	0.304001544
-34.142	2.897770506	0.407069065
-34.142	6.547585206	0.076996544
-34.142	1.338637023	0.17359583
-34.142	5.193975912	0.28586752
-34.142	2.697634126	0.405143112
-34.142	4.420125288	0.349674421
-34.142	3.500799665	0.396281185
-34.142	6.088681572	0.177270832
-34.142	1.788097003	0.335799126
-34.142	4.297643982	0.357598253
-34.142	3.624682497	0.391835485
-34.142	4.859825224	0.315112572
-34.142	3.035774421	0.405226504
-34.142	6.265785981	0.146064518
-34.142	1.610489339	0.295289072
-34.142	4.090203153	0.368285874
-34.142	3.816574888	0.382237268
-34.142	5.001686214	0.304982149
-34.142	2.907796706	0.407412943
-34.142	6.519825846	0.082087457
-34.142	1.355309569	0.183604698
-34.142	4.656610441	0.333001195
-34.142	3.261141162	0.403023603
-34.142	4.000616828	0.374681615
-34.142	3.923162359	0.378637562
-34.142	4.196933813	0.363111203
-34.142	3.719627526	0.387431773
-34.142	5.180004618	0.28912005
-34.142	2.727912806	0.406834918
-34.142	4.478032041	0.34523416
-34.142	3.436886358	0.397881545
-34.142	4.043688979	0.370873055
-34.142	3.863544761	0.380061624
-34.142	4.89811912	0.311649894
-34.142	2.994137068	0.405389122
-34.142	6.167975234	0.165379992
-34.142	1.714775986	0.321842938
-34.142	4.780684336	0.321085428
-34.142	3.112502598	0.403939852
-34.142	4.87660975	0.315672148
-34.142	3.036373067	0.40667996
-34.142	6.424412306	0.113865075
-34.142	1.461577089	0.244103018
-34.142	5.343427056	0.272938712
-34.142	2.559032624	0.403568891
-34.142	4.766204521	0.324164692
-34.142	3.145338541	0.404925638
-34.142	4.629939128	0.333907946
-34.142	3.277853339	0.401774753
-34.142	6.546774675	0.064328375
-34.142	1.313405443	0.146255917
-34.142	6.253755295	0.150866553
-34.142	1.633063102	0.302710675
-34.142	5.023607946	0.301326218
-34.142	2.870223803	0.406198617
-34.142	4.722106353	0.326047698
-34.142	3.175603131	0.403188692
-34.142	5.162379085	0.289651364
-34.142	2.73655406	0.40615754
-34.142	4.088087305	0.368249308
-34.142	3.817037746	0.382067837
-34.142	5.318785885	0.276812132
-34.142	2.595275144	0.405370524
-34.142	6.093294011	0.179024104
-34.142	1.796110361	0.338554557
-34.142	6.259826173	0.147809556
-34.142	1.61891657	0.297936171
-34.142	6.411876076	0.115961821
-34.142	1.470775293	0.247614278
-34.142	4.855021019	0.317992601
-34.142	3.063467171	0.406797571
-34.142	4.266447958	0.357023504
-34.142	3.629947716	0.389360348
-34.142	6.494019915	0.094008023
-34.142	1.389923594	0.207433376
-34.142	5.815401672	0.216923549
-34.142	2.065150118	0.373794258
-34.142	6.177052541	0.161028807
-34.142	1.692816651	0.315526841
-34.142	4.100133375	0.368675477
-34.142	3.816766501	0.383132603
-34.142	6.048143252	0.183455446
-34.142	1.827765673	0.342635898
-34.142	5.7598221	0.227475652
-34.142	2.143513415	0.382890125
-34.142	4.817591977	0.318051347
-34.142	3.074203023	0.404404908
-34.142	5.794509461	0.222669062
-34.142	2.105502378	0.379350888
-34.142	5.830676285	0.215134051
-34.142	2.051018873	0.372492669
-34.142	5.696703895	0.231908893
-34.142	2.185606324	0.384276557
-34.142	4.881978567	0.314796525
-34.142	3.026946465	0.406449361
-34.142	5.984997225	0.196196735
-34.142	1.909111429	0.356815178
-34.142	4.173461811	0.363716339
-34.142	3.734991747	0.386052507
-34.142	4.260168882	0.358824053
-34.142	3.651004281	0.389813533
-34.142	4.873723821	0.315697203
-34.142	3.037373887	0.406509993
-34.142	4.990842721	0.306791314
-34.142	2.926562299	0.40799073
-34.142	5.617807672	0.240845169
-34.142	2.262560152	0.38931677
-34.142	4.974604269	0.306022639
-34.142	2.923907554	0.406421784
-34.142	4.386059475	0.350516899
-34.142	3.520855934	0.394372832
-34.142	4.767029894	0.324807194
-34.142	3.151153669	0.405378743
-34.142	6.548510914	0.077458985
-34.142	1.33947867	0.174603803
-34.142	5.666698598	0.236297641
-34.142	2.221250681	0.387314335
-34.142	6.5415832	0.066267378
-34.142	1.317966816	0.150363871
-34.142	4.74883945	0.324496628
-34.142	3.153357355	0.403991588
-34.142	4.392574986	0.351267844
-34.142	3.526315491	0.395214556
-34.142	6.364921886	0.121996065
-34.142	1.500018162	0.257092831
-34.142	5.974626821	0.195970954
-34.142	1.909878882	0.355985058
-34.142	6.034738407	0.185146061
-34.142	1.839262491	0.344336029
-34.142	6.20061746	0.160317275
-34.142	1.685049221	0.315491177
-34.142	6.139164865	0.167741623
-34.142	1.731517598	0.324094145
-34.142	5.140402791	0.29159552
-34.142	2.758136594	0.406291862
-34.142	6.351735405	0.12919049
-34.142	1.528177601	0.269635386
-34.142	5.21008754	0.285492933
-34.142	2.690739768	0.405836608
-34.142	4.040307987	0.370920579
-34.142	3.865466899	0.379837917
-34.142	4.717517231	0.32744576
-34.142	3.190161981	0.403740775
-34.142	4.776321598	0.323491302
-34.142	3.136183007	0.405168933
-34.142	4.91565394	0.310405641
-34.142	2.978307064	0.405673992
-34.142	5.867979663	0.212291014
-34.142	2.026173119	0.371071265
-34.142	5.999013496	0.190429729
-34.142	1.874545609	0.349808824
-34.142	4.459276756	0.345489369
-34.142	3.445549769	0.396737612
-34.142	4.572103638	0.337923071
-34.142	3.33459428	0.400205762
-34.142	5.634472846	0.241544332
-34.142	2.263900498	0.39098653
-34.142	5.192232825	0.286971707
-34.142	2.707161896	0.405908103
-34.142	5.354059283	0.270956078
-34.142	2.541120018	0.402495863
-34.142	5.83757051	0.213993699
-34.142	2.042637881	0.371498091
-34.142	5.662846261	0.239351431
-34.142	2.242875266	0.390316229
-34.142	4.645621327	0.333706314
-34.142	3.271221614	0.402704198
-34.142	4.076518225	0.370580628
-34.142	3.846876068	0.38230457
-34.142	5.441844411	0.260818814
-34.142	2.444112219	0.398646382
-34.142	6.205026383	0.155549824
-34.142	1.662775761	0.308131044
-34.142	4.536424951	0.340579368
-34.142	3.37187487	0.39929218
-34.142	4.128401353	0.367391787
-34.142	3.791730235	0.384567346
-34.142	4.226432173	0.361180476
-34.142	3.688165168	0.388588975
-34.142	4.004767456	0.371618455
-34.142	3.888016	0.377568673
-34.142	4.649759721	0.333048173
-34.142	3.263622284	0.402594653
-34.142	4.648702101	0.333468644
-34.142	3.268004932	0.402770636
-34.142	4.432066003	0.346088754
-34.142	3.460547514	0.395195283
-34.142	5.691533949	0.233566756
-34.142	2.197724456	0.385784355
-34.142	4.338792943	0.352771375
-34.142	3.560220849	0.392263329
-34.142	5.572687002	0.248698869
-34.142	2.327219563	0.394687486
-34.142	5.738011651	0.226768101
-34.142	2.143358646	0.380893987
-34.142	6.326465904	0.132317798
-34.142	1.544576507	0.274190878
-34.142	4.807714362	0.320659546
-34.142	3.101037687	0.405434822
-34.142	6.510341915	0.081047658
-34.142	1.354682328	0.181164343
-34.142	4.180063895	0.363008458
-34.142	3.724961545	0.386183464
-34.142	5.560054695	0.249718737
-34.142	2.337196393	0.394966448
-34.142	4.294295547	0.35493076
-34.142	3.598206142	0.390260356
-34.142	5.144935757	0.291764644
-34.142	2.758466311	0.406702662
-34.142	6.148901974	0.171266281
-34.142	1.746671425	0.329857507
-34.142	4.124040199	0.366669123
-34.142	3.785711173	0.383917026
-34.142	5.66298932	0.235116903
-34.142	2.214052988	0.385847507
-34.142	5.947933036	0.202216572
-34.142	1.950647383	0.362728178
-34.142	6.140578007	0.169743895
-34.142	1.740867322	0.327181473
-34.142	5.605568408	0.244328064
-34.142	2.289357469	0.392189605
-34.142	5.207594875	0.284715729
-34.142	2.68494252	0.405064428
-34.142	5.443145759	0.262907219
-34.142	2.459542403	0.400637509
-34.142	5.609392959	0.244254864
-34.142	2.28804063	0.392333761
-34.142	6.173132229	0.16138707
-34.142	1.695213782	0.315906078
-34.142	4.174849374	0.362164119
-34.142	3.7180447	0.3854059
-34.142	4.108157496	0.367235112
-34.142	3.798086422	0.383041149
-34.142	4.269654852	0.35742176
-34.142	3.632921503	0.389784534
-34.142	5.271549857	0.280489385
-34.142	2.635604304	0.405555681
-34.142	4.335332367	0.355002281
-34.142	3.584415914	0.39316195
-34.142	5.667617225	0.235047808
-34.142	2.21262333	0.3860338
-34.142	4.164056307	0.364747984
-34.142	3.749573206	0.385873393
-34.142	5.634262339	0.242755066
-34.142	2.272358454	0.392220395
-34.142	6.325596673	0.130783952
-34.142	1.539010189	0.271438737
-34.142	5.298287546	0.274976379
-34.142	2.585370505	0.402584103
-34.142	5.886067751	0.209199318
-34.142	2.003939471	0.368251877
-34.142	4.720059792	0.326917856
-34.142	3.184423816	0.403586668
-34.142	4.107156587	0.366970908
-34.142	3.795658199	0.382845869
-34.142	4.821979265	0.320105774
-34.142	3.091978963	0.406011087
-34.142	6.566792772	0.060954975
-34.142	1.303665977	0.139289624
-34.142	4.507320974	0.342213065
-34.142	3.397291076	0.398224793
-34.142	5.924536329	0.203996398
-34.142	1.965588901	0.363773893
-34.142	5.491082587	0.256931835
-34.142	2.404465184	0.397912784
-34.142	5.097232291	0.295550382
-34.142	2.802142919	0.406591456
-34.142	6.197337103	0.163069935
-34.142	1.69835861	0.319639337
-34.142	5.20653546	0.28509359
-34.142	2.688294256	0.405300629
-34.142	4.696791976	0.330003697
-34.142	3.220537745	0.403914838
-34.142	5.52761537	0.252064667
-34.142	2.361022229	0.395382529
-34.142	5.627283124	0.240099143
-34.142	2.255427896	0.38908133
-34.142	4.012122824	0.373820561
-34.142	3.908850102	0.379093979
-34.142	6.52768032	0.079213898
-34.142	1.347266063	0.177771936
-34.142	6.301696027	0.138788665
-34.142	1.574202064	0.284466553
-34.142	4.088210905	0.367749195
-34.142	3.811620651	0.381844739
-34.142	5.827000217	0.214483351
-34.142	2.047765808	0.371517097
-34.142	5.438639163	0.260815992
-34.142	2.444796974	0.39845473
-34.142	5.7237112	0.230225492
-34.142	2.168907336	0.383939062
-34.142	6.416187605	0.10803612
-34.142	1.444763088	0.232650564
-34.142	6.006305589	0.192249687
-34.142	1.883054056	0.352638433
-34.142	4.707372109	0.326817091
-34.142	3.187127271	0.402687019
-34.142	5.581732223	0.244811595
-34.142	2.297787577	0.391315741
-34.142	4.532180875	0.340509765
-34.142	3.372521008	0.398965854
-34.142	5.963376743	0.198098933
-34.142	1.924061558	0.358201931
-34.142	4.152077618	0.364031206
-34.142	3.746604497	0.384677542
-34.142	6.512836588	0.077100784
-34.142	1.34536971	0.172911244
-34.142	4.629933179	0.33242512
-34.142	3.263525439	0.400904994
-34.142	4.503654232	0.341471813
-34.142	3.391104368	0.397565166
-34.142	4.141379235	0.364692895
-34.142	3.7578109	0.384227466
-34.142	5.562716251	0.250447149
-34.142	2.341862792	0.395836002
-34.142	4.356338529	0.352219456
-34.142	3.548458528	0.39319827
-34.142	5.976968761	0.196012315
-34.142	1.909650651	0.356159819
-34.142	4.275381597	0.35851669
-34.142	3.642265043	0.390730831
-34.142	6.407701915	0.116716091
-34.142	1.474052531	0.248880338
-34.142	4.05655887	0.370246208
-34.142	3.851434516	0.380708609
-34.142	4.403422243	0.349059325
-34.142	3.500145123	0.394806503
-34.142	4.384581534	0.349121563
-34.142	3.507168269	0.393538386
-34.142	4.654002234	0.33256868
-34.142	3.257732784	0.402595494
-34.142	4.336966961	0.353790331
-34.142	3.571334152	0.392658751
-34.142	5.493507431	0.255341472
-34.142	2.39224366	0.396547003
-34.142	5.515983952	0.253570282
-34.142	2.374449073	0.396161809
-34.142	4.028451453	0.371361346
-34.142	3.875201775	0.379176819
-34.142	4.419414364	0.347419104
-34.142	3.478169196	0.395038136
-34.142	6.323003073	0.131310298
-34.142	1.541461554	0.272268884
-34.142	4.000010749	0.373598954
-34.142	3.91158267	0.378111651
-34.142	5.774369837	0.222222189
-34.142	2.106736977	0.377736667
-34.142	4.21633257	0.361824036
-34.142	3.698718192	0.388186668
-34.142	4.058657251	0.368805701
-34.142	3.835043822	0.38019926
-34.142	6.231578639	0.156689322
-34.142	1.662776174	0.311147517
-34.142	5.427508411	0.264184971
-34.142	2.472659347	0.400872718
-34.142	3.980353826	0.373819005
-34.142	3.922438789	0.37677291
-34.142	4.862493111	0.315957868
-34.142	3.04277244	0.405955002
-34.142	5.794936264	0.223492997
-34.142	2.110682601	0.380317941
-34.142	5.181803581	0.287089224
-34.142	2.710613698	0.405357741
-34.142	6.556003297	0.070733645
-34.142	1.323939543	0.160379639
-34.142	4.735735062	0.327001934
-34.142	3.180741411	0.404671738
-34.142	4.203683625	0.363366027
-34.142	3.719780182	0.38803295
-34.142	5.569561647	0.247259058
-34.142	2.317637245	0.393076013
-34.142	6.110893999	0.174054718
-34.142	1.767701759	0.332176267
-34.142	6.205420065	0.155149073
-34.142	1.660929891	0.307506636
-34.142	4.809533068	0.318487363
-34.142	3.08044054	0.404161729
-34.142	6.362503602	0.128322777
-34.142	1.52297257	0.268502665
-34.142	6.119388495	0.173660081
-34.142	1.764107943	0.332002551
-34.142	4.051968241	0.369958598
-34.142	3.850225795	0.380244584
-34.142	5.639557795	0.241929676
-34.142	2.265514126	0.391672897
-34.142	6.404529233	0.112489073
-34.142	1.460894272	0.240774667
-34.142	6.338815973	0.132084166
-34.142	1.541362511	0.274274322
-34.142	5.132632232	0.292809998
-34.142	2.770253381	0.406734902
-34.142	6.07642575	0.178777361
-34.142	1.798116841	0.337376631
-34.142	6.466455625	0.101840749
-34.142	1.41685933	0.222241967
-34.142	4.030480899	0.372189688
-34.142	3.883340895	0.379698832
-34.142	3.989228049	0.373867326
-34.142	3.919135484	0.377443631
-34.142	5.077176229	0.298289508
-34.142	2.830559673	0.407363509
-34.142	6.60253505	0.030804191
-34.142	1.257789729	0.071738525
-34.142	4.140497421	0.36577178
-34.142	3.769644758	0.384674496
-34.142	5.149094132	0.291575628
-34.142	2.755874775	0.406816105
-34.142	5.043916555	0.299768567
-34.142	2.851600421	0.406353214
-34.142	5.420305212	0.263385182
-34.142	2.468184784	0.399721309
-34.142	5.562089362	0.247321011
-34.142	2.319668409	0.392707897
-34.142	6.053261351	0.18288129
-34.142	1.823770981	0.342081035
-34.142	5.335855948	0.275118498
-34.142	2.577945905	0.404972418
-34.142	4.245573931	0.360544092
-34.142	3.674388058	0.389630386
-34.142	4.172576698	0.364676831
-34.142	3.745535566	0.386446946
-34.142	6.624316336	0.03079691
-34.142	1.253713411	0.071960965
-34.142	5.367293475	0.269237858
-34.142	2.524796699	0.401789175
-34.142	6.536880029	0.077199868
-34.142	1.341078206	0.173748956
-34.142	5.565702962	0.247915707
-34.142	2.323121137	0.393508055
-34.142	5.95993504	0.20027729
-34.142	1.93713503	0.360855989
-34.142	4.795724405	0.321374818
-34.142	3.11100476	0.405106461
-34.142	6.12286647	0.174919421
-34.142	1.769697797	0.334022867
-34.142	4.400426073	0.348488007
-34.142	3.495364375	0.394297899
-34.142	5.154978941	0.291189796
-34.142	2.751217282	0.406885304
-34.142	5.680931815	0.232973016
-34.142	2.19595567	0.384549393
-34.142	4.984655214	0.306031278
-34.142	2.921404974	0.407067231
-34.142	5.509205226	0.254015775
-34.142	2.379156147	0.39619534
-34.142	4.195002515	0.360922489
-34.142	3.697271262	0.386236833
-34.142	5.73450436	0.230440078
-34.142	2.168117471	0.384774762
-34.142	3.983103945	0.373442138
-34.142	3.917139214	0.376806001
-34.142	4.555055695	0.338387264
-34.142	3.344436484	0.399319195
-34.142	5.478098115	0.259674016
-34.142	2.427635063	0.399720126
-34.142	5.849567587	0.211865746
-34.142	2.027279103	0.369571334
-34.142	6.556597697	0.063907551
-34.142	1.310798467	0.14555317
-34.142	4.272569547	0.35905112
-34.142	3.648873406	0.390797484
-34.142	6.368921511	0.125177479
-34.142	1.510430208	0.263062889
-34.142	4.131725	0.366840038
-34.142	3.784507595	0.384547902
-34.142	3.983263196	0.373905492
-34.142	3.922124257	0.377024366
-34.142	5.592104439	0.244673857
-34.142	2.294622234	0.391770292
-34.142	4.849371317	0.317489665
-34.142	3.060362197	0.406105113
-34.142	4.201565655	0.362331171
-34.142	3.709624588	0.387385188
-34.142	6.024652836	0.186873828
-34.142	1.85039524	0.346229784
-34.142	5.85887683	0.210037143
-34.142	2.014391681	0.367837165
-34.142	4.61046818	0.334540612
-34.142	3.289856078	0.40084002
-34.142	3.961920444	0.376651216
-34.142	3.961512765	0.376672038
-34.142	6.58195592	0.055260969
-34.142	1.291453397	0.126974435
-34.142	5.895223383	0.207980123
-34.142	1.994849802	0.36722839
-34.142	4.566093896	0.338742857
-34.142	3.344506471	0.400265292
-34.142	4.938326602	0.310827219
-34.142	2.976153016	0.407413655
-34.142	6.405956017	0.117703369
-34.142	1.477668909	0.250667526
-34.142	4.729985512	0.325723364
-34.142	3.170282138	0.403508812
-34.142	4.968846498	0.307464064
-34.142	2.938170674	0.407057958
-34.142	6.345389969	0.132614209
-34.142	1.542118396	0.275477067
-34.142	6.21535576	0.160058106
-34.142	1.681061615	0.315756605
-34.142	4.191218643	0.363351257
-34.142	3.724338058	0.387140977
-34.142	6.528024791	0.072157756
-34.142	1.332062936	0.162762103
-34.142	6.144698536	0.170803479
-34.142	1.745218661	0.328965711
-34.142	4.890522589	0.313260791
-34.142	3.010712443	0.405980331
-34.142	4.809828106	0.321290936
-34.142	3.106329591	0.405973735
-34.142	5.480613699	0.256683444
-34.142	2.404906628	0.397065653
-34.142	5.851205517	0.214204225
-34.142	2.041191982	0.372482807
-34.142	5.787289538	0.221266553
-34.142	2.098050639	0.377341911
-34.142	5.813830554	0.219915603
-34.142	2.084163685	0.377220094
-34.142	6.094594852	0.174991272
-34.142	1.775513204	0.332766201
-34.142	4.711026614	0.326652834
-34.142	3.18451591	0.40282811
-34.142	5.076745823	0.298929957
-34.142	2.836191701	0.407805833
-34.142	4.464910951	0.344606716
-34.142	3.434858141	0.396644719
-34.142	4.13162776	0.365426296
-34.142	3.769447991	0.383876517
-34.142	6.113175273	0.174750095
-34.142	1.770717924	0.333307864
-34.142	6.622961185	0.036675793
-34.142	1.259588945	0.085511458
-34.142	4.892855335	0.314396068
-34.142	3.020404573	0.406885706
-34.142	5.913367947	0.204477583
-34.142	1.970607676	0.363797557
-34.142	5.869737372	0.212501329
-34.142	2.02710112	0.371420276
-34.142	5.11473603	0.293936621
-34.142	2.784137099	0.406473283
-34.142	4.122998377	0.366071938
-34.142	3.779743012	0.383562119
-34.142	5.571082412	0.249581509
-34.142	2.333874374	0.395467369
-34.142	4.568441158	0.336708179
-34.142	3.323833916	0.399265967
-34.142	4.265119376	0.358645822
-34.142	3.647336804	0.390073641
-34.142	5.68794399	0.23661712
-34.142	2.219024758	0.388849055
-34.142	4.969209685	0.308656003
-34.142	2.948701494	0.407903882
-34.142	5.036064009	0.302885757
-34.142	2.880706858	0.408102966
-34.142	4.744921118	0.323543107
-34.142	3.145523284	0.403140555
-34.142	4.129249532	0.367211323
-34.142	3.789460558	0.38454398
-34.142	5.251299892	0.280646908
-34.142	2.641567604	0.404450865
-34.142	4.372029041	0.352253232
-34.142	3.543404187	0.394303844
-34.142	6.510250455	0.085998701
-34.142	1.366427089	0.19148993
-34.142	5.780879779	0.220979652
-34.142	2.097538281	0.37666068
-34.142	4.938038585	0.308140694
-34.142	2.952186081	0.405558443
-34.142	4.755556241	0.325077469
-34.142	3.156926563	0.404792845
-34.142	6.134731837	0.170382586
-34.142	1.745086774	0.327862591
-34.142	5.672115646	0.234260823
-34.142	2.20640013	0.385443104
-34.142	6.599094447	0.031718403
-34.142	1.259243977	0.07380779
-34.142	4.949856199	0.30754682
-34.142	2.9438213	0.405903697
-34.142	6.311974695	0.133512796
-34.142	1.551839645	0.275711001
-34.142	6.055051541	0.184708786
-34.142	1.833002688	0.344735563
-34.142	6.088961805	0.175461353
-34.142	1.778952602	0.333181424
-34.142	5.246993455	0.281616657
-34.142	2.650421979	0.404979477
-34.142	4.661100885	0.330367848
-34.142	3.234472533	0.401763153
-34.142	6.316090426	0.140244065
-34.142	1.577259495	0.287569655
-34.142	6.075770133	0.181322293
-34.142	1.811307325	0.34098334
-34.142	4.327471706	0.35371831
-34.142	3.573922233	0.391960563
-34.142	5.331111186	0.274334342
-34.142	2.572810786	0.404020467
-34.142	4.361655707	0.351451591
-34.142	3.538762013	0.393169648
-34.142	4.260029895	0.359577703
-34.142	3.658946635	0.390175163
-34.142	4.937757201	0.308307096
-34.142	2.953741228	0.405655065
-34.142	5.171034942	0.287975841
-34.142	2.720531698	0.405388541
-34.142	6.300886233	0.135623315
-34.142	1.562015293	0.278950771
-34.142	6.174225769	0.163377903
-34.142	1.704204699	0.319048851
-34.142	5.849964855	0.211409277
-34.142	2.024439851	0.369037724
-34.142	5.745249398	0.226997876
-34.142	2.143369357	0.381551025
-34.142	6.374820634	0.121735422
-34.142	1.497244482	0.256988872
-34.142	5.906150748	0.207665217
-34.142	1.990813188	0.367414547
-34.142	4.965794113	0.307181501
-34.142	2.936446591	0.406667515
-34.142	4.916269739	0.312842282
-34.142	3.00011259	0.407357037
-34.142	5.77217275	0.225303218
-34.142	2.126917233	0.38112768
-34.142	4.338807981	0.352735045
-34.142	3.559842848	0.392245682
-34.142	6.332602709	0.134487874
-34.142	1.55164589	0.27826079
-34.142	5.375502547	0.269038949
-34.142	2.521417652	0.402105371
-34.142	5.798717607	0.220630782
-34.142	2.091718292	0.377229154
-34.142	6.181041581	0.159543191
-34.142	1.685275748	0.313381091
-34.142	4.192187978	0.361897166
-34.142	3.708598649	0.386509882
-34.142	4.103293409	0.366417669
-34.142	3.791293426	0.382309164
-34.142	5.204591286	0.287513163
-34.142	2.708729215	0.407094944
-34.142	4.90573096	0.313482434
-34.142	3.008691765	0.407107317
-34.142	3.975706505	0.374326635
-34.142	3.929997502	0.376658466
-34.142	4.29055003	0.357335541
-34.142	3.624481517	0.391207632
-34.142	4.409931462	0.34830114
-34.142	3.490267273	0.39485422
-34.142	4.931731785	0.309785956
-34.142	2.968526464	0.406282961
-34.142	5.83685182	0.215361079
-34.142	2.051174554	0.373095992
-34.142	6.021101103	0.186792186
-34.142	1.850655519	0.345939306
-34.142	5.900940623	0.209316856
-34.142	2.001694978	0.36918543
-34.142	4.657682355	0.330595952
-34.142	3.237669545	0.40167174
-34.142	4.435995539	0.348343749
-34.142	3.48201029	0.396669641
-34.142	4.124054051	0.367700791
-34.142	3.796762579	0.384399486
-34.142	6.286968456	0.144022162
-34.142	1.598042686	0.292768075
-34.142	4.231200083	0.35945022
-34.142	3.668226221	0.388079854
-34.142	4.689077421	0.330588835
-34.142	3.228387119	0.403753354
-34.142	3.982671078	0.374210483
-34.142	3.925711406	0.377116759
-34.142	6.127950373	0.169657986
-34.142	1.742886285	0.326454733
-34.142	5.779552204	0.22326011
-34.142	2.112299441	0.379209508
-34.142	5.298511393	0.27595625
-34.142	2.593083314	0.403425031
-34.142	6.472350991	0.096243173
-34.142	1.400015913	0.211269801
-34.142	6.527170083	0.085070045
-34.142	1.361014345	0.190042586
-34.142	5.3824177	0.268965842
-34.142	2.519307893	0.402454209
-34.142	4.885041173	0.315671678
-34.142	3.034121477	0.407223981
-34.142	6.469643494	0.101456097
-34.142	1.415152601	0.221585562
-34.142	4.934259833	0.309430217
-34.142	2.964680739	0.406201864
-34.142	4.874494732	0.313542902
-34.142	3.017556063	0.405134637
-34.142	6.509816809	0.085918608
-34.142	1.366312873	0.191311394
-34.142	5.138879088	0.291606383
-34.142	2.758596163	0.406205547
-34.142	4.45645627	0.347386715
-34.142	3.465594007	0.39756355
-34.142	5.564164925	0.249022555
-34.142	2.331339429	0.394516738
-34.142	6.069482426	0.179718389
-34.142	1.804272361	0.33838699
-34.142	6.29308454	0.140135801
-34.142	1.581177263	0.286420577
-34.142	4.44325871	0.347146425
-34.142	3.467496902	0.396530663
-34.142	6.26113803	0.147921234
-34.142	1.619137082	0.298178326
-34.142	3.959602526	0.375893131
-34.142	3.954187438	0.376169534
-34.142	4.914716275	0.311457036
-34.142	2.988006221	0.406325872
-34.142	5.684823164	0.235785679
-34.142	2.214034277	0.387788608
-34.142	5.930475515	0.205281152
-34.142	1.971935877	0.365709323
-34.142	6.07951905	0.177786715
-34.142	1.792484277	0.336099936
-34.142	5.515289589	0.256131881
-34.142	2.393352968	0.398569557
-34.142	4.399818364	0.349022482
-34.142	3.500987876	0.394538464
-34.142	5.594214901	0.247051686
-34.142	2.310952766	0.394285053
-34.142	5.000056269	0.304739119
-34.142	2.906068817	0.407138373
-34.142	5.481914854	0.256190838
-34.142	2.400997972	0.396675912
-34.142	5.508503765	0.256424967
-34.142	2.396968708	0.398451529
-34.142	4.188703605	0.361516064
-34.142	3.705911241	0.386077803
-34.142	6.471546147	0.097340911
-34.142	1.403182088	0.21344752
-34.142	6.582598971	0.051103882
-34.142	1.285067766	0.117686873
-34.142	5.603993385	0.243129783
-34.142	2.28131429	0.390879009
-34.142	5.373543198	0.269070274
-34.142	2.522098484	0.402015785
-34.142	4.958096184	0.309085205
-34.142	2.95540002	0.407489605
-34.142	4.007801442	0.3719101
-34.142	3.889884491	0.37792172
-34.142	6.37960609	0.124034971
-34.142	1.504372547	0.261390801
-34.142	5.454448771	0.262106096
-34.142	2.451023965	0.4005726
-34.142	6.319722188	0.138913434
-34.142	1.571288122	0.285431632
-34.142	4.555775169	0.340250468
-34.142	3.362579043	0.400416941
-34.142	5.693518231	0.235010786
-34.142	2.207012097	0.387448279
-34.142	4.470196204	0.343564308
-34.142	3.422717526	0.396437548
-34.142	4.906436932	0.31060424
-34.142	2.98252732	0.405216906
-34.142	5.526754679	0.25122756
-34.142	2.355164242	0.394518347
-34.142	4.70941324	0.326990221
-34.142	3.188176536	0.402927672
-34.142	5.011448538	0.30395214
-34.142	2.896255285	0.407304447
-34.142	5.489644156	0.258491985
-34.142	2.416331519	0.399294918
-34.142	6.332514098	0.136983206
-34.142	1.561300875	0.282617337
-34.142	5.238528985	0.284539389
-34.142	2.676245261	0.406820523
-34.142	6.337263876	0.13376809
-34.142	1.548020903	0.277184959
-34.142	6.096323701	0.178359754
-34.142	1.792139704	0.337745071
-34.142	5.468767724	0.257447336
-34.142	2.413127155	0.397091357
-34.142	4.254467724	0.35905524
-34.142	3.655506916	0.389526346
-34.142	4.285813957	0.357598803
-34.142	3.628924318	0.391006948
-34.142	6.21242391	0.156721643
-34.142	1.666565532	0.310336206
-34.142	4.748096795	0.323204543
-34.142	3.141451263	0.403137768
-34.142	5.483482999	0.256782223
-34.142	2.405010341	0.39732688
-34.142	6.194487089	0.161345681
-34.142	1.690930735	0.316821805
-34.142	6.033573754	0.189433609
-34.142	1.862401253	0.350195374
-34.142	5.574481472	0.24608649
-34.142	2.308297606	0.392184835
-34.142	5.516053331	0.255333887
-34.142	2.387322975	0.39785498
-34.142	4.715813507	0.326566926
-34.142	3.18232208	0.403091725
-34.142	3.974390768	0.374622449
-34.142	3.933803788	0.376693336
-34.142	6.039406573	0.187072976
-34.142	1.848581167	0.347242961
-34.142	4.862340889	0.315322529
-34.142	3.037009936	0.405527591
-34.142	6.58804987	0.047011517
-34.142	1.278360093	0.108565044
-34.142	6.369458545	0.123274895
-34.142	1.503613477	0.259611215
-34.142	5.623706086	0.243094666
-34.142	2.276928895	0.391967239
-34.142	5.56919798	0.247426848
-34.142	2.318904871	0.393222463
-34.142	6.238521549	0.152927881
-34.142	1.644871362	0.305399389
-34.142	5.421533054	0.262440093
-34.142	2.460776572	0.398933635
-34.142	4.763646736	0.323471167
-34.142	3.139548608	0.404325459
-34.142	4.71164798	0.328680924
-34.142	3.203604527	0.404102153
-34.142	5.157720032	0.292142781
-34.142	2.758586092	0.407784681
-34.142	6.521992789	0.078892821
-34.142	1.347611144	0.176942196
-34.142	5.01402557	0.302313578
-34.142	2.881252431	0.406301185
-34.142	5.878393046	0.21095677
-34.142	2.016023626	0.370001671
-34.142	4.131481824	0.364771518
-34.142	3.762539954	0.383556256
-34.142	3.988165175	0.374699749
-34.142	3.928694999	0.377735831
-34.142	6.476284163	0.098708954
-34.142	1.406101876	0.216336404
-34.142	4.841577555	0.317690288
-34.142	3.064320495	0.405729822
-34.142	5.43328956	0.264008087
-34.142	2.470045093	0.401054915
-34.142	5.297673669	0.278864561
-34.142	2.61651489	0.405803599
-34.142	4.548863572	0.341005729
-34.142	3.372209151	0.40037161
-34.142	6.457303169	0.10434795
-34.142	1.425913862	0.226875879
-34.142	6.611915003	0.02840441
-34.142	1.254021594	0.066291547
-34.142	5.23682422	0.282828495
-34.142	2.662647089	0.405340588
-34.142	5.649196749	0.239838181
-34.142	2.249052762	0.390052081
-34.142	6.4633506	0.097774556
-34.142	1.405921287	0.214054361
-34.142	5.113123772	0.294425121
-34.142	2.788676978	0.406740608
-34.142	5.447887888	0.259724683
-34.142	2.434607027	0.397990843
-34.142	4.59584004	0.336641692
-34.142	3.314766902	0.401071181
-34.142	6.28718305	0.139157562
-34.142	1.578417252	0.284496436
-34.142	6.380739019	0.12001141
-34.142	1.490209184	0.254027748
-34.142	4.06525061	0.369799107
-34.142	3.84303033	0.381133001
-34.142	4.535873706	0.33907819
-34.142	3.357236814	0.398412659
-34.142	5.525333742	0.253918221
-34.142	2.374975681	0.397040179
-34.142	5.234130604	0.281990159
-34.142	2.65645769	0.404497002
-34.142	6.04293848	0.188173765
-34.142	1.853792365	0.348937882
-34.142	5.6624663	0.235799571
-34.142	2.218763936	0.386546308
-34.142	5.067796518	0.298328183
-34.142	2.83321282	0.406803216
-34.142	5.202398708	0.286811488
-34.142	2.703432089	0.40640775
-34.142	4.956167935	0.306369341
-34.142	2.931741423	0.405488935
-34.142	5.641725425	0.241232088
-34.142	2.260226419	0.391075791
-34.142	4.476293482	0.34475315
-34.142	3.432623166	0.39750201
-34.142	4.280084932	0.356991466
-34.142	3.624667337	0.390301975
-34.142	5.958114828	0.199361739
-34.142	1.932264159	0.359575144
-34.142	5.094469877	0.297252654
-34.142	2.817389528	0.407683228
-34.142	4.323772533	0.354734196
-34.142	3.585698356	0.392220312
-34.142	4.589679559	0.337995977
-34.142	3.32991844	0.401430145
-34.142	5.034561057	0.300445454
-34.142	2.859812799	0.406254416
-34.142	4.058749024	0.369742059
-34.142	3.845088516	0.38063645
-34.142	5.753467985	0.22660491
-34.142	2.139140885	0.381564198
-34.142	6.113578888	0.176660915
-34.142	1.780215329	0.336120443
-34.142	4.981883487	0.305445392
-34.142	2.91693786	0.406480749
-34.142	6.092157307	0.181121973
-34.142	1.807110627	0.34150301
-34.142	6.560494186	0.055781164
-34.142	1.296292649	0.127716663
-34.142	4.50036087	0.343962583
-34.142	3.416962699	0.398712169
-34.142	4.033053409	0.372827193
-34.142	3.889203158	0.380172625
-34.142	5.936502428	0.201911738
-34.142	1.951136808	0.361742264
-34.142	3.985613033	0.37394821
-34.142	3.921576149	0.377215303
-34.142	6.161996732	0.168616263
-34.142	1.731323895	0.326492665
-34.142	5.548796067	0.250806544
-34.142	2.347408954	0.395383585
-34.142	5.760632175	0.227728495
-34.142	2.144998883	0.38321734
-34.142	3.974122802	0.375729526
-34.142	3.946057644	0.377162662
-34.142	5.974150843	0.198719242
-34.142	1.92546669	0.359567667
-34.142	5.036523587	0.301842205
-34.142	2.871468927	0.407385082
-34.142	5.612556811	0.244049709
-34.142	2.285939308	0.392305834
-34.142	6.574609792	0.066813059
-34.142	1.31282316	0.15230748
-34.142	4.531752869	0.341290014
-34.142	3.380384246	0.399371609
-34.142	5.547048203	0.250435307
-34.142	2.345111305	0.394918976
-34.142	5.231548615	0.282840654
-34.142	2.663979935	0.405027609
-34.142	6.314376965	0.13890359
-34.142	1.572257072	0.285192249
-34.142	5.594684633	0.244193214
-34.142	2.290708349	0.391430442
-34.142	6.139302117	0.167148497
-34.142	1.728664453	0.323201098
-34.142	4.934547301	0.310432959
-34.142	2.97359364	0.406903928
-34.142	4.630412387	0.334722588
-34.142	3.285619612	0.402280601
-34.142	5.767378935	0.222642219
-34.142	2.110833515	0.37783579
-34.142	4.637586248	0.33215869
-34.142	3.258664445	0.401259041
-34.142	5.240428841	0.282465372
-34.142	2.658848364	0.405267334
-34.142	4.150769098	0.36433121
-34.142	3.750298031	0.384726917
-34.142	5.807452684	0.218766089
-34.142	2.078233183	0.375531326
-34.142	6.168345828	0.162209881
-34.142	1.699922476	0.31696653
-34.142	5.625040949	0.243434852
-34.142	2.279025237	0.392391121
-34.142	6.235216639	0.149941601
-34.142	1.632636215	0.300380112
-34.142	4.613002419	0.334423394
-34.142	3.287951352	0.400941683
-34.142	6.368884432	0.119995666
-34.142	1.492398249	0.253554065
-34.142	5.42518156	0.264034702
-34.142	2.47203064	0.400598942
-34.142	6.321840183	0.13872266
-34.142	1.570135381	0.28519044
-34.142	5.018111311	0.304299091
-34.142	2.897624379	0.407971894
-34.142	5.282062003	0.277437125
-34.142	2.608657609	0.40366965
-34.142	4.655839792	0.330873415
-34.142	3.240875604	0.401714336
-34.142	6.245766479	0.152063761
-34.142	1.639742661	0.304314856
-34.142	5.414526852	0.265645044
-34.142	2.486645845	0.401417794
-34.142	4.03549329	0.372682757
-34.142	3.886610432	0.380284998
-34.142	5.054908572	0.29823361
-34.142	2.835606407	0.405924009
-34.142	5.845803216	0.212213179
-34.142	2.030140408	0.369791493
-34.142	4.202830364	0.362307282
-34.142	3.70889472	0.387463378
-34.142	6.230855015	0.15549539
-34.142	1.657603762	0.309202318
-34.142	4.913893792	0.312258491
-34.142	2.995454498	0.406812835
-34.142	4.636045624	0.333755072
-34.142	3.274545226	0.402093502
-34.142	5.400770153	0.265834045
-34.142	2.491138017	0.400769758
-34.142	5.106683598	0.293254269
-34.142	2.780328828	0.405455642
-34.142	5.555558795	0.250608313
-34.142	2.344541986	0.395580511
-34.142	4.425089228	0.34894305
-34.142	3.491708679	0.396237321
-34.142	4.224122143	0.359933563
-34.142	3.675925332	0.387816927
-34.142	5.522971965	0.254754935
-34.142	2.381596264	0.397705045
-34.142	4.146391127	0.3640512
-34.142	3.749036302	0.384280739
-34.142	5.547988132	0.250932791
-34.142	2.348490526	0.395460315
-34.142	5.457782531	0.262376829
-34.142	2.452340231	0.401017045
-34.142	5.470859402	0.2611133
-34.142	2.439984115	0.400626894
-34.142	6.544561155	0.06611893
-34.142	1.317129117	0.150108809
-34.142	6.056140046	0.182100993
-34.142	1.819151714	0.341121348
-34.142	6.485316262	0.090516441
-34.142	1.382412	0.200060156
-34.142	6.165326341	0.16863834
-34.142	1.730794271	0.326682896
-34.142	4.893577678	0.314391088
-34.142	3.020167606	0.406928953
-34.142	6.563626791	0.057508406
-34.142	1.298474903	0.13160961
-34.142	4.804955842	0.321901796
-34.142	3.113366853	0.406042461
-34.142	4.078877297	0.369266955
-34.142	3.831724174	0.381873212
-34.142	4.57190833	0.338356683
-34.142	3.338913153	0.400438681
-34.142	6.618203205	0.042739727
-34.142	1.267302853	0.099340866
-34.142	4.064037521	0.368736449
-34.142	3.832083154	0.380556573
-34.142	5.326822314	0.272505293
-34.142	2.559393897	0.402197694
-34.142	4.76309391	0.323776733
-34.142	3.142569581	0.404479916
-34.142	6.445108757	0.106239919
-34.142	1.433856585	0.230161135
-34.142	6.126025595	0.173584206
-34.142	1.762455361	0.332208789
-34.142	4.306068383	0.354978092
-34.142	3.594486353	0.391107934
-34.142	6.100174663	0.178257186
-34.142	1.790875756	0.33778446
-34.142	6.068220351	0.179668053
-34.142	1.804260143	0.338253182
-34.142	4.36618662	0.351780841
-34.142	3.540568619	0.393654583
-34.142	5.06736512	0.29847844
-34.142	2.834614415	0.406886327
-34.142	4.802500745	0.320807084
-34.142	3.103847724	0.405188574
-34.142	5.778422101	0.224370424
-34.142	2.11964432	0.380413213
-34.142	5.280387457	0.279784001
-34.142	2.627875311	0.405513577
-34.142	4.738614046	0.325515854
-34.142	3.165861605	0.403949343
-34.142	5.760867004	0.223289617
-34.142	2.116290763	0.378219113
-34.142	5.388195809	0.267097996
-34.142	2.503619973	0.401148326
-34.142	5.126574615	0.291852335
-34.142	2.763648822	0.405628787
-34.142	4.20162829	0.362455736
-34.142	3.710917193	0.387449695
-34.142	6.123851597	0.174125496
-34.142	1.765556665	0.332902794
-34.142	5.050589032	0.300346737
-34.142	2.854942378	0.407193091
-34.142	4.891248963	0.313692933
-34.142	3.014438727	0.406315146
-34.142	5.013883641	0.304390598
-34.142	2.899496104	0.40776889
-34.142	6.541545818	0.068613875
-34.142	1.322456763	0.155452663
-34.142	5.766142907	0.226617615
-34.142	2.136648791	0.38227727
-34.142	4.311188502	0.35512854
-34.142	3.59422116	0.391541959
-34.142	5.817216623	0.217708856
-34.142	2.069663868	0.374818973
-34.142	6.530499725	0.083192308
-34.142	1.355908162	0.186214798
-34.142	4.302052373	0.354471663
-34.142	3.590693159	0.390570028
-34.142	4.909257449	0.313592871
-34.142	3.00876536	0.407407748
-34.142	5.878062568	0.208780952
-34.142	2.003035902	0.367311062
-34.142	5.356691993	0.271667807
-34.142	2.546084823	0.403270508
-34.142	4.088865662	0.36996062
-34.142	3.835164545	0.382912122
-34.142	4.654062769	0.333144417
-34.142	3.263279331	0.402937942
-34.142	4.546030637	0.340857398
-34.142	3.371621472	0.400097371
-34.142	4.734947172	0.326098981
-34.142	3.172413463	0.404066715
-34.142	5.648238322	0.239367576
-34.142	2.246018495	0.38950673
-34.142	5.953581566	0.19805302
-34.142	1.925730966	0.357636587
-34.142	4.798519176	0.321135627
-34.142	3.108004215	0.405137341
-34.142	4.958154357	0.307571569
-34.142	2.941887172	0.406450559
-34.142	5.272130418	0.277672571
-34.142	2.61283358	0.403262978
-34.142	5.588657546	0.246703577
-34.142	2.309655942	0.393617592
-34.142	6.561112322	0.062969538
-34.142	1.308266754	0.143596858
-34.142	5.096515428	0.294067361
-34.142	2.789709438	0.405434737
-34.142	5.262156204	0.27843572
-34.142	2.62125273	0.403290798
-34.142	5.293476804	0.276320936
-34.142	2.597136784	0.403426991
-34.142	5.93129798	0.204097457
-34.142	1.9648444	0.364256018
-34.142	6.467206648	0.099636406
-34.142	1.410412905	0.217892671
-34.142	6.053417118	0.182024007
-34.142	1.819282753	0.340878174
-34.142	6.020237741	0.191038305
-34.142	1.873710352	0.351707334
-34.142	5.575889239	0.248289658
-34.142	2.323622301	0.39446597
-34.142	4.14357471	0.366072219
-34.142	3.771648214	0.385036068
-34.142	4.266922417	0.356666043
-34.142	3.626063621	0.389214807
-34.142	4.609903086	0.335631585
-34.142	3.300637715	0.40143384
-34.142	6.300024451	0.137404468
-34.142	1.569086286	0.282007488
-34.142	6.076313516	0.179389248
-34.142	1.801261288	0.338249683
-34.142	4.813407564	0.319500523
-34.142	3.088724256	0.405065581
-34.142	6.117525083	0.175273387
-34.142	1.772491871	0.334284672
-34.142	6.458298402	0.101891124
-34.142	1.418532875	0.222072347
-34.142	5.359517656	0.27095461
-34.142	2.539881046	0.402821835
-34.142	4.961666933	0.306172845
-34.142	2.928576648	0.405702572
-34.142	5.758311487	0.224999071
-34.142	2.127773331	0.380021392
-34.142	4.258857781	0.358392808
-34.142	3.64697772	0.389507936
-34.142	5.956494211	0.197558848
-34.142	1.922366404	0.35714066
-34.142	6.167970759	0.164888019
-34.142	1.712462721	0.321087387
-34.142	5.773696761	0.223432564
-34.142	2.114590082	0.3790857
-34.142	4.343264467	0.352962803
-34.142	3.560624934	0.392672816
-34.142	5.144309294	0.292490726
-34.142	2.764739061	0.407217772
-34.142	4.87721673	0.315817959
-34.142	3.037544518	0.406814981
-34.142	5.741441738	0.229247724
-34.142	2.158847879	0.383844442
-34.142	6.023632909	0.189208632
-34.142	1.863117886	0.34938749
-34.142	4.289837069	0.357712619
-34.142	3.628666655	0.391345638
-34.142	5.889920691	0.209989695
-34.142	2.007912215	0.369429398
-34.142	4.834963466	0.318096063
-34.142	3.069855387	0.405563285
-34.142	6.355813258	0.123663011
-34.142	1.507555979	0.259798178
-34.142	4.584994813	0.336277113
-34.142	3.314521799	0.400133139
-34.142	6.135727796	0.172309267
-34.142	1.754304913	0.330784258
-34.142	4.789435587	0.321390808
-34.142	3.112900377	0.404705673
-34.142	5.476863599	0.258693654
-34.142	2.420598743	0.398734164
-34.142	6.538759552	0.071970115
-34.142	1.329665075	0.162623078
-34.142	6.2261582	0.150971118
-34.142	1.638773449	0.301667359
-34.142	4.438042457	0.346014291
-34.142	3.457815041	0.395565511
-34.142	4.650788809	0.33078562
-34.142	3.241533946	0.401325664
-34.142	5.838415717	0.216783598
-34.142	2.059655695	0.374871524
-34.142	5.231867229	0.28218053
-34.142	2.658534368	0.404512976
-34.142	6.103424442	0.173244807
-34.142	1.765141819	0.330624423
-34.142	6.625713508	0.018042176
-34.142	1.244626809	0.042298062
-34.142	5.979495534	0.193695031
-34.142	1.896267792	0.353212169
-34.142	4.091379195	0.367679516
-34.142	3.809591977	0.382040668
-34.142	6.54306204	0.075277338
-34.142	1.335765449	0.169814369
-34.142	4.457418523	0.34556764
-34.142	3.446944137	0.396652709
-34.142	3.971261006	0.376056245
-34.142	3.950891776	0.37709653
-34.142	4.933698464	0.30865848
-34.142	2.95793535	0.405636991
-34.142	4.954475153	0.307005931
-34.142	2.937819281	0.405823716
-34.142	4.719921482	0.326316925
-34.142	3.178775268	0.403209746
-34.142	5.715251235	0.229243509
-34.142	2.164187476	0.382386687
-34.142	5.100390248	0.297293111
-34.142	2.816289852	0.408083523
-34.142	4.474259087	0.346192608
-34.142	3.447749114	0.398141229
-34.142	5.442309204	0.263501312
-34.142	2.464223351	0.401128725
-34.142	5.369506232	0.268792077
-34.142	2.520851969	0.401530034
-34.142	6.305675241	0.140745586
-34.142	1.581229138	0.28799238
-34.142	4.39278314	0.349757376
-34.142	3.510836165	0.394439626
-34.142	5.799306317	0.218027076
-34.142	2.075268466	0.374222946
-34.142	5.288200224	0.27865423
-34.142	2.616991089	0.405054543
-34.142	3.979595302	0.374121479
-34.142	3.926069539	0.376852054
-34.142	5.697746659	0.232745417
-34.142	2.190956161	0.385243518
-34.142	4.353753412	0.353496203
-34.142	3.562468352	0.393675472
-34.142	4.475599125	0.34422151
-34.142	3.427525064	0.397165391
-34.142	5.662609565	0.237494059
-34.142	2.230222694	0.388351097
-34.142	4.437182112	0.34679149
-34.142	3.465923451	0.395923784
-34.142	4.832667272	0.318598399
-34.142	3.075112415	0.4057386
-34.142	4.743791096	0.326180865
-34.142	3.170674208	0.404699298
-34.142	5.005519018	0.30344832
-34.142	2.893337475	0.406571405
-34.142	4.100710935	0.367262455
-34.142	3.80136338	0.382518373
-34.142	6.064421065	0.185357486
-34.142	1.834616608	0.346107499
-34.142	4.464563517	0.346211078
-34.142	3.451082945	0.397488416
-34.142	4.929465016	0.310702251
-34.142	2.977341467	0.406761194
-34.142	5.272171024	0.279404687
-34.142	2.626711481	0.404701343
-34.142	5.886937363	0.207806029
-34.142	1.995463781	0.366574042
-34.142	5.118780415	0.294154953
-34.142	2.78500508	0.406889944
-34.142	4.611987424	0.33375245
-34.142	3.281757763	0.400482756
-34.142	4.391716324	0.349239163
-34.142	3.505932302	0.394093386
-34.142	5.136229881	0.291798905
-34.142	2.760856611	0.406188188
-34.142	5.066483838	0.298809452
-34.142	2.837687661	0.407073397
-34.142	6.387667113	0.118834802
-34.142	1.484911579	0.25210155
-34.142	5.995803732	0.191669889
-34.142	1.881932727	0.351324109
-34.142	5.845027909	0.214109209
-34.142	2.041846888	0.372037154
-34.142	5.845261441	0.21373635
-34.142	2.03951952	0.371601538
-34.142	4.495128063	0.342848541
-34.142	3.407517465	0.397745424
-34.142	5.19896698	0.286678351
-34.142	2.703141548	0.406091528
-34.142	4.046233619	0.372277676
-34.142	3.877733211	0.380882233
-34.142	6.265283394	0.1456154
-34.142	1.608722175	0.294516572
-34.142	6.246891982	0.150385725
-34.142	1.632305684	0.301620884
-34.142	6.402677432	0.120594735
-34.142	1.488078255	0.255932736
-34.142	6.079011159	0.181108528
-34.142	1.809575525	0.340838419
-34.142	4.43478349	0.34881728
-34.142	3.48721688	0.396837147
-34.142	6.487968691	0.095591576
-34.142	1.395317086	0.210448316
-34.142	6.233933992	0.155731221
-34.142	1.658064595	0.309718941
-34.142	5.783309548	0.222712544
-34.142	2.108042901	0.378788343
-34.142	4.245872391	0.358509286
-34.142	3.652960399	0.388651028
-34.142	4.676331491	0.330081252
-34.142	3.227242977	0.402604235
-34.142	4.078226253	0.369739434
-34.142	3.83708565	0.382043219
-34.142	4.228957626	0.361871567
-34.142	3.694515143	0.389102774
-34.142	5.330365328	0.272284625
-34.142	2.55685962	0.402221109
-34.142	5.902384437	0.206431887
-34.142	1.984258952	0.365677178
-34.142	4.011662312	0.37152365
-34.142	3.884052725	0.378028408
-34.142	4.501518356	0.342724853
-34.142	3.404237334	0.398112334
-34.142	4.123730047	0.366375259
-34.142	3.782692265	0.383757044
-34.142	4.263237761	0.358143127
-34.142	3.642773254	0.38969227
-34.142	4.926317498	0.311364262
-34.142	2.984123422	0.407007693
-34.142	4.068098242	0.37038137
-34.142	3.848154618	0.381605253
-34.142	4.04427334	0.371015118
-34.142	3.864839983	0.380168608
-34.142	4.551240609	0.338730379
-34.142	3.348998002	0.399255623
-34.142	5.756357938	0.224276625
-34.142	2.123528963	0.379095117
-34.142	5.415397168	0.263932041
-34.142	2.473413808	0.399926238
-34.142	6.130376759	0.171283486
-34.142	1.750310237	0.32900217
-34.142	6.357316788	0.129670661
-34.142	1.528893364	0.270716181
-34.142	4.873178893	0.316490604
-34.142	3.044784786	0.406994988
-34.142	6.540031759	0.071818287
-34.142	1.329117312	0.16232797
-34.142	4.920799867	0.312715012
-34.142	2.997771741	0.4075627
-34.142	4.153207047	0.365581118
-34.142	3.762651987	0.385493245
-34.142	4.591757784	0.336423595
-34.142	3.313881008	0.400671849
-34.142	5.179259821	0.289504036
-34.142	2.731295791	0.407087128
-34.142	5.111611403	0.293769679
-34.142	2.783484504	0.406152512
-34.142	5.279063734	0.276984903
-34.142	2.605743209	0.403109897
-34.142	6.532568319	0.075382965
-34.142	1.337953281	0.169771524
-34.142	5.129533372	0.292624801
-34.142	2.769439898	0.406401419
-34.142	6.591779687	0.038750247
-34.142	1.267629509	0.089849828
-34.142	4.911254207	0.311859606
-34.142	2.992548271	0.406374938
-34.142	4.504807542	0.341299318
-34.142	3.389025981	0.397547831
-34.142	4.213728774	0.361793137
-34.142	3.699367519	0.38798733
-34.142	4.695002962	0.329905833
-34.142	3.220118868	0.403737683
-34.142	4.212535694	0.36158797
-34.142	3.69765158	0.387803425
-34.142	4.384147156	0.350210851
-34.142	3.51838803	0.394080554
-34.142	4.673888964	0.33007984
-34.142	3.227946214	0.402441165
-34.142	5.149109673	0.290381257
-34.142	2.745846643	0.405899541
-34.142	4.00691568	0.37399817
-34.142	3.913000641	0.378793495
-34.142	4.694173417	0.330320189
-34.142	3.224330264	0.403930728
-34.142	5.058182915	0.299778126
-34.142	2.848122698	0.407258222
-34.142	5.421455947	0.263333591
-34.142	2.467539898	0.399742604
-34.142	5.494362653	0.256335371
-34.142	2.399358472	0.397540663
-34.142	4.288211499	0.355535344
-34.142	3.606639387	0.390140087
-34.142	5.16861264	0.289283053
-34.142	2.731987618	0.406257563
-14.142	5.864800771	0.211000873
-14.142	2.019000215	0.369331448
-14.142	5.128050383	0.292351204
-14.142	2.767491586	0.40610099
-14.142	5.289747941	0.274579319
-14.142	2.584202533	0.401731056
-14.142	5.36086552	0.270879477
-14.142	2.538992671	0.402837351
-14.142	6.04006447	0.185413749
-14.142	1.839637442	0.344974024
-14.142	4.024224063	0.372023399
-14.142	3.884161738	0.379168859
-14.142	5.083733853	0.294553239
-14.142	2.796986687	0.405000898
-14.142	5.368617131	0.268020751
-14.142	2.5151015	0.400797297
-14.142	5.70612773	0.229503082
-14.142	2.167774921	0.382166143
-14.142	4.279563539	0.354943519
-14.142	3.60365042	0.389234447
-14.142	5.500578444	0.253725097
-14.142	2.378906026	0.395413776
-14.142	5.897884943	0.206319228
-14.142	1.984488858	0.36529911
-14.142	5.622516092	0.240037915
-14.142	2.256009153	0.3887471
-14.142	6.505312537	0.0860659
-14.142	1.367515574	0.191487582
-14.142	4.735663131	0.3256161
-14.142	3.167648276	0.403816815
-14.142	4.142494838	0.365068954
-14.142	3.76137305	0.384485488
-14.142	6.515449722	0.082011424
-14.142	1.355951965	0.183324858
-14.142	6.015041623	0.190153127
-14.142	1.869906224	0.350242649
-14.142	4.072956043	0.368054981
-14.142	3.821108307	0.380885968
-14.142	4.121453676	0.366895721
-14.142	3.789160213	0.38383751
-14.142	5.016281939	0.302881196
-14.142	2.885641933	0.406849328
-14.142	5.336857333	0.270121648
-14.142	2.538525699	0.400738015
-14.142	5.427450187	0.263665507
-14.142	2.468730232	0.40039878
-14.142	6.090471248	0.17318533
-14.142	1.767367334	0.329915602
-14.142	6.460797577	0.090844563
-14.142	1.387878959	0.199993741
-14.142	6.213279792	0.156432539
-14.142	1.665113599	0.309913393
-14.142	5.632540819	0.240074784
-14.142	2.254157459	0.389354333
-14.142	4.716719571	0.326847781
-14.142	3.184720098	0.403323336
-14.142	5.671825151	0.232636844
-14.142	2.19561405	0.383675744
-14.142	5.018995614	0.300550567
-14.142	2.86465633	0.405347705
-14.142	5.250772189	0.280647395
-14.142	2.641694409	0.404419075
-14.142	4.274110439	0.356857389
-14.142	3.625436485	0.389815559
-14.142	6.127589075	0.170108687
-14.142	1.745135993	0.327113547
-14.142	5.302019154	0.276052506
-14.142	2.593044206	0.403718323
-14.142	4.366067664	0.350260971
-14.142	3.525096259	0.392855138
-14.142	4.824500557	0.318422815
-14.142	3.075725612	0.405094397
-14.142	6.170964717	0.165414684
-14.142	1.714366962	0.322035423
-14.142	5.055287754	0.296437872
-14.142	2.820119152	0.404623325
-14.142	4.744534829	0.325100256
-14.142	3.160259942	0.404082404
-14.142	6.261851654	0.147616859
-14.142	1.61772174	0.297704276
-14.142	6.324097844	0.130067543
-14.142	1.536642323	0.270105137
-14.142	6.061785246	0.182896963
-14.142	1.822196204	0.342524325
-14.142	4.608036891	0.332778206
-14.142	3.273549466	0.399647569
-14.142	5.537530125	0.249839338
-14.142	2.342873795	0.39378367
-14.142	4.848004824	0.31445976
-14.142	3.033040885	0.404030139
-14.142	6.543208321	0.072299328
-14.142	1.329505439	0.163439807
-14.142	4.365468351	0.351340215
-14.142	3.536309194	0.393376202
-14.142	4.883630617	0.313362403
-14.142	3.01347201	0.405603847
-14.142	4.113756163	0.364963288
-14.142	3.771614935	0.382375854
-14.142	5.081999469	0.296177987
-14.142	2.811251225	0.406105875
-14.142	5.1703942	0.289551437
-14.142	2.7338026	0.406575942
-14.142	6.575581831	0.05948185
-14.142	1.299508796	0.136220969
-14.142	5.362383261	0.268433958
-14.142	2.519689559	0.400789026
-14.142	5.067774425	0.298377798
-14.142	2.833645698	0.406838228
-14.142	5.042973848	0.298095824
-14.142	2.837413522	0.405072016
-14.142	4.532618167	0.340837089
-14.142	3.375622795	0.399178127
-14.142	5.381044856	0.265194582
-14.142	2.490671216	0.39902313
-14.142	5.231830032	0.282487464
-14.142	2.661038491	0.404759299
-14.142	5.009987639	0.303510752
-14.142	2.892750648	0.406898844
-14.142	4.344432642	0.352855442
-14.142	3.559115433	0.392698858
-14.142	4.131541948	0.364670733
-14.142	3.761445584	0.38351276
-14.142	6.50986981	0.084299291
-14.142	1.362393228	0.187947783
-14.142	5.053781651	0.29771336
-14.142	2.831417145	0.405470853
-14.142	3.947760071	0.374093883
-14.142	3.939709988	0.374504052
-14.142	4.415467707	0.347180385
-14.142	3.477082979	0.394639126
-14.142	5.224288638	0.281648028
-14.142	2.655995344	0.403617015
-14.142	6.375008793	0.121162933
-14.142	1.495234452	0.255940943
-14.142	6.235663033	0.146618099
-14.142	1.618548998	0.29491169
-14.142	5.557403912	0.246734782
-14.142	2.316519967	0.391852915
-14.142	5.836995572	0.214184947
-14.142	2.043923728	0.371696752
-14.142	4.228988782	0.35908051
-14.142	3.665182697	0.387741616
-14.142	5.945386053	0.196216134
-14.142	1.917025835	0.354806491
-14.142	5.102823337	0.295251477
-14.142	2.798224612	0.406717451
-14.142	5.25263099	0.278226561
-14.142	2.621799882	0.402537597
-14.142	4.687136901	0.329380514
-14.142	3.217382511	0.402900989
-14.142	4.554483175	0.337061682
-14.142	3.331629226	0.398526629
-14.142	5.852168879	0.21237188
-14.142	2.029824467	0.370324256
-14.142	5.671280618	0.235387552
-14.142	2.214149861	0.386602727
-14.142	6.326543117	0.127838176
-14.142	1.528018613	0.266217738
-14.142	6.13971326	0.169019698
-14.142	1.737539372	0.326050887
-14.142	6.199327706	0.160469091
-14.142	1.685988922	0.315670563
-14.142	5.537870916	0.251439947
-14.142	2.354309133	0.395369593
-14.142	4.928124996	0.309530377
-14.142	2.967184134	0.405877395
-14.142	6.285403331	0.142482674
-14.142	1.592065184	0.290097037
-14.142	5.944210805	0.197422956
-14.142	1.92403051	0.356329553
-14.142	5.860071093	0.210734214
-14.142	2.01834059	0.368753743
-14.142	4.210225851	0.360523938
-14.142	3.687327275	0.387122172
-14.142	5.109004398	0.294695718
-14.142	2.791982352	0.406686909
-14.142	5.690973888	0.234611888
-14.142	2.204850813	0.386877822
-14.142	5.982326372	0.191606502
-14.142	1.884237845	0.350554882
-14.142	5.052990862	0.296981857
-14.142	2.825345389	0.404881673
-14.142	4.536665768	0.340693556
-14.142	3.372929445	0.399372225
-14.142	6.403003665	0.108901656
-14.142	1.449921106	0.233860351
-14.142	6.303558033	0.137303839
-14.142	1.568022277	0.281979291
-14.142	5.808624024	0.21898681
-14.142	2.079378642	0.375853188
-14.142	5.538365968	0.252172637
-14.142	2.359500047	0.396110863
-14.142	4.712935997	0.326960812
-14.142	3.186880927	0.40314249
-14.142	5.581757857	0.246317059
-14.142	2.30838081	0.392834012
-14.142	5.100534778	0.292691096
-14.142	2.777086364	0.404645193
-14.142	5.764212394	0.222096023
-14.142	2.108008196	0.377036028
-14.142	5.579766359	0.24531201
-14.142	2.30171974	0.391708526
-14.142	5.998268227	0.189408356
-14.142	1.869162666	0.348382285
-14.142	4.936224818	0.306981082
-14.142	2.942365513	0.404640558
-14.142	4.602612947	0.33523677
-14.142	3.299004428	0.400716883
-14.142	5.090523816	0.295130191
-14.142	2.800212533	0.40585796
-14.142	6.30764901	0.137565523
-14.142	1.568268565	0.282601474
-14.142	4.786077304	0.320012226
-14.142	3.10104134	0.403609567
-14.142	4.814202496	0.319188222
-14.142	3.085618053	0.404916971
-14.142	4.732069739	0.326136237
-14.142	3.1735865	0.403900014
-14.142	5.522949207	0.252409618
-14.142	2.364522318	0.395446134
-14.142	5.479540756	0.257363449
-14.142	2.410157664	0.397643897
-14.142	3.964692246	0.3739118
-14.142	3.930269507	0.375666599
-14.142	4.520960948	0.339652838
-14.142	3.367610791	0.397725381
-14.142	6.085063988	0.178044101
-14.142	1.792712937	0.336741379
-14.142	5.577516464	0.245440726
-14.142	2.303103216	0.391709287
-14.142	6.38810697	0.112000388
-14.142	1.462449583	0.239259873
-14.142	4.865979934	0.316062335
-14.142	3.042790364	0.406249074
-14.142	6.32423256	0.131180885
-14.142	1.540745666	0.272088669
-14.142	4.839760106	0.315584033
-14.142	3.045522767	0.404236908
-14.142	5.458185648	0.261088363
-14.142	2.442552886	0.399857866
-14.142	4.789320091	0.318784867
-14.142	3.088801615	0.403034826
-14.142	6.449803227	0.103138387
-14.142	1.42375694	0.224248981
-14.142	6.323731717	0.133259427
-14.142	1.54864749	0.275741423
-14.142	6.545860351	0.066622375
-14.142	1.317831877	0.151233276
-14.142	4.629209527	0.333246023
-14.142	3.271665363	0.401338903
-14.142	6.182540875	0.156877951
-14.142	1.672999978	0.309236852
-14.142	5.026673991	0.301606671
-14.142	2.871891165	0.406594014
-14.142	6.20832181	0.159032871
-14.142	1.677738235	0.313819219
-14.142	4.435963767	0.346582138
-14.142	3.46421755	0.39572794
-14.142	4.281821986	0.35629027
-14.142	3.616760535	0.39007236
-14.142	4.019788237	0.372680328
-14.142	3.893173908	0.379141901
-14.142	4.616994712	0.333042521
-14.142	3.27338053	0.400402596
-14.142	4.688253606	0.32911342
-14.142	3.214506884	0.402814333
-14.142	5.850558144	0.211393643
-14.142	2.024226162	0.369050378
-14.142	4.803865141	0.319525468
-14.142	3.091589541	0.404459587
-14.142	6.625064891	0.006087524
-14.142	1.240663172	0.014290783
-14.142	6.52061924	0.077862961
-14.142	1.345580424	0.174728638
-14.142	6.057735728	0.180719021
-14.142	1.811697457	0.339238984
-14.142	5.888402513	0.20479435
-14.142	1.977433908	0.362886074
-14.142	6.24980447	0.149653112
-14.142	1.628624121	0.300544971
-14.142	4.591434363	0.335026227
-14.142	3.300369476	0.399844627
-14.142	5.572053961	0.246259288
-14.142	2.310033488	0.392218889
-14.142	6.351880453	0.127184066
-14.142	1.520841112	0.266034725
-14.142	5.935706621	0.201937666
-14.142	1.951443454	0.361734018
-14.142	5.683588829	0.235494669
-14.142	2.212323012	0.387408666
-14.142	5.066823117	0.298533803
-14.142	2.83522602	0.406892866
-14.142	5.335385015	0.272152429
-14.142	2.554684965	0.402409191
-14.142	6.555513658	0.065972957
-14.142	1.314802931	0.1500397
-14.142	6.597731029	0.040802519
-14.142	1.268826087	0.094618393
-14.142	4.227555798	0.360318477
-14.142	3.678683071	0.388248104
-14.142	4.453233328	0.343792934
-14.142	3.430555071	0.395402406
-14.142	4.925392972	0.308865824
-14.142	2.961965865	0.405247407
-14.142	4.608764403	0.333948606
-14.142	3.284634101	0.400381265
-14.142	4.850308227	0.31695737
-14.142	3.055218923	0.405819477
-14.142	6.378719111	0.123632346
-14.142	1.503122008	0.260620123
-14.142	5.81458234	0.215725064
-14.142	2.057907155	0.372329381
-14.142	6.589601446	0.023416398
-14.142	1.254555669	0.054533404
-14.142	6.257904956	0.144842308
-14.142	1.606937517	0.292905035
-14.142	5.629246666	0.24160611
-14.142	2.265420522	0.390753243
-14.142	6.010929564	0.191312773
-14.142	1.877021855	0.35160811
-14.142	6.573490954	0.053639069
-14.142	1.290534659	0.123194967
-14.142	4.853228244	0.316838678
-14.142	3.053340089	0.405931309
-14.142	5.564282229	0.246205201
-14.142	2.311309233	0.391718109
-14.142	5.715665104	0.227453874
-14.142	2.152414676	0.380424075
-14.142	4.509958736	0.34204819
-14.142	3.394811364	0.398312972
-14.142	6.455400197	0.100330026
-14.142	1.414597283	0.218886971
-14.142	4.051385004	0.37083847
-14.142	3.859978067	0.380603879
-14.142	5.829550942	0.215756978
-14.142	2.05508221	0.373174449
-14.142	5.860699219	0.212194143
-14.142	2.027037999	0.370564771
-14.142	6.597486554	0.02027628
-14.142	1.251130353	0.047310022
-14.142	4.146734554	0.364201009
-14.142	3.750491067	0.38437664
-14.142	5.067364248	0.297855446
-14.142	2.829252225	0.406428735
-14.142	4.872410951	0.315011116
-14.142	3.031461933	0.405973314
-14.142	4.99063924	0.302539102
-14.142	2.889187346	0.404980567
-14.142	5.094981878	0.296287645
-14.142	2.808992531	0.406999961
-14.142	6.596579127	0.042468224
-14.142	1.2710061	0.098396607
-14.142	5.208203473	0.28568901
-14.142	2.692798046	0.405876587
-14.142	4.898253758	0.310742732
-14.142	2.985945216	0.404784734
-14.142	5.981464671	0.194990605
-14.142	1.90306582	0.355037337
-14.142	5.040639052	0.299683941
-14.142	2.851690437	0.406085181
-14.142	5.552820622	0.248055408
-14.142	2.326863652	0.392904675
-14.142	5.013886092	0.302972635
-14.142	2.887048433	0.40676288
-14.142	5.344446991	0.272584446
-14.142	2.556020903	0.403325839
-14.142	5.796343777	0.22020892
-14.142	2.089537775	0.376610299
-14.142	4.958356876	0.305131461
-14.142	2.920249545	0.40476266
-14.142	5.034073431	0.299817769
-14.142	2.854499183	0.405768536
-14.142	6.62837283	0.010846808
-14.142	1.241186198	0.02546609
-14.142	5.472230614	0.257075804
-14.142	2.409627521	0.396944747
-14.142	4.467426547	0.344245966
-14.142	3.430427943	0.396620413
-14.142	5.119452364	0.294318406
-14.142	2.786230045	0.407054897
-14.142	4.826347773	0.316987529
-14.142	3.062027146	0.404284003
-14.142	4.585905568	0.33497493
-14.142	3.301567848	0.399443407
-14.142	5.246725549	0.280284429
-14.142	2.639707832	0.403874888
-14.142	5.277060011	0.27583236
-14.142	2.597048504	0.40202125
-14.142	5.274024808	0.277517996
-14.142	2.611160473	0.40324922
-14.142	4.828336088	0.316631948
-14.142	3.058224631	0.404181424
-14.142	6.09474266	0.176176845
-14.142	1.781413997	0.33450403
-14.142	4.841669255	0.317042983
-14.142	3.058348725	0.405315042
-14.142	5.239201595	0.281315406
-14.142	2.649799057	0.404258236
-14.142	5.46736972	0.256085407
-14.142	2.403403366	0.395724642
-14.142	5.731010674	0.229461239
-14.142	2.162380664	0.38350204
-14.142	4.524013774	0.340959082
-14.142	3.379545516	0.398662839
-14.142	4.468157246	0.342500553
-14.142	3.412795048	0.395714328
-14.142	6.128757527	0.170883081
-14.142	1.748670661	0.328327522
-14.142	4.02082069	0.370071224
-14.142	3.864473422	0.378034573
-14.142	5.477165966	0.256186159
-14.142	2.401999209	0.3963936
-14.142	5.960863025	0.199096135
-14.142	1.930212487	0.359372108
-14.142	4.806567839	0.319644198
-14.142	3.091940155	0.404711877
-14.142	5.323698413	0.273910068
-14.142	2.57114404	0.403212259
-14.142	6.352324687	0.124551004
-14.142	1.511345664	0.261282338
-14.142	4.516721025	0.340505657
-14.142	3.377372984	0.397915176
-14.142	5.987313356	0.189823703
-14.142	1.873566023	0.348394632
-14.142	4.454387598	0.345898589
-14.142	3.451263538	0.396623726
-14.142	6.323827533	0.128488563
-14.142	1.530901001	0.267276189
-14.142	4.421985394	0.34564242
-14.142	3.459431168	0.394262127
-14.142	5.099861912	0.295086497
-14.142	2.797544851	0.406408984
-14.142	5.516681808	0.251259336
-14.142	2.357567205	0.393965045
-14.142	5.495916939	0.256906375
-14.142	2.403231761	0.398171478
-14.142	4.566835014	0.33651198
-14.142	3.322416805	0.399045317
-14.142	5.441173558	0.260690693
-14.142	2.443300619	0.398488686
-14.142	6.25068084	0.149025132
-14.142	1.625789191	0.29954874
-14.142	5.726594532	0.228186852
-14.142	2.154937156	0.381845222
-14.142	6.337355902	0.128468658
-14.142	1.528255749	0.267774014
-14.142	4.025451713	0.370952974
-14.142	3.872041728	0.378773342
-14.142	5.688659998	0.234574424
-14.142	2.205076308	0.386707874
-14.142	4.315196512	0.352705579
-14.142	3.56786159	0.390585065
-14.142	5.326341017	0.272335282
-14.142	2.558171962	0.40202252
-14.142	5.308694904	0.276029834
-14.142	2.591338681	0.404102982
-14.142	6.08938226	0.178475631
-14.142	1.794069763	0.337574087
-14.142	5.363851153	0.270801504
-14.142	2.537715211	0.40294847
-14.142	5.193884076	0.286140693
-14.142	2.699906874	0.405353788
-14.142	5.841514109	0.211281911
-14.142	2.025374043	0.368431442
-14.142	5.758031233	0.223599001
-14.142	2.118847184	0.378416312
-14.142	5.095161858	0.29389735
-14.142	2.788602381	0.405222109
-14.142	6.015482026	0.187300774
-14.142	1.854468052	0.346359624
-14.142	4.789743102	0.321683169
-14.142	3.115537785	0.404910746
-14.142	5.587944337	0.245953261
-14.142	2.304503046	0.392823382
-14.142	5.893660268	0.206029556
-14.142	1.983624573	0.364713883
-14.142	5.865995851	0.210377
-14.142	2.015004983	0.368632422
-14.142	5.553246342	0.248231943
-14.142	2.328028331	0.393104394
-14.142	5.693100789	0.232602183
-14.142	2.190961521	0.38482853
-14.142	4.406009179	0.348018977
-14.142	3.488732835	0.394434188
-14.142	4.812683664	0.31693962
-14.142	3.065354742	0.403364043
-14.142	6.445846814	0.095767732
-14.142	1.403719128	0.209481362
-14.142	5.603451838	0.242479831
-14.142	2.276906213	0.39018292
-14.142	4.70316965	0.326804701
-14.142	3.188227923	0.40240158
-14.142	4.712888795	0.327787282
-14.142	3.194737988	0.403642753
-14.142	4.579591533	0.335446585
-14.142	3.308094327	0.399291479
-14.142	4.46969501	0.345028731
-14.142	3.437528304	0.397200793
-14.142	4.289206539	0.356635787
-14.142	3.617686355	0.390763464
-14.142	4.847702891	0.316532175
-14.142	3.052026768	0.40537313
-14.142	4.805489764	0.3201065
-14.142	3.096519369	0.404937191
-14.142	4.825824438	0.316601837
-14.142	3.05863876	0.403998568
-14.142	6.401927937	0.115363457
-14.142	1.470680167	0.246124021
-14.142	5.400671272	0.266701208
-14.142	2.497798922	0.401538216
-14.142	5.054703862	0.298817185
-14.142	2.840684387	0.406338608
-14.142	4.474719273	0.342969491
-14.142	3.415318041	0.396420388
-14.142	4.549357749	0.339407195
-14.142	3.35624899	0.399510048
-14.142	4.09637605	0.367718335
-14.142	3.807992483	0.3824186
-14.142	5.256270441	0.278292007
-14.142	2.621473317	0.40281345
-14.142	6.422558313	0.10967025
-14.142	1.448608265	0.236020792
-14.142	6.082056881	0.175263203
-14.142	1.779307431	0.332558701
-14.142	4.371486327	0.349367832
-14.142	3.514154101	0.392761993
-14.142	5.703783704	0.231730482
-14.142	2.182960229	0.384477326
-14.142	5.748989529	0.225404358
-14.142	2.132288923	0.379966287
-14.142	6.279282904	0.139742433
-14.142	1.582240393	0.28516932
-14.142	4.671911279	0.330343761
-14.142	3.231054362	0.402467554
-14.142	5.12846949	0.291918674
-14.142	2.763746355	0.405797283
-14.142	6.301107901	0.136683318
-14.142	1.566072397	0.280802553
-14.142	5.005433048	0.304003363
-14.142	2.898230036	0.406959577
-14.142	3.998532797	0.372636342
-14.142	3.901729373	0.377572613
-14.142	4.585526472	0.336057917
-14.142	3.312220718	0.400042906
-14.142	6.209114781	0.153208968
-14.142	1.651717297	0.304548497
-14.142	5.523037521	0.252203853
-14.142	2.363013712	0.395251857
-14.142	5.23981723	0.281697721
-14.142	2.652753744	0.404607064
-14.142	4.048126099	0.369432454
-14.142	3.846146968	0.379724925
-14.142	5.570741811	0.247909796
-14.142	2.322008226	0.393792228
-14.142	4.947127425	0.307124038
-14.142	2.940779394	0.405436534
-14.142	4.117659392	0.364744793
-14.142	3.767737478	0.382552535
-14.142	6.61314775	0.035824215
-14.142	1.260541702	0.083426612
-14.142	5.694640439	0.232974073
-14.142	2.193122498	0.385317568
-14.142	5.389828807	0.265733709
-14.142	2.492810885	0.400029096
-14.142	4.004452312	0.372407323
-14.142	3.896710304	0.377901613
-14.142	6.163525232	0.165232444
-14.142	1.714934785	0.321409327
-14.142	4.033901273	0.370077837
-14.142	3.859037908	0.378988511
-14.142	3.956266955	0.375450413
-14.142	3.950792361	0.375729729
-14.142	6.003577107	0.189919985
-14.142	1.870885778	0.3493468
-14.142	6.203855817	0.154367227
-14.142	1.657790565	0.306181222
-14.142	5.405695323	0.266465617
-14.142	2.494878762	0.401627015
-14.142	6.543114603	0.065381728
-14.142	1.316027935	0.148471338
-14.142	6.506749495	0.085041472
-14.142	1.364760323	0.189403115
-14.142	4.280262105	0.357193341
-14.142	3.626702617	0.390415298
-14.142	6.283073184	0.138244486
-14.142	1.575604395	0.28275527
-14.142	6.391325885	0.116195762
-14.142	1.475416234	0.247302939
-14.142	6.394796829	0.119048623
-14.142	1.484291054	0.252765072
-14.142	4.892112322	0.313191423
-14.142	3.009660725	0.406036452
-14.142	6.195866208	0.157177218
-14.142	1.671770472	0.310314305
-14.142	5.54849153	0.24943035
-14.142	2.337596457	0.394014767
-14.142	4.98902254	0.305590445
-14.142	2.916391033	0.407036234
-14.142	4.527595979	0.339436752
-14.142	3.363379067	0.398053835
-14.142	6.585635436	0.053567665
-14.142	1.288154398	0.123262783
-14.142	5.009576124	0.300738697
-14.142	2.868682893	0.404888042
-14.142	4.949337344	0.308727876
-14.142	2.954474811	0.406684861
-14.142	4.235167413	0.359238478
-14.142	3.664537554	0.388255822
-14.142	6.265932407	0.147599169
-14.142	1.616872532	0.297851832
-14.142	5.025268463	0.299924638
-14.142	2.857647035	0.405290555
-14.142	4.779444664	0.322738702
-14.142	3.128261887	0.404902025
-14.142	5.672686427	0.233609883
-14.142	2.201923133	0.384774927
-14.142	5.217108824	0.285189983
-14.142	2.686596086	0.406026755
-14.142	5.035277873	0.299059947
-14.142	2.847650778	0.405292765
-14.142	5.599600551	0.242820812
-14.142	2.280091128	0.390312393
-14.142	4.951973761	0.307042114
-14.142	2.938790446	0.405689169
-14.142	6.357244687	0.126175966
-14.142	1.516199193	0.264422265
-14.142	5.438481545	0.261435736
-14.142	2.449478821	0.399015636
-14.142	4.531359069	0.34088421
-14.142	3.376485811	0.39911908
-14.142	3.980423375	0.374755242
-14.142	3.932642307	0.377193979
-14.142	6.142647629	0.169173798
-14.142	1.737716932	0.326421637
-14.142	4.275436044	0.357264492
-14.142	3.629187806	0.390112111
-14.142	5.516764452	0.253773914
-14.142	2.375763904	0.39640306
-14.142	4.716096446	0.326045039
-14.142	3.177307641	0.402790419
-14.142	6.063704675	0.178353345
-14.142	1.798438427	0.336146235
-14.142	5.231177925	0.282142967
-14.142	2.658390866	0.404440354
-14.142	4.686125051	0.327215071
-14.142	3.19708289	0.401523467
-14.142	5.160938205	0.289785515
-14.142	2.738020237	0.406172215
-14.142	4.217962595	0.361019137
-14.142	3.689627348	0.387911376
-14.142	5.199138098	0.285642551
-14.142	2.694557763	0.405282327
-14.142	5.965759957	0.196888306
-14.142	1.916766065	0.356738183
-14.142	4.587278976	0.335890327
-14.142	3.310049657	0.400064288
-14.142	6.079912307	0.17559177
-14.142	1.781365796	0.332934396
-14.142	6.588756965	0.047002192
-14.142	1.278215342	0.108555666
-14.142	5.85231498	0.210316993
-14.142	2.017390464	0.367830407
-14.142	4.210869364	0.359744557
-14.142	3.67891534	0.386786346
-14.142	4.031134912	0.370509151
-14.142	3.864854373	0.378984449
-14.142	5.644011326	0.237631005
-14.142	2.235033599	0.387445635
-14.142	5.453380925	0.261648164
-14.142	2.447808343	0.400089635
-14.142	5.88463875	0.208238804
-14.142	1.998494118	0.366989037
-14.142	4.260246095	0.357374974
-14.142	3.635865176	0.389099725
-14.142	5.295418476	0.276644638
-14.142	2.599266694	0.403816323
-14.142	6.357145455	0.128289741
-14.142	1.523860969	0.268232354
-14.142	4.872201649	0.312571616
-14.142	3.009387135	0.404338043
-14.142	6.206663153	0.158100858
-14.142	1.673846117	0.312268949
-14.142	4.061397	0.368166289
-14.142	3.827048515	0.38010198
-14.142	4.81737945	0.31697768
-14.142	3.064405481	0.403694409
-14.142	5.748767472	0.226623233
-14.142	2.140218259	0.381325428
-14.142	6.24453898	0.146370824
-14.142	1.615817586	0.294883818
-14.142	4.885466748	0.314122698
-14.142	3.019882678	0.406228055
-14.142	5.34108646	0.269601491
-14.142	2.533532485	0.40053785
-14.142	5.401076668	0.266355662
-14.142	2.495060365	0.401254211
-14.142	5.020899987	0.300399045
-14.142	2.862860289	0.405358446
-14.142	6.069036176	0.177806995
-14.142	1.794628067	0.335619017
-14.142	4.045824316	0.370340731
-14.142	3.85690035	0.379973918
-14.142	4.721681348	0.326563857
-14.142	3.180605558	0.403477182
-14.142	5.134677397	0.29115059
-14.142	2.755784424	0.405595409
-14.142	4.357127793	0.351706564
-14.142	3.542934096	0.392987716
-14.142	6.017004889	0.189307107
-14.142	1.864942733	0.349188376
-14.142	4.835228989	0.318443764
-14.142	3.072987778	0.405805249
-14.142	4.968289923	0.304336575
-14.142	2.910683223	0.4048359
-14.142	4.464089331	0.343879528
-14.142	3.427856628	0.396192449
-14.142	4.85990125	0.314793339
-14.142	3.032846308	0.405020764
-14.142	4.947997876	0.309046664
-14.142	2.95767036	0.406818069
-14.142	4.789859008	0.322133925
-14.142	3.119710018	0.405202866
-14.142	4.707968781	0.326285962
-14.142	3.181931724	0.402401372
-14.142	6.145529379	0.164171517
-14.142	1.713432044	0.318942893
-14.142	5.896383397	0.205173432
-14.142	1.978056033	0.36378274
-14.142	4.697149892	0.328815316
-14.142	3.209075344	0.403224087
-14.142	5.418795525	0.261617096
-14.142	2.455194517	0.39801895
-14.142	4.28941956	0.355485533
-14.142	3.605689529	0.390199578
-14.142	6.114863284	0.169864836
-14.142	1.746420453	0.326144921
-14.142	4.678219022	0.329484054
-14.142	3.22097935	0.402371544
-14.142	6.599085398	0.01593833
-14.142	1.24860812	0.037226636
-14.142	4.925253743	0.309200655
-14.142	2.964991235	0.405467914
-14.142	6.507716181	0.081887235
-14.142	1.357114284	0.182852009
-14.142	4.755335987	0.323239872
-14.142	3.139728327	0.403635411
-14.142	4.700147236	0.327101773
-14.142	3.191918425	0.40238299
-14.142	4.774000814	0.32195066
-14.142	3.122427785	0.404049622
-14.142	6.086858361	0.178368254
-14.142	1.794011852	0.337296341
-14.142	4.090186813	0.366543506
-14.142	3.797921846	0.38142467
-14.142	5.955133915	0.198212328
-14.142	1.92632574	0.357924687
-14.142	5.293447539	0.274436063
-14.142	2.582218505	0.401833297
-14.142	4.773954621	0.321459314
-14.142	3.117865504	0.4037362
-14.142	6.107799747	0.173416022
-14.142	1.765139082	0.331086782
-14.142	6.559964607	0.061615546
-14.142	1.306091528	0.140598694
-14.142	6.396091867	0.114357693
-14.142	1.468502445	0.2440142
-14.142	5.132842375	0.290956761
-14.142	2.754603946	0.405332677
-14.142	6.579572246	0.040226463
-14.142	1.271572894	0.09304537
-14.142	6.549948884	0.070353094
-14.142	1.324308574	0.159412016
-14.142	5.894101799	0.207854684
-14.142	1.994327037	0.367013346
-14.142	4.214733489	0.36166668
-14.142	3.697657171	0.38799723
-14.142	5.729094373	0.226113362
-14.142	2.14095189	0.379667214
-14.142	4.704844675	0.325619662
-14.142	3.176552157	0.401785584
-14.142	4.298197286	0.355291388
-14.142	3.600533207	0.39071606
-14.142	5.744695425	0.22764299
-14.142	2.147681577	0.382241372
-14.142	5.984479393	0.194110617
-14.142	1.897587607	0.354020861
-14.142	5.538389218	0.248058138
-14.142	2.329982429	0.392074923
-14.142	3.958762103	0.375154142
-14.142	3.946449192	0.375782271
-14.142	4.911666033	0.311805972
-14.142	2.991955816	0.406365273
-14.142	5.933507915	0.197800351
-14.142	1.928283277	0.356270424
-14.142	5.173704516	0.287143239
-14.142	2.71299536	0.404900491
-14.142	4.024686952	0.370213105
-14.142	3.864370851	0.37838064
-14.142	4.577654219	0.336957614
-14.142	3.323425725	0.400029228
-14.142	4.130191807	0.364243213
-14.142	3.757441972	0.383212921
-14.142	4.556076486	0.337215698
-14.142	3.332637259	0.398722104
-14.142	5.64055912	0.239134802
-14.142	2.246024814	0.388828707
-14.142	6.261926009	0.143034268
-14.142	1.598775541	0.290034504
-14.142	4.446384319	0.345197984
-14.142	3.446862452	0.395697048
-14.142	4.939911966	0.30853119
-14.142	2.955174798	0.405947089
-14.142	4.947459893	0.305862856
-14.142	2.929536874	0.404579797
-14.142	4.497910299	0.342256355
-14.142	3.400732344	0.397608565
-14.142	4.440936358	0.347158004
-14.142	3.468379936	0.396377527
-14.142	6.076605794	0.178809111
-14.142	1.798243618	0.33743106
-14.142	6.287381049	0.135747579
-14.142	1.565071803	0.278613332
-14.142	4.105576608	0.367631702
-14.142	3.803369614	0.383040325
-14.142	4.601164696	0.334572883
-14.142	3.292995926	0.40023497
-14.142	6.061546172	0.181168591
-14.142	1.813272852	0.340065588
-14.142	6.051764107	0.181060995
-14.142	1.814625018	0.339431686
-14.142	5.618458476	0.242002828
-14.142	2.270432644	0.390548169
-14.142	4.356997902	0.351755808
-14.142	3.543482809	0.393004215
-14.142	6.505425397	0.075540795
-14.142	1.34339583	0.169412363
-14.142	6.239261176	0.14586222
-14.142	1.614719283	0.293809042
-14.142	4.834779907	0.316654128
-14.142	3.056662976	0.404614405
-14.142	6.166365663	0.16203311
-14.142	1.699488649	0.316600629
-14.142	5.025251819	0.301837172
-14.142	2.874258248	0.406669696
-14.142	6.190924051	0.161423616
-14.142	1.691969614	0.316780074
-14.142	5.763323687	0.221473336
-14.142	2.104243922	0.376271364
-14.142	5.319209065	0.274131464
-14.142	2.573911255	0.403130234
-14.142	5.050354836	0.300247499
-14.142	2.854139883	0.407106411
-14.142	5.802544522	0.216185433
-14.142	2.06318976	0.372225813
-14.142	4.575576378	0.334999369
-14.142	3.304990348	0.398762792
-14.142	5.492579995	0.255547865
-14.142	2.393958019	0.396689207
-14.142	6.536575543	0.06902819
-14.142	1.324197759	0.15623141
-14.142	6.387094428	0.115218806
-14.142	1.473009215	0.245311886
-14.142	4.583062272	0.336985462
-14.142	3.3220357	0.40040909
-14.142	4.444004688	0.345553742
-14.142	3.451216641	0.395726218
-14.142	6.305356065	0.135380877
-14.142	1.560231583	0.27871127
-14.142	5.329216574	0.272755924
-14.142	2.560814288	0.40255712
-14.142	5.372359635	0.268020668
-14.142	2.514259936	0.401020785
-14.142	6.447780443	0.099677557
-14.142	1.414181371	0.217344474
-14.142	4.38200122	0.351166302
-14.142	3.528867909	0.394430749
-14.142	6.35717756	0.12272894
-14.142	1.504031319	0.258142515
-14.142	6.13020274	0.172002594
-14.142	1.753861171	0.330064818
-14.142	4.290631398	0.354974193
-14.142	3.599970953	0.390025781
-14.142	5.663518944	0.23418567
-14.142	2.207689354	0.384879812
-14.142	4.518142262	0.341869596
-14.142	3.390436242	0.398769997
-14.142	6.017335708	0.188318111
-14.142	1.859551803	0.347851249
-14.142	3.997806387	0.372176551
-14.142	3.897045649	0.377312687
-14.142	4.234806035	0.358211519
-14.142	3.653950927	0.387722897
-14.142	6.137838223	0.165087197
-14.142	1.719208097	0.319989951
-14.142	4.357698794	0.350065785
-14.142	3.52600498	0.39217263
-14.142	4.221913448	0.35989727
-14.142	3.676370081	0.38764294
-14.142	4.565525072	0.335758181
-14.142	3.315480054	0.398523914
-14.142	5.831500782	0.215111773
-14.142	2.050715887	0.372510455
-14.142	4.649829437	0.33000495
-14.142	3.234348376	0.400795873
-14.142	4.662852323	0.328643461
-14.142	3.217497858	0.400844584
-14.142	6.569508086	0.052241323
-14.142	1.2891863	0.119998185
-14.142	4.516653348	0.340770755
-14.142	3.380015542	0.398058483
-14.142	4.267063488	0.356139367
-14.142	3.620553267	0.388960401
-14.142	4.804637747	0.317678733
-14.142	3.07436137	0.403320023
-14.142	5.981789345	0.191001908
-14.142	1.881048054	0.349711757
-14.142	5.012492981	0.300636999
-14.142	2.867058134	0.4049991
-14.142	4.274370297	0.355734796
-14.142	3.61370709	0.389269941
-14.142	4.346388555	0.353048695
-14.142	3.560419588	0.392934166
-14.142	4.752585275	0.323067081
-14.142	3.138891216	0.403346636
-14.142	4.193851137	0.3614921
-14.142	3.703699036	0.386431824
-14.142	4.756270606	0.324123707
-14.142	3.147750407	0.404248132
-14.142	5.130191514	0.292203959
-14.142	2.765730791	0.406121981
-14.142	5.386324607	0.26656163
-14.142	2.499924576	0.400559699
-14.142	5.589066241	0.243977659
-14.142	2.29039045	0.390890098
-14.142	5.367039294	0.266540486
-14.142	2.504095691	0.399390919
-14.142	5.344241121	0.271679078
-14.142	2.548977871	0.40253292
-14.142	4.844941551	0.316133368
-14.142	3.049127204	0.404933238
-14.142	5.943939966	0.197115137
-14.142	1.922352828	0.355912521
-14.142	4.874661075	0.313105912
-14.142	3.013553944	0.404854033
-14.142	3.96792958	0.3735607
-14.142	3.925026353	0.375747505
-14.142	4.80240281	0.318408673
-14.142	3.081691656	0.403646238
-14.142	4.591713742	0.333982526
-14.142	3.290166296	0.39925718
-14.142	6.395693454	0.115706383
-14.142	1.472980792	0.246542691
-14.142	5.108170916	0.29240918
-14.142	2.772833224	0.404907221
-14.142	6.215463536	0.155750964
-14.142	1.661668564	0.308921649
-14.142	5.68146977	0.231385704
-14.142	2.185301755	0.382855895
-14.142	4.772035275	0.323316629
-14.142	3.135744624	0.404778881
-14.142	4.735643918	0.325027444
-14.142	3.162105218	0.403452225
-14.142	4.366265345	0.350244827
-14.142	3.524863804	0.392860394
-14.142	5.690546115	0.232697548
-14.142	2.192125416	0.384789087
-14.142	5.966038415	0.198390538
-14.142	1.925190157	0.358720096
-14.142	4.23860605	0.358038733
-14.142	3.650740852	0.387905371
-14.142	4.57459333	0.337421352
-14.142	3.328907553	0.400087902
-14.142	5.636777693	0.240618214
-14.142	2.257015428	0.390159115
-14.142	6.370673401	0.125436692
-14.142	1.511023505	0.26360211
-14.142	6.497554449	0.081373037
-14.142	1.357837312	0.181497058
-14.142	4.72669894	0.324848694
-14.142	3.162984149	0.402752336
-14.142	5.331953992	0.270265646
-14.142	2.540760211	0.400568995
-14.142	5.759285985	0.221647564
-14.142	2.106174369	0.376251056
-14.142	4.19686294	0.362071999
-14.142	3.708667619	0.386926347
-14.142	6.599371687	0.033365915
-14.142	1.260709569	0.077603632
-14.142	6.092595165	0.174634157
-14.142	1.774124077	0.332146884
-14.142	4.858205046	0.316282457
-14.142	3.04689853	0.405890172
-14.142	4.425791906	0.345841036
-14.142	3.460150595	0.394630868
-14.142	5.769098992	0.223061897
-14.142	2.113157708	0.378410279
-14.142	4.575812163	0.336720071
-14.142	3.321671546	0.399769288
-14.142	5.771935108	0.220804539
-14.142	2.098256564	0.375970099
-14.142	5.32464064	0.27401199
-14.142	2.571733462	0.403355952
-14.142	5.744897021	0.226617526
-14.142	2.140971968	0.381105422
-14.142	5.125172739	0.291980484
-14.142	2.765068256	0.405639403
-14.142	5.83971412	0.21442794
-14.142	2.044865869	0.372134163
-14.142	6.049659545	0.180868183
-14.142	1.814042844	0.339054259
-14.142	5.890357437	0.206831921
-14.142	1.98901321	0.365542589
-14.142	4.976873797	0.305573118
-14.142	2.919352175	0.406251651
-14.142	4.479660921	0.342595778
-14.142	3.409994942	0.396552132
-14.142	5.396618109	0.26443711
-14.142	2.481423695	0.399268043
-14.142	4.916079587	0.308802117
-14.142	2.963855962	0.40460665
-14.142	5.354378978	0.268894782
-14.142	2.525053487	0.400715301
-14.142	5.003598068	0.304574859
-14.142	2.903722306	0.407247177
-14.142	4.825651417	0.318917674
-14.142	3.079976213	0.405488194
-14.142	5.169200802	0.289125469
-14.142	2.730532753	0.40617153
-14.142	4.809281985	0.319774948
-14.142	3.092400952	0.404972508
-14.142	5.26164942	0.278411822
-14.142	2.621179205	0.403240151
-14.142	4.185155264	0.362499605
-14.142	3.717635728	0.386300894
-14.142	5.673947253	0.233674476
-14.142	2.202092393	0.384915207
-14.142	4.223666066	0.360665431
-14.142	3.683776936	0.388142548
-14.142	4.941224911	0.308359052
-14.142	2.953297736	0.405912631
-14.142	4.970068298	0.306737929
-14.142	2.931408802	0.406631699
-14.142	4.668490982	0.328540342
-14.142	3.214848413	0.401157111
-14.142	5.555428314	0.249124407
-14.142	2.333927168	0.39411345
-14.142	4.055923893	0.367886821
-14.142	3.82631394	0.379576346
-14.142	6.598038565	0.037545974
-14.142	1.26515554	0.087180273
-14.142	5.841565334	0.21201027
-14.142	2.029764626	0.369318859
-14.142	5.521452759	0.249932657
-14.142	2.347008773	0.39294473
-14.142	5.964944199	0.197811634
-14.142	1.922129285	0.357907055
-14.142	3.993154337	0.371928734
-14.142	3.896354784	0.376861178
-14.142	6.060144144	0.179799026
-14.142	1.806504345	0.33804503
-14.142	4.389840742	0.350216698
-14.142	3.516510692	0.39447718
-14.142	5.534515409	0.248986529
-14.142	2.337426296	0.392769618
-14.142	4.969415468	0.305227142
-14.142	2.918224189	0.405534313
-14.142	6.228567905	0.154782994
-14.142	1.654891375	0.307954619
-14.142	6.07649488	0.178985793
-14.142	1.799165821	0.337679528
-14.142	4.461472688	0.345288987
-14.142	3.442820073	0.396779521
-14.142	5.878954495	0.207570625
-14.142	1.995661505	0.365859476
-14.142	5.952409908	0.196348789
-14.142	1.916374943	0.355342191
-14.142	5.60780192	0.243164016
-14.142	2.280750009	0.391131328
-14.142	4.328333377	0.353531212
-14.142	3.57169427	0.391924904
-14.142	4.335628358	0.351766083
-14.142	3.551034939	0.391524258
-14.142	5.942055689	0.19637803
-14.142	1.918593466	0.354848112
-14.142	5.022692249	0.300469895
-14.142	2.863020151	0.405522915
-14.142	5.015490576	0.303496368
-14.142	2.891231747	0.407237062
-14.142	4.171768778	0.362978336
-14.142	3.727827695	0.385578459
-14.142	5.063979804	0.297720635
-14.142	2.828934964	0.406117004
-14.142	5.700719728	0.231898939
-14.142	2.18471057	0.384489889
-14.142	5.972807463	0.196674942
-14.142	1.914182288	0.356819862
-14.142	6.182536976	0.161921233
-14.142	1.695865572	0.317170878
-14.142	4.477942489	0.342874421
-14.142	3.41332437	0.396588158
-14.142	6.615828459	0.020203923
-14.142	1.247645664	0.047274838
-14.142	5.035491972	0.301146309
-14.142	2.8656659	0.406819372
-14.142	5.244967286	0.282630092
-14.142	2.659132445	0.405678064
-14.142	4.889653065	0.313242816
-14.142	3.010781167	0.405912305
-14.142	5.73707428	0.224804664
-14.142	2.13087471	0.378632575
-14.142	6.11898693	0.172947881
-14.142	1.760667842	0.33093113
-14.142	4.440369206	0.345665493
-14.142	3.45354063	0.395537193
-14.142	4.310219747	0.355498929
-14.142	3.598396616	0.391661637
-14.142	4.701996843	0.32614126
-14.142	3.182298263	0.401917815
-14.142	6.417392518	0.110053457
-14.142	1.450776424	0.236575928
-14.142	6.46470307	0.093396986
-14.142	1.393801947	0.205291946
-14.142	5.434923893	0.262603192
-14.142	2.459050255	0.399874384
-14.142	3.989659293	0.37161958
-14.142	3.894510575	0.376466129
-14.142	6.278213796	0.139210842
-14.142	1.580339089	0.284213722
-14.142	4.599330131	0.335989286
-14.142	3.307333155	0.400930775
-14.142	5.208968416	0.283286313
-14.142	2.672929474	0.404003119
-14.142	5.178916109	0.286138646
-14.142	2.703456502	0.40442998
-14.142	4.564865613	0.337361334
-14.142	3.331327912	0.399398133
-14.142	5.526364231	0.253322228
-14.142	2.370413193	0.396526392
-14.142	4.22654556	0.360432011
-14.142	3.680251355	0.388232187
-14.142	6.062381603	0.180068621
-14.142	1.807449612	0.338539784
-14.142	5.12047696	0.293371637
-14.142	2.777952291	0.406404214
-14.142	5.228911788	0.281987713
-14.142	2.6576622	0.404175778
-14.142	4.514393281	0.34029721
-14.142	3.376055006	0.397640688
-14.142	6.253818484	0.149186744
-14.142	1.625877719	0.299952237
-14.142	5.596628868	0.241602413
-14.142	2.272270168	0.388892594
-14.142	5.975753665	0.195039463
-14.142	1.904459404	0.354809916
-14.142	4.342665845	0.353733121
-14.142	3.568756493	0.393026058
-14.142	4.460040553	0.346077947
-14.142	3.451217657	0.397107326
-14.142	6.431736192	0.109865222
-14.142	1.447490708	0.236717214
-14.142	6.160266114	0.161089757
-14.142	1.69633282	0.314851647
-14.142	5.840909801	0.214997764
-14.142	2.048124518	0.372880476
-14.142	5.155621491	0.288396957
-14.142	2.727730615	0.404764412
-14.142	5.78491372	0.221923222
-14.142	2.102695673	0.377969318
-14.142	5.639188269	0.239177833
-14.142	2.246606467	0.388796057
-14.142	5.777338719	0.219715591
-14.142	2.090300345	0.37500216
-14.142	4.4505911	0.343927604
-14.142	3.432769319	0.39529498
-14.142	3.964874705	0.374835174
-14.142	3.94027882	0.376089895
-14.142	4.338871022	0.352265323
-14.142	3.555006088	0.39200799
-14.142	5.243525343	0.279127642
-14.142	2.631150363	0.402728246
-14.142	6.014920164	0.185967636
-14.142	1.847489972	0.344489492
-14.142	5.193731266	0.284468226
-14.142	2.686203187	0.404014693
-14.142	5.542119199	0.247799385
-14.142	2.327341774	0.392033318
-14.142	4.792955389	0.320566307
-14.142	3.104258395	0.404412218
-14.142	5.991964528	0.18882843
-14.142	1.867280809	0.347273424
-14.142	4.248609913	0.357991797
-14.142	3.646555848	0.388587425
-14.142	4.168045514	0.362028384
-14.142	3.719237371	0.384855755
-14.142	5.250426916	0.282037747
-14.142	2.653043034	0.405531432
-14.142	5.478006659	0.257295384
-14.142	2.40998866	0.397489964
-14.142	5.355626576	0.268942497
-14.142	2.525140074	0.400831883
-14.142	5.178513524	0.287733601
-14.142	2.716735361	0.405660663
-14.142	6.07362222	0.177581421
-14.142	1.792592795	0.335516555
-14.142	5.448015808	0.261620194
-14.142	2.4487714	0.399747581
-14.142	5.867052477	0.20773871
-14.142	1.999044592	0.365438064
-14.142	5.033046232	0.29920117
-14.142	2.849431819	0.405255068
-14.142	6.342900218	0.123095676
-14.142	1.508024856	0.258267944
-14.142	5.800484843	0.218073077
-14.142	2.075315956	0.374340861
-14.142	4.512533668	0.339507177
-14.142	3.368860639	0.397071656
-14.142	5.625233379	0.239944061
-14.142	2.254792329	0.38880376
-14.142	6.316208385	0.132308666
-14.142	1.546489886	0.273761782
-14.142	4.205243053	0.361646513
-14.142	3.701012309	0.387314989
-14.142	6.439801922	0.102485952
-14.142	1.423736113	0.222632986
-14.142	5.256730145	0.281195426
-14.142	2.644744317	0.405230349
-14.142	6.170458904	0.164273931
-14.142	1.709107188	0.320257925
-14.142	6.580299864	0.039781877
-14.142	1.270932804	0.09204334
-14.142	4.094300644	0.367777809
-14.142	3.809466694	0.382296792
-14.142	4.875250414	0.313523408
-14.142	3.017176403	0.40517044
-14.142	5.225039519	0.282681105
-14.142	2.664207926	0.404500222
-14.142	4.390511407	0.347711121
-14.142	3.490876063	0.393201261
-14.142	6.534293812	0.066573298
-14.142	1.31991342	0.150861966
-14.142	5.109116555	0.291811677
-14.142	2.767574314	0.404510934
-14.142	5.409493977	0.265945385
-14.142	2.490054493	0.401387923
-14.142	4.502108624	0.342797398
-14.142	3.404771117	0.398192415
-14.142	6.09516673	0.17491037
-14.142	1.774999177	0.332675353
-14.142	5.557902352	0.249093656
-14.142	2.333179986	0.394225824
-14.142	6.073015151	0.177681858
-14.142	1.793219044	0.335632076
-14.142	5.948294331	0.197709251
-14.142	1.924834756	0.356914616
-14.142	4.714827564	0.326119219
-14.142	3.178374112	0.402752183
-14.142	4.997249225	0.301787586
-14.142	2.880943797	0.404862099
-14.142	5.489617624	0.257621297
-14.142	2.409878631	0.398476568
-14.142	6.186768334	0.157158522
-14.142	1.673436706	0.309873472
-14.142	5.321929585	0.274544357
-14.142	2.576552234	0.403645551
-14.142	5.099784892	0.295776945
-14.142	2.803450709	0.406920052
-14.142	5.450330107	0.260667884
-14.142	2.441118257	0.399007368
-14.142	6.508682988	0.076557501
-14.142	1.344970047	0.171652433
-14.142	4.159303009	0.364620084
-14.142	3.750051098	0.385473569
-14.142	6.554260538	0.061406886
-14.142	1.306797737	0.14001866
-14.142	4.689850223	0.326882009
-14.142	3.192839925	0.401567185
-14.142	4.302767155	0.354967975
-14.142	3.595558655	0.390871991
-14.142	5.432458858	0.260831332
-14.142	2.446276059	0.398104182
-14.142	5.071743085	0.29659088
-14.142	2.817321492	0.405769591
-14.142	6.309854846	0.138934091
-14.142	1.573231763	0.28505662
-14.142	6.143338257	0.168156619
-14.142	1.73269741	0.324918695
-14.142	4.779146526	0.322940469
-14.142	3.130232973	0.405009111
-14.142	5.544010328	0.251083784
-14.142	2.350427558	0.395377671
-14.142	5.404969337	0.26409952
-14.142	2.476999696	0.399459191
-14.142	4.202647195	0.359828521
-14.142	3.682899805	0.386244823
-14.142	5.956511345	0.197565324
-14.142	1.922399536	0.357150021
-14.142	4.351762423	0.351398192
-14.142	3.541642545	0.392455259
-14.142	4.885497148	0.314414453
-14.142	3.022528459	0.406423504
-14.142	4.752624647	0.323463704
-14.142	3.142591754	0.403597245
-14.142	4.734123579	0.323664848
-14.142	3.149746471	0.402506103
-14.142	5.528715949	0.250692551
-14.142	2.35089181	0.394109714
-14.142	6.268281811	0.144634477
-14.142	1.604103619	0.29300061
-14.142	5.649096998	0.237572
-14.142	2.233568202	0.387670709
-14.142	5.659377005	0.237074956
-14.142	2.228044847	0.387725887
-14.142	5.022253708	0.301089573
-14.142	2.868508825	0.405942618
-14.142	4.597598311	0.335624908
-14.142	3.304309056	0.400604549
-14.142	6.270571969	0.146910958
-14.142	1.613108276	0.29690773
-14.142	5.925272423	0.199455842
-14.142	1.939296937	0.357995905
-14.142	4.211101976	0.36170351
-14.142	3.699407993	0.387757854
-14.142	5.347590791	0.269726725
-14.142	2.533026443	0.401037312
-14.142	4.134189418	0.365984769
-14.142	3.774394097	0.384323207
-14.142	5.163724165	0.288859333
-14.142	2.729626736	0.405625907
-14.142	4.052445132	0.368310322
-14.142	3.832294458	0.379520643
-14.142	5.310934455	0.275523907
-14.142	2.586810855	0.403811633
-14.142	4.303753063	0.353466598
-14.142	3.579744804	0.39017621
-14.142	5.296998662	0.275699789
-14.142	2.591395241	0.403117377
-14.142	6.156982235	0.164116277
-14.142	1.710961556	0.319389627
-14.142	4.718294728	0.325099486
-14.142	3.167761536	0.402353128
-14.142	4.106684958	0.366320819
-14.142	3.788899416	0.382507602
-14.142	6.305534262	0.138620703
-14.142	1.572812289	0.284336738
-14.142	4.016819254	0.370438386
-14.142	3.870128213	0.377910954
-14.142	4.012469553	0.372317445
-14.142	3.892323325	0.378445645
-14.142	6.008133283	0.191008722
-14.142	1.875908958	0.351054981
-14.142	5.524291525	0.253579559
-14.142	2.372730784	0.396653842
-14.142	6.522961143	0.08048817
-14.142	1.351035192	0.180331511
-14.142	4.168838316	0.363724776
-14.142	3.736860277	0.385727144
-14.142	4.713678708	0.324853274
-14.142	3.166780101	0.401896268
-14.142	4.150881281	0.362610338
-14.142	3.732041708	0.383911744
-14.142	5.95639617	0.194690415
-14.142	1.906341985	0.353355971
-14.142	4.96753967	0.305010869
-14.142	2.916804805	0.405262974
-14.142	5.930984722	0.201679224
-14.142	1.950887096	0.361156856
-14.142	6.4293948	0.109051452
-14.142	1.445400973	0.235068049
-14.142	5.705009527	0.233111381
-14.142	2.191903061	0.386045894
-14.142	4.569814004	0.338497938
-14.142	3.340947915	0.400377549
-14.142	5.442079526	0.261749858
-14.142	2.451048383	0.399516316
-14.142	4.680762029	0.329327416
-14.142	3.218738521	0.402446197
-14.142	4.114046161	0.364763393
-14.142	3.769376285	0.382301986
-14.142	4.745056065	0.324162817
-14.142	3.151295331	0.403535479
-14.142	5.83667951	0.214977064
-14.142	2.048846296	0.37262821
-14.142	5.481151694	0.256299061
-14.142	2.401959984	0.396733719
-14.142	5.519839011	0.250166249
-14.142	2.349031279	0.393080265
-14.142	6.062566185	0.179337302
-14.142	1.80367074	0.337502985
-14.142	4.106894749	0.366862576
-14.142	3.794604044	0.382776416
-14.142	4.52533977	0.341175417
-14.142	3.381269717	0.39887316
-14.142	5.862576043	0.208395917
-14.142	2.003846609	0.36601415
-14.142	4.885682017	0.313626721
-14.142	3.015320839	0.405912231
-14.142	5.71170964	0.228808107
-14.142	2.162065786	0.381708646
-14.142	5.906013246	0.204272751
-14.142	1.97087333	0.363152905
-14.142	4.473724895	0.343948412
-14.142	3.425403546	0.396888471
-14.142	4.819073776	0.317628678
-14.142	3.069909664	0.404227604
-14.142	6.299727669	0.135974134
-14.142	1.563588872	0.279513823
-14.142	6.416019773	0.108078793
-14.142	1.444925585	0.232727134
-14.142	6.472483434	0.095544031
-14.142	1.398088896	0.209867301
-14.142	5.710448789	0.229100615
-14.142	2.164241829	0.381962084
-14.142	4.847581109	0.316177324
-14.142	3.048811872	0.405133135
-14.142	4.232305475	0.357788796
-14.142	3.650480414	0.38733652
-14.142	4.915363982	0.310096051
-14.142	2.975608066	0.405444853
-14.142	6.517503582	0.081611311
-14.142	1.354638853	0.182542544
-14.142	5.078128906	0.298063159
-14.142	2.828375103	0.407256967
-14.142	4.495359092	0.341847235
-14.142	3.397489217	0.397208784
-14.142	4.760460048	0.321987541
-14.142	3.126585736	0.403185333
-14.142	6.289448183	0.140830209
-14.142	1.58464115	0.287455361
-14.142	6.495847611	0.078843713
-14.142	1.352422292	0.176142831
-14.142	4.907964516	0.31184762
-14.142	2.993308866	0.406155462
-14.142	5.600297082	0.244396013
-14.142	2.290943812	0.391957267
-14.142	4.915350864	0.310477879
-14.142	2.979035186	0.405703607
-14.142	4.662053049	0.330924756
-14.142	3.239529439	0.402158441
-14.142	5.615351371	0.243700662
-14.142	2.282910653	0.392109831
-14.142	5.853077607	0.214038634
-14.142	2.039803466	0.372384297
-14.142	5.712495523	0.231101754
-14.142	2.176999406	0.384276298
-14.142	4.420846098	0.346786302
-14.142	3.471309008	0.394798488
-14.142	4.861067614	0.314738752
-14.142	3.032034319	0.405060153
-14.142	5.09002499	0.295785522
-14.142	2.805920434	0.406316128
-14.142	4.028415928	0.370331791
-14.142	3.864081302	0.378705945
-14.142	5.351514693	0.270250453
-14.142	2.536202722	0.40172954
-14.142	5.036120432	0.298347998
-14.142	2.841307896	0.404825311
-14.142	6.127997687	0.170833947
-14.142	1.74857807	0.328218016
-14.142	5.561242987	0.245790073
-14.142	2.30903424	0.391126658
-14.142	5.277185286	0.276877833
-14.142	2.60532498	0.40290633
-14.142	4.003394461	0.372135723
-14.142	3.894211942	0.377702111
-14.142	6.349866854	0.122061598
-14.142	1.50310353	0.256641351
-14.142	5.702074073	0.231871165
-14.142	2.18424668	0.384535226
-14.142	5.996214766	0.189456735
-14.142	1.86982802	0.348344638
-14.142	6.223117062	0.155367572
-14.142	1.658510609	0.30865029
-14.142	4.942647326	0.306709229
-14.142	2.938274945	0.404862298
-14.142	4.38691491	0.34937833
-14.142	3.508978485	0.39383492
-14.142	6.556943525	0.063430766
-14.142	1.30987345	0.144516908
-14.142	3.956209673	0.373216178
-14.142	3.926418442	0.374733586
-14.142	4.374132264	0.351144564
-14.142	3.531334358	0.393874799
-14.142	4.530121731	0.339958302
-14.142	3.367722127	0.398517782
-14.142	6.250587547	0.14655896
-14.142	1.615443367	0.295458142
-14.142	6.453154422	0.10007033
-14.142	1.414281479	0.218298608
-14.142	4.568207892	0.338127365
-14.142	3.337802632	0.400059223
-14.142	4.765737775	0.32253235
-14.142	3.130177339	0.403874359
-14.142	5.785225168	0.222735179
-14.142	2.107799348	0.378919084
-14.142	4.844776272	0.315219086
-14.142	3.040827844	0.40432212
-14.142	5.236970842	0.280939873
-14.142	2.647283046	0.403815625
-14.142	5.689929416	0.232817511
-14.142	2.193052533	0.384884568
-14.142	4.579848383	0.337295972
-14.142	3.326062059	0.400370197
-14.142	6.313518836	0.133123111
-14.142	1.550070662	0.275088423
-14.142	4.517801284	0.342160183
-14.142	3.393432868	0.398907575
-14.142	4.493268054	0.340822092
-14.142	3.388012033	0.396497304
-14.142	5.23990759	0.282519195
-14.142	2.659408064	0.405279038
-14.142	5.318554742	0.275271277
-14.142	2.583072687	0.404058296
-14.142	5.887106197	0.20701182
-14.142	1.990724907	0.365595212
-14.142	4.037838048	0.370188931
-14.142	3.858589141	0.379325145
-14.142	4.484343403	0.34403355
-14.142	3.422815803	0.397659608
-14.142	6.326086769	0.131769754
-14.142	1.54259257	0.273206359
-14.142	6.419350576	0.113159618
-14.142	1.460251018	0.242580391
-14.142	6.413908671	0.113694408
-14.142	1.4629966	0.243400918
-14.142	4.352738995	0.3529374
-14.142	3.55707181	0.39331826
-14.142	5.412694404	0.264637005
-14.142	2.479366379	0.400402727
-14.142	4.450769066	0.345691401
-14.142	3.45036948	0.396264148
-14.142	4.874198484	0.315424775
-14.142	3.034757483	0.406361459
-14.142	4.725435661	0.326036644
-14.142	3.174543254	0.403401506
-14.142	4.835474101	0.316533416
-14.142	3.055368098	0.404580663
-14.142	6.585560842	0.040217022
-14.142	1.270436171	0.093109151
-14.142	4.603533609	0.335365272
-14.142	3.299974927	0.400852935
-14.142	6.228659804	0.149594599
-14.142	1.632414877	0.299523286
-14.142	4.383890479	0.348209575
-14.142	3.498170212	0.393008492
-14.142	5.207526106	0.284910026
-14.142	2.686552957	0.405215209
-14.142	5.385186988	0.268042153
-14.142	2.511555396	0.401805422
-14.142	6.501005466	0.077710625
-14.142	1.348937088	0.173890904
-14.142	4.420701775	0.346267424
-14.142	3.466136361	0.394510275
-14.142	6.185992543	0.159576516
-14.142	1.684475415	0.313659302
-14.142	4.777126307	0.320679261
-14.142	3.109729129	0.403449121
-14.142	4.30587597	0.354233596
-14.142	3.586875456	0.390716202
-14.142	4.408317524	0.346695994
-14.142	3.474609516	0.393887664
-14.142	4.315044893	0.355091152
-14.142	3.592468057	0.391792352
-14.142	5.833246365	0.212238088
-14.142	2.032824006	0.369149683
-14.142	4.051025649	0.36911034
-14.142	3.841476667	0.379786968
-14.142	4.354549248	0.350027954
-14.142	3.526713884	0.391934251
-14.142	4.20189174	0.361034902
-14.142	3.695840227	0.386780391
-14.142	4.145999281	0.365540574
-14.142	3.765026811	0.384959007
-14.142	4.33853563	0.353875837
-14.142	3.571666984	0.392811627
-14.142	4.159357416	0.362719193
-14.142	3.729888919	0.38456917
-14.142	4.966640806	0.304940307
-14.142	2.916416586	0.405156137
-14.142	4.342249889	0.352857142
-14.142	3.55989376	0.392547937
-14.142	4.507367461	0.341764011
-14.142	3.392815471	0.397979599
-14.142	4.091028941	0.368662219
-14.142	3.820287786	0.382470831
-14.142	4.001570055	0.371190163
-14.142	3.884746095	0.377141423
-14.142	6.254411325	0.143314155
-14.142	1.601352166	0.290187033
-14.142	4.756031249	0.323485542
-14.142	3.141831959	0.403834613
-14.142	4.174765013	0.363337449
-14.142	3.730475849	0.385964054
-14.142	5.68960754	0.233504011
-14.142	2.197702888	0.385608793
-14.142	5.048035075	0.299455494
-14.142	2.847861747	0.406384795
-14.142	6.486062983	0.086250199
-14.142	1.371583245	0.191315904
-14.142	5.877088075	0.205911279
-14.142	1.986245727	0.363692297
-14.142	5.436142668	0.262117138
-14.142	2.45511774	0.399502232
-14.142	5.718978448	0.230476999
-14.142	2.171537637	0.38395232
-14.142	4.741698529	0.323349381
-14.142	3.144628368	0.402807663
-14.142	5.721884152	0.230074544
-14.142	2.168286936	0.383671447
-14.142	6.381522828	0.114370762
-14.142	1.471305311	0.243511963
-14.142	5.743675081	0.226181847
-14.142	2.138399282	0.380548901
-14.142	5.955426446	0.199659933
-14.142	1.934492259	0.359822927
-14.142	5.635489412	0.241258592
-14.142	2.261709571	0.390749111
-14.142	5.244545278	0.279471483
-14.142	2.633672515	0.403073878
-14.142	6.521417507	0.071106566
-14.142	1.331174357	0.160344942
-14.142	4.51000411	0.340545045
-14.142	3.379902754	0.397481037
-14.142	4.543342719	0.340236426
-14.142	3.366314557	0.399568671
-14.142	6.179284648	0.16306204
-14.142	1.701767149	0.318793542
-14.142	5.543092643	0.248400884
-14.142	2.331407542	0.392686084
-14.142	5.369708371	0.270106092
-14.142	2.530990634	0.40269334
-14.142	5.569669778	0.247062417
-14.142	2.316220461	0.392885897
-14.142	6.026562171	0.187319697
-14.142	1.852400839	0.346940775
-14.142	6.200182686	0.160404418
-14.142	1.685530232	0.315608139
-14.142	6.102650208	0.171696944
-14.142	1.757694717	0.328296384
-14.142	6.393019315	0.111609143
-14.142	1.460276924	0.238690022
-14.142	4.321265123	0.35374894
-14.142	3.576425117	0.391543473
-14.142	6.384989419	0.118618825
-14.142	1.484688796	0.251599889
-14.142	4.623809281	0.33361125
-14.142	3.276820856	0.401191585
-14.142	4.994327104	0.302773206
-14.142	2.890285402	0.405381484
-14.142	6.558462491	0.063614943
-14.142	1.30992051	0.144953595
-14.142	4.005937844	0.370920526
-14.142	3.87996399	0.377337592
-14.142	4.533057407	0.339477543
-14.142	3.362055792	0.398446776
-14.142	5.460035487	0.258872937
-14.142	2.425601451	0.397913351
-14.142	5.864851838	0.210322105
-14.142	2.014904077	0.368504306
-14.142	4.312066882	0.354978839
-14.142	3.592362331	0.391527463
-14.142	4.79397908	0.321121482
-14.142	3.109131518	0.404831865
-14.142	5.350640495	0.270181359
-14.142	2.535863488	0.401616911
-14.142	6.340482369	0.124266525
-14.142	1.512592183	0.26030868
-14.142	5.56325235	0.246677055
-14.142	2.314861211	0.392131602
-14.142	5.250030988	0.278892173
-14.142	2.627738163	0.402930368
-14.142	5.32403933	0.273521839
-14.142	2.568009051	0.402901366
-14.142	6.206193288	0.157307785
-14.142	1.670375706	0.31098848
-14.142	5.362882332	0.269477621
-14.142	2.527644796	0.401735364
-14.142	6.066742186	0.180497263
-14.142	1.808802575	0.339365225
-14.142	5.449251325	0.261470067
-14.142	2.447372299	0.399682549
-14.142	5.733710776	0.225892653
-14.142	2.138575125	0.379674035
-14.142	4.732102879	0.326205184
-14.142	3.174228965	0.403944526
-14.142	4.591716511	0.335145036
-14.142	3.301437397	0.399932339
-14.142	4.717819725	0.32572861
-14.142	3.173824778	0.402709656
-14.142	6.410109506	0.115224101
-14.142	1.468684166	0.246158714
-14.142	4.826439559	0.315900295
-14.142	3.052058949	0.403579723
-14.142	4.669149705	0.331216013
-14.142	3.240235666	0.402803597
-14.142	4.523834456	0.339450543
-14.142	3.364706435	0.397806603
-14.142	6.179712408	0.161858442
-14.142	1.696117647	0.316943149
-14.142	5.987930513	0.195262235
-14.142	1.90331279	0.355728609
-14.142	5.456867059	0.260740941
-14.142	2.440235082	0.399459844
-14.142	4.924194117	0.31079378
-14.142	2.979545328	0.406485351
-14.142	5.365864695	0.268999733
-14.142	2.523275146	0.401494752
-14.142	6.405491118	0.112553521
-14.142	1.460918427	0.24093161
-14.142	4.425007454	0.346189338
-14.142	3.463911258	0.394764376
-14.142	6.28258408	0.14127128
-14.142	1.587714462	0.287918728
-14.142	4.890214834	0.312039077
-14.142	2.999750633	0.40514224
-14.142	4.758069631	0.321422573
-14.142	3.122006206	0.40267178
-14.142	5.350233322	0.270849027
-14.142	2.541148447	0.402173435
-14.142	4.768450868	0.32187274
-14.142	3.123261525	0.403636862
-14.142	5.513836756	0.250880669
-14.142	2.355459082	0.393430791
-14.142	6.269920087	0.13943081
-14.142	1.582795937	0.284244358
-14.142	6.09310343	0.17414666
-14.142	1.771605302	0.331456264
-14.142	5.507344607	0.254900222
-14.142	2.386018527	0.396933603
-14.142	4.989205941	0.304403143
-14.142	2.905880623	0.406212687
-14.142	5.097358772	0.29309896
-14.142	2.781309748	0.404756185
-14.142	6.150096741	0.167864449
-14.142	1.729999199	0.324794252
-14.142	6.464295216	0.097331982
-14.142	1.404518934	0.213198977
-14.142	6.415465608	0.111770926
-14.142	1.456546328	0.239795552
-14.142	4.52452881	0.338633836
-14.142	3.356457715	0.397393361
-14.142	5.746760502	0.226221914
-14.142	2.138027309	0.380764121
-14.142	4.564793215	0.336330724
-14.142	3.321283031	0.398803725
-14.142	5.345639906	0.269922915
-14.142	2.534989447	0.401091657
-14.142	3.974253513	0.373453487
-14.142	3.921101315	0.37616311
-14.142	4.438856318	0.346679697
-14.142	3.464242534	0.395978791
-14.142	5.939402409	0.199925772
-14.142	1.939169321	0.359336722
-14.142	5.134841495	0.291285458
-14.142	2.756876763	0.405709002
-14.142	6.515693354	0.071765266
-14.142	1.333586142	0.161618158
-14.142	5.921988388	0.201197872
-14.142	1.949903826	0.360070848
-14.142	5.424169595	0.262381898
-14.142	2.459754322	0.399036489
-14.142	4.1359374	0.364097623
-14.142	3.753631324	0.383555068
-14.142	5.054788982	0.298129307
-14.142	2.83473911	0.405839934
-14.142	4.752037461	0.323153687
-14.142	3.139856556	0.403364862
-14.142	4.48107623	0.342781156
-14.142	3.411379816	0.396750689
-14.142	5.948437075	0.199686137
-14.142	1.936017918	0.359494869
-14.142	4.700289856	0.328512063
-14.142	3.205274467	0.4032488
-14.142	5.522275455	0.253301466
-14.142	2.371139813	0.396268756
-14.142	4.200885881	0.361184661
-14.142	3.697795683	0.386781856
-14.142	5.762924002	0.22516264
-14.142	2.127887746	0.380460133
-14.142	4.409724948	0.348887808
-14.142	3.496283176	0.395150452
-14.142	5.603312202	0.242955171
-14.142	2.280241733	0.390661646
-14.142	4.446114869	0.344145474
-14.142	3.436421998	0.395107089
-14.142	4.08486443	0.367094454
-14.142	3.805967059	0.38129861
-14.142	4.085497405	0.368353495
-14.142	3.819206086	0.381929351
-14.142	5.088603576	0.295023243
-14.142	2.799776143	0.405657819
-14.142	4.823921932	0.317907472
-14.142	3.07113937	0.404723611
-14.142	5.437317921	0.260740602
-14.142	2.444523896	0.398307297
-14.142	6.265063712	0.140509223
-14.142	1.588010637	0.28588322
-14.142	5.774578343	0.220183315
-14.142	2.093803048	0.375394912
-14.142	4.804520541	0.31782496
-14.142	3.075736552	0.40340709
-14.142	5.294095797	0.277023062
-14.142	2.602585847	0.404053259
-14.142	4.350446347	0.350913068
-14.142	3.537149812	0.392111611
-14.142	4.631391899	0.330951512
-14.142	3.24892766	0.400130518
-14.142	4.325027572	0.35347661
-14.142	3.572296666	0.391666535
-14.142	4.03536963	0.369461779
-14.142	3.851784203	0.378812923
-14.142	6.096036584	0.173819495
-14.142	1.769414984	0.331116459
-14.142	6.215897459	0.155537037
-14.142	1.660638104	0.308598384
-14.142	5.497903577	0.25437187
-14.142	2.38419946	0.395878009
-14.142	6.170674476	0.165407171
-14.142	1.714387107	0.322010377
-14.142	6.45078246	0.095252532
-14.142	1.401391011	0.208601726
-14.142	5.94986089	0.19609456
-14.142	1.915457868	0.354876478
-14.142	5.576798587	0.24498412
-14.142	2.300047647	0.391207378
-14.142	6.20587832	0.153132019
-14.142	1.652004747	0.304280238
-14.142	5.323549993	0.274942532
-14.142	2.579334006	0.404081279
-14.142	4.883025932	0.314622098
-14.142	3.025077865	0.406401584
-14.142	4.719650959	0.326945615
-14.142	3.184804315	0.403576639
-14.142	5.833359742	0.213077292
-14.142	2.037896234	0.370169526
-14.142	4.371340381	0.351266893
-14.142	3.533541417	0.393745042
-14.142	4.184781387	0.361652427
-14.142	3.708844543	0.385865106
-14.142	4.459265428	0.343092022
-14.142	3.421588582	0.395431578
-14.142	6.300851615	0.138543561
-14.142	1.573395976	0.284009117
-14.142	5.6159236	0.241008099
-14.142	2.264081577	0.38937815
-14.142	6.512153541	0.077642312
-14.142	1.346685172	0.174039339
-14.142	4.139755174	0.365439399
-14.142	3.766391616	0.384464611
-14.142	4.47007002	0.343521153
-14.142	3.422328254	0.396405315
-14.142	5.356465887	0.269682349
-14.142	2.530676479	0.401530337
-14.142	6.590569664	0.036398656
-14.142	1.265355676	0.084455063
-14.142	5.123074689	0.292591764
-14.142	2.770730012	0.405974417
-14.142	4.610757025	0.334973051
-14.142	3.293969123	0.401110284
-14.142	4.35119972	0.351412884
-14.142	3.541988148	0.392423803
-14.142	5.698842383	0.230542189
-14.142	2.176120182	0.382902929
-14.142	4.584257994	0.337396955
-14.142	3.325698158	0.400724515
-14.142	6.206014475	0.157879746
-14.142	1.672975524	0.311888887
-14.142	5.348579437	0.270922848
-14.142	2.542096924	0.402138313
-14.142	3.993684158	0.372631826
-14.142	3.9037598	0.377216486
-14.142	5.110239619	0.292643682
-14.142	2.774302246	0.40521441
-14.142	5.761793766	0.224037059
-14.142	2.120882978	0.379121487
-14.142	4.845318338	0.314671085
-14.142	3.035693294	0.403995799
-14.142	5.135118929	0.289904413
-14.142	2.745246678	0.404663637
-14.142	3.976679321	0.373189662
-14.142	3.91717391	0.376222831
-14.142	5.930864418	0.201190131
-14.142	1.948098024	0.360522914
-14.142	5.914113588	0.202483532
-14.142	1.958874757	0.361305232
-14.142	6.153876725	0.163642254
-14.142	1.709350996	0.318515087
-14.142	6.275991595	0.141572735
-14.142	1.590181549	0.288153796
-14.142	4.665028709	0.32955251
-14.142	3.225515905	0.401536345
-14.142	5.21446419	0.283137983
-14.142	2.67042074	0.404220805
-14.142	5.566494819	0.247379903
-14.142	2.319146971	0.393020137
-14.142	5.933382741	0.203151665
-14.142	1.958928094	0.36316331
-14.142	5.26929594	0.277663285
-14.142	2.61341666	0.403083033
-14.142	6.252512548	0.146700329
-14.142	1.615664872	0.295776591
-14.142	4.430205865	0.348023532
-14.142	3.480683535	0.396101933
-14.142	4.808189427	0.319478156
-14.142	3.089956275	0.40471121
-14.142	5.271732198	0.279984402
-14.142	2.631483856	0.405152124
-14.142	6.421786972	0.110835008
-14.142	1.452399083	0.23822936
-14.142	4.575574532	0.337710415
-14.142	3.331438389	0.400318633
-14.142	5.700492013	0.231425602
-14.142	2.181618207	0.383961164
-14.142	4.607274558	0.333314018
-14.142	3.278950628	0.399910664
-14.142	5.783500801	0.220509888
-14.142	2.094040333	0.376259921
-14.142	6.29483114	0.139999826
-14.142	1.580304271	0.286260791
-14.142	4.487217113	0.344286099
-14.142	3.424416307	0.397993269
-14.142	6.008142483	0.187250178
-14.142	1.855639715	0.345922087
-14.142	5.462946316	0.258347639
-14.142	2.421064501	0.397593839
-14.142	5.079228722	0.294642295
-14.142	2.798859693	0.404785755
-14.142	5.826030001	0.215086203
-14.142	2.051661234	0.372185422
-14.142	6.358483148	0.123381843
-14.142	1.506064063	0.259386896
-14.142	4.223544491	0.35952368
-14.142	3.671848324	0.387574914
-14.142	6.105848193	0.175113996
-14.142	1.773946244	0.333488379
-14.142	6.170375778	0.164199133
-14.142	1.708773291	0.320138783
-14.142	4.064734956	0.368906611
-14.142	3.833626152	0.380685494
-14.142	6.416821823	0.107068706
-14.142	1.441692637	0.230802049
-14.142	5.578592547	0.24414038
-14.142	2.29375499	0.390455894
-14.142	4.740653923	0.323415935
-14.142	3.1455492	0.402780529
-14.142	5.919933586	0.201945116
-14.142	1.954610354	0.360921324
-14.142	4.143363691	0.365242592
-14.142	3.762881526	0.384629777
-14.142	6.185447634	0.162829537
-14.142	1.69950902	0.318717408
-14.142	4.017077614	0.371121053
-14.142	3.877396549	0.378240339
-14.142	6.165937646	0.166525237
-14.142	1.720581433	0.323500156
-14.142	6.583376718	0.050923375
-14.142	1.284661347	0.117295582
-14.142	6.188999312	0.158952105
-14.142	1.681068896	0.312812884
-14.142	4.282971529	0.357050696
-14.142	3.62424162	0.390534081
-14.142	4.909928042	0.310054478
-14.142	2.976673639	0.405067582
-14.142	5.605667438	0.240543256
-14.142	2.263044497	0.388313848
-14.142	5.900619205	0.204715385
-14.142	1.974531662	0.363428553
-14.142	6.137389465	0.167867427
-14.142	1.732461217	0.324201128
-14.142	6.601358608	0.012680132
-14.142	1.246861785	0.029640693
-14.142	6.120563209	0.171249234
-14.142	1.752036489	0.328484066
-14.142	4.986844963	0.302758328
-14.142	2.892075866	0.404896131
-14.142	4.185060489	0.362471407
-14.142	3.717374093	0.386280572
-14.142	3.954061101	0.375583993
-14.142	3.953227672	0.375626516
-14.142	5.742177824	0.226442715
-14.142	2.140395149	0.380759231
-14.142	4.141874976	0.364043782
-14.142	3.750726644	0.38395428
-14.142	4.459779124	0.344223721
-14.142	3.432705653	0.39608535
-14.142	5.356597338	0.268906399
-14.142	2.524641871	0.400858301
-14.142	5.355626936	0.271251808
-14.142	2.543073964	0.402846425
-14.142	5.187388303	0.287796487
-14.142	2.715145641	0.406257444
-14.142	6.275119051	0.143431897
-14.142	1.597877825	0.291266977
-14.142	4.810035653	0.318001445
-14.142	3.075829789	0.403880638
-14.142	4.135919472	0.364660778
-14.142	3.759614441	0.38382151
-14.142	4.8280446	0.315996949
-14.142	3.052499894	0.403747322
-14.142	4.260713525	0.357455435
-14.142	3.636531139	0.38917272
5.858	5.623625129	0.23972216
5.858	2.253606527	0.388481589
5.858	4.839598833	0.315846237
5.858	3.047959513	0.404398563
5.858	4.162317913	0.360936026
5.858	3.709973941	0.383918057
5.858	5.599453944	0.243558633
5.858	2.285264039	0.39105744
5.858	4.648961985	0.330613374
5.858	3.240427416	0.401101347
5.858	4.1407349	0.364532849
5.858	3.756363351	0.384105392
5.858	3.991155084	0.370834941
5.858	3.885381831	0.376219701
5.858	5.582405901	0.243225905
5.858	2.286561805	0.38974385
5.858	6.08542825	0.173358406
5.858	1.769204193	0.329928568
5.858	5.216808186	0.280326911
5.858	2.647092568	0.402081695
5.858	4.527746406	0.33825623
5.858	3.351733244	0.397397782
5.858	3.987859443	0.372398879
5.858	3.903736779	0.37668607
5.858	5.876633603	0.20580133
5.858	1.985691472	0.363530717
5.858	4.247800981	0.358149461
5.858	3.648496728	0.388608674
5.858	6.210839969	0.154503663
5.858	1.657048917	0.306712737
5.858	5.402747374	0.264274959
5.858	2.478825505	0.399485763
5.858	5.581859039	0.245054287
5.858	2.299464136	0.391568327
5.858	4.308255989	0.354396732
5.858	3.587708695	0.390965582
5.858	4.843097391	0.314592005
5.858	3.035580648	0.40379961
5.858	5.803460157	0.21855713
5.858	2.077733821	0.375069968
5.858	5.922603474	0.20180757
5.858	1.953287561	0.360884526
5.858	5.980147857	0.189281216
5.858	1.872055926	0.347294964
5.858	6.122079842	0.170724827
5.858	1.749190199	0.327773801
5.858	4.844198545	0.313233143
5.858	3.022966322	0.402969177
5.858	6.308022174	0.1283484
5.858	1.533411825	0.266402187
5.858	5.329303648	0.272044415
5.858	2.555221499	0.401950335
5.858	5.009498405	0.301485719
5.858	2.875189488	0.405421146
5.858	5.894438791	0.205201846
5.858	1.978610524	0.3637162
5.858	6.337603896	0.12154785
5.858	1.503669609	0.255233982
5.858	5.447703911	0.257586494
5.858	2.418784098	0.395985525
5.858	4.892923879	0.311332743
5.858	2.992666865	0.404840846
5.858	6.37101513	0.118290698
5.858	1.486231285	0.250470159
5.858	6.156869869	0.162588439
5.858	1.703884518	0.317024536
5.858	5.870731518	0.208541023
5.858	2.003072619	0.366625963
5.858	6.038545763	0.181355925
5.858	1.818735127	0.339199444
5.858	4.21490965	0.35979063
5.858	3.677877786	0.387095049
5.858	6.55576807	0.062382805
5.858	1.308225922	0.142193931
5.858	4.211201116	0.357878017
5.858	3.659321589	0.385888577
5.858	5.533233422	0.250746743
5.858	2.350309704	0.39442437
5.858	4.277108315	0.356382555
5.858	3.619422177	0.389787993
5.858	6.353906953	0.11985437
5.858	1.494764395	0.252731251
5.858	6.116206522	0.171734937
5.858	1.755250746	0.328999432
5.858	4.727180465	0.322654701
5.858	3.14230368	0.40141724
5.858	5.76391365	0.220992459
5.858	2.101084125	0.375749157
5.858	6.38170492	0.110948896
5.858	1.460347045	0.237031419
5.858	4.504231261	0.341563252
5.858	3.391826202	0.397655122
5.858	4.120327389	0.365159478
5.858	3.771082122	0.38294032
5.858	5.878023804	0.207009523
5.858	1.992527548	0.365112538
5.858	6.013587355	0.184038217
5.858	1.837591886	0.341738442
5.858	6.003774275	0.188352264
5.858	1.862395403	0.34721651
5.858	5.656693154	0.23708232
5.858	2.228653929	0.38758232
5.858	4.947787962	0.30793792
5.858	2.947837022	0.406041858
5.858	5.091905799	0.29310331
5.858	2.782692957	0.404418952
5.858	5.519595187	0.252251567
5.858	2.364100588	0.395098228
5.858	5.165023104	0.285633216
5.858	2.702637164	0.403172782
5.858	4.996809449	0.303524909
5.858	2.896227629	0.406073619
5.858	4.653582057	0.328129192
5.858	3.215369637	0.399917132
5.858	4.519235677	0.3397928
5.858	3.369538193	0.397686883
5.858	4.531464997	0.339654278
5.858	3.364299685	0.398438221
5.858	5.316680469	0.273117703
5.858	2.566510438	0.402112123
5.858	5.42505825	0.260464203
5.858	2.445170467	0.397328839
5.858	6.016834439	0.187730109
5.858	1.856497688	0.34701842
5.858	4.66757994	0.328026575
5.858	3.210236707	0.400785813
5.858	5.688745175	0.229463405
5.858	2.17112514	0.381155362
5.858	4.911912406	0.308878972
5.858	2.965645132	0.404391999
5.858	5.48294616	0.253648009
5.858	2.382187504	0.394311706
5.858	4.262524647	0.356669776
5.858	3.627707676	0.388907518
5.858	4.90829911	0.307921602
5.858	2.958089355	0.403502046
5.858	4.59661684	0.332861391
5.858	3.27783888	0.398930694
5.858	5.863675468	0.208701592
5.858	2.005444868	0.366449878
5.858	5.411431231	0.262098778
5.858	2.460451891	0.398024018
5.858	5.360431625	0.266013147
5.858	2.501562491	0.398526635
5.858	5.95644003	0.196936413
5.858	1.918873733	0.356321854
5.858	4.643927211	0.32893471
5.858	3.225909052	0.399760336
5.858	6.061336273	0.180703665
5.858	1.810916677	0.339393957
5.858	5.17171167	0.285156325
5.858	2.697112054	0.403206944
5.858	4.570189475	0.336167267
5.858	3.318015541	0.399073531
5.858	4.345120692	0.351424197
5.858	3.544220694	0.39200728
5.858	6.549246223	0.048711459
5.858	1.287965975	0.111737506
5.858	5.515704296	0.251977872
5.858	2.362961573	0.394606841
5.858	6.023425076	0.187640873
5.858	1.854730802	0.347226125
5.858	4.42639461	0.346533366
5.858	3.466908537	0.395044452
5.858	5.971665345	0.193282196
5.858	1.895533954	0.352261427
5.858	4.04707649	0.369608982
5.858	3.848484614	0.379729859
5.858	6.511747054	0.070175952
5.858	1.331140331	0.158112846
5.858	4.040948341	0.369132734
5.858	3.845910811	0.379066628
5.858	5.420273886	0.2616112
5.858	2.454821851	0.39810097
5.858	6.193276859	0.158144158
5.858	1.676603707	0.311730678
5.858	6.291175868	0.139793077
5.858	1.580176249	0.28575352
5.858	6.584319821	0.02357738
5.858	1.25565936	0.054861645
5.858	4.277271252	0.354112361
5.858	3.59592334	0.388651374
5.858	4.385185	0.349822741
5.858	3.514084203	0.393948894
5.858	5.182725452	0.283802806
5.858	2.683396146	0.402805186
5.858	4.619728594	0.332581202
5.858	3.268104717	0.400314571
5.858	4.790602624	0.320140119
5.858	3.100962272	0.403986914
5.858	6.075133344	0.179245091
5.858	1.800753683	0.33798524
5.858	4.391059245	0.348600109
5.858	3.499676355	0.393710656
5.858	6.249779957	0.146394035
5.858	1.614911189	0.295148663
5.858	4.500766638	0.339362683
5.858	3.371212125	0.396190908
5.858	4.503550788	0.339699081
5.858	3.373626298	0.396569108
5.858	6.538041488	0.061633528
5.858	1.310244762	0.140170812
5.858	5.642348073	0.235514321
5.858	2.221054069	0.385109587
5.858	4.119624	0.363422564
5.858	3.752950614	0.382063924
5.858	3.969150656	0.373479007
5.858	3.923603128	0.375800556
5.858	5.332894032	0.270625546
5.858	2.543341258	0.400938428
5.858	5.752928314	0.224272591
5.858	2.124204546	0.378902052
5.858	5.327084124	0.270329093
5.858	2.542364702	0.400331628
5.858	5.306572508	0.274053618
5.858	2.576185403	0.402301332
5.858	6.276033647	0.142167971
5.858	1.592573226	0.289166506
5.858	4.549543543	0.337566849
5.858	3.338114095	0.398481049
5.858	4.304843796	0.354070764
5.858	3.58556695	0.390561077
5.858	6.098599025	0.17204734
5.858	1.760196205	0.328622758
5.858	6.092311658	0.17215403
5.858	1.761943838	0.328480325
5.858	6.146769869	0.165259527
5.858	1.718288978	0.320670118
5.858	4.487074971	0.341335595
5.858	3.395091463	0.396360988
5.858	3.990916797	0.370399149
5.858	3.880783317	0.37600393
5.858	5.143349275	0.29084408
5.858	2.751114322	0.405898486
5.858	5.012136363	0.300505946
5.858	2.866013299	0.404881853
5.858	6.522059222	0.065578708
5.858	1.320362796	0.148425109
5.858	5.905724909	0.205045312
5.858	1.975445598	0.364112514
5.858	4.407500195	0.345427387
5.858	3.46215218	0.393149187
5.858	6.555509818	0.059810343
5.858	1.303822725	0.136531116
5.858	6.327439752	0.129402202
5.858	1.533556504	0.269051883
5.858	5.294211716	0.274801109
5.858	2.584923363	0.402189131
5.858	5.639580825	0.237817115
5.858	2.237229033	0.387391221
5.858	4.147444583	0.361699269
5.858	3.723792755	0.38322672
5.858	6.478722453	0.089211794
5.858	1.38032911	0.197194258
5.858	4.982685507	0.305115982
5.858	2.913826814	0.406300468
5.858	5.064388935	0.296599237
5.858	2.819222773	0.405314401
5.858	5.776337033	0.220219468
5.858	2.09367125	0.375532719
5.858	4.854218805	0.315770195
5.858	3.043290875	0.405296242
5.858	4.888159041	0.310748243
5.858	2.988691716	0.404138827
5.858	4.950947709	0.306944648
5.858	2.938193382	0.405556003
5.858	4.449968232	0.343807967
5.858	3.431781375	0.395187022
5.858	5.284889016	0.275639534
5.858	2.593707543	0.402333346
5.858	4.853511887	0.314864265
5.858	3.035221986	0.404654083
5.858	5.054710101	0.297502266
5.858	2.829373463	0.405373768
5.858	6.021426078	0.184327172
5.858	1.837562281	0.342531623
5.858	4.780447993	0.318732945
5.858	3.090811322	0.402421684
5.858	5.689742752	0.232300604
5.858	2.189649981	0.384313566
5.858	4.389413949	0.347826303
5.858	3.492412724	0.393186708
5.858	6.009619761	0.186714934
5.858	1.852498462	0.345258085
5.858	5.590053338	0.243674244
5.858	2.288061433	0.390637939
5.858	4.247743241	0.358186053
5.858	3.648899438	0.388622754
5.858	5.376727022	0.268006658
5.858	2.513172679	0.401269199
5.858	4.299057525	0.355060144
5.858	3.597835949	0.390659204
5.858	5.771022995	0.221095605
5.858	2.100280568	0.376256563
5.858	6.491161881	0.085851159
5.858	1.369649758	0.190637268
5.858	4.136409136	0.364392057
5.858	3.756568516	0.383728933
5.858	4.15949752	0.363282198
5.858	3.735784983	0.38484935
5.858	5.759172388	0.220192945
5.858	2.097022392	0.374565702
5.858	3.95937908	0.372936339
5.858	3.921981187	0.374841014
5.858	4.222530464	0.358511759
5.858	3.661658436	0.387004296
5.858	4.41617233	0.347627206
5.858	3.481356527	0.394925915
5.858	5.719021123	0.229713417
5.858	2.166497724	0.383114606
5.858	4.429460086	0.344890093
5.858	3.449396347	0.394369048
5.858	6.043660494	0.178536679
5.858	1.803299164	0.335431148
5.858	4.811217687	0.317098752
5.858	3.06721806	0.403372149
5.858	4.398584572	0.348777373
5.858	3.498919194	0.394323903
5.858	4.163195384	0.363446745
5.858	3.736093616	0.385191915
5.858	4.171003009	0.362087863
5.858	3.718722296	0.385095181
5.858	4.419374646	0.347520381
5.858	3.479205144	0.395089395
5.858	6.21931564	0.148885246
5.858	1.631204209	0.297949068
5.858	6.254542439	0.140585689
5.858	1.590335662	0.285571369
5.858	5.357986716	0.269207864
5.858	2.526658891	0.401205974
5.858	4.365524643	0.350349049
5.858	3.526180079	0.39286356
5.858	4.183823025	0.36231372
5.858	3.716182016	0.386116572
5.858	5.392739212	0.265252177
5.858	2.488488631	0.399770678
5.858	5.805672924	0.217699239
5.858	2.071936318	0.374182619
5.858	3.955987058	0.372572929
5.858	3.919529351	0.374428965
5.858	5.184214156	0.285123876
5.858	2.693847218	0.403951622
5.858	4.877373619	0.312809358
5.858	3.010143208	0.404830928
5.858	4.431728208	0.346449192
5.858	3.464285129	0.395365761
5.858	6.572677985	0.031893839
5.858	1.264377972	0.073911667
5.858	5.943101651	0.199383603
5.858	1.935347972	0.358826336
5.858	4.54780049	0.338154941
5.858	3.3444221	0.398697399
5.858	6.321595712	0.132552185
5.858	1.54638208	0.27440857
5.858	4.061579458	0.367167292
5.858	3.816279077	0.379650977
5.858	4.426120895	0.34664949
5.858	3.468168912	0.3950879
5.858	4.458372253	0.343685366
5.858	3.427792511	0.395695363
5.858	4.450965126	0.343667064
5.858	3.430047592	0.395178331
5.858	6.254686679	0.146036566
5.858	1.612488283	0.294764306
5.858	4.698198799	0.327734929
5.858	3.198489863	0.402639423
5.858	5.566053321	0.246483186
5.858	2.31289333	0.392098554
5.858	4.205706107	0.358408165
5.858	3.666914452	0.385762104
5.858	6.259148855	0.142138022
5.858	1.595678336	0.288401173
5.858	5.436178761	0.26129771
5.858	2.448950081	0.39875289
5.858	6.187566104	0.156075953
5.858	1.668464614	0.308186863
5.858	5.936119773	0.198320599
5.858	1.930701375	0.357083622
5.858	4.754347027	0.323666343
5.858	3.144002714	0.403836867
5.858	6.384675985	0.112438984
5.858	1.464496596	0.239970643
5.858	6.377704868	0.113357024
5.858	1.468759898	0.241459982
5.858	4.697672039	0.326148466
5.858	3.183625324	0.401636147
5.858	6.212834214	0.148720047
5.858	1.631756645	0.297394416
5.858	4.020468356	0.369919737
5.858	3.862989782	0.377939661
5.858	5.470875746	0.255199675
5.858	2.396144046	0.395089283
5.858	6.225520804	0.150348153
5.858	1.636228194	0.300620904
5.858	5.922385497	0.201185329
5.858	1.949752879	0.36007542
5.858	6.11842866	0.16927709
5.858	1.74289325	0.325432164
5.858	5.417671275	0.259909901
5.858	2.442680292	0.396380606
5.858	4.477292789	0.343564466
5.858	3.420411548	0.396922233
5.858	5.404596453	0.264246445
5.858	2.478197339	0.399569784
5.858	6.502546457	0.070320194
5.858	1.333170161	0.158201441
5.858	4.891233733	0.311629816
5.858	2.995791119	0.404932406
5.858	5.67443881	0.230895801
5.858	2.183533923	0.381928609
5.858	4.344718616	0.350508518
5.858	3.535026954	0.39150272
5.858	5.109708954	0.293851176
5.858	2.784640094	0.406095357
5.858	5.806158369	0.216845557
5.858	2.066537728	0.37320229
5.858	5.883733329	0.206757441
5.858	1.989896073	0.365100003
5.858	4.238054545	0.357485025
5.858	3.64518505	0.387591158
5.858	3.963532161	0.373028888
5.858	3.921163241	0.375187231
5.858	6.04339752	0.178851351
5.858	1.804949698	0.335869397
5.858	5.775836375	0.221536838
5.858	2.102089871	0.377028407
5.858	4.874206064	0.311062064
5.858	2.995259935	0.403451929
5.858	6.488638615	0.076058142
5.858	1.347683907	0.170076984
5.858	4.618356015	0.333000854
5.858	3.272566681	0.400469263
5.858	4.975552637	0.302769244
5.858	2.895084925	0.404186667
5.858	5.659424013	0.23672206
5.858	2.225639981	0.387354909
5.858	5.556156742	0.245773029
5.858	2.310004873	0.390817219
5.858	5.00074404	0.301616896
5.858	2.878564282	0.404961077
5.858	5.154278539	0.28883408
5.858	2.731688041	0.405021735
5.858	6.179611827	0.158499391
5.858	1.680831458	0.311671807
5.858	4.091589447	0.366184975
5.858	3.793529184	0.381357601
5.858	5.608002475	0.240683961
5.858	2.263518966	0.388592338
5.858	4.722984906	0.325751823
5.858	3.172557575	0.403064748
5.858	4.161650032	0.360985615
5.858	3.710753648	0.383894548
5.858	4.14718811	0.362864315
5.858	3.73616633	0.38376995
5.858	4.768151192	0.322263974
5.858	3.126993009	0.403863785
5.858	6.607932655	0.022879815
5.858	1.250756909	0.053440626
5.858	4.213694423	0.360616425
5.858	3.686994219	0.387412982
5.858	4.170881456	0.36218425
5.858	3.719785174	0.385133049
5.858	5.701180525	0.22773284
5.858	2.157233631	0.379931665
5.858	5.202425949	0.283033384
5.858	2.672421431	0.403397914
5.858	5.265947965	0.276425558
5.858	2.604338524	0.401845276
5.858	6.488950226	0.080675612
5.858	1.357862188	0.179802669
5.858	5.525601885	0.251718709
5.858	2.358954966	0.394929639
5.858	5.505614807	0.253616353
5.858	2.377023366	0.395602622
5.858	5.497147343	0.253275367
5.858	2.37638246	0.394781438
5.858	4.336453101	0.351920073
5.858	3.552319884	0.391661348
5.858	6.579228867	0.036122888
5.858	1.26720666	0.083677928
5.858	5.697300278	0.2303912
5.858	2.175444396	0.38265146
5.858	6.138680527	0.16530751
5.858	1.720079619	0.320366353
5.858	4.851702446	0.312553036
5.858	3.014777418	0.403000805
5.858	5.157532754	0.285911906
5.858	2.706737233	0.402930857
5.858	5.817543563	0.214125878
5.858	2.047492187	0.370580408
5.858	5.511570481	0.251238757
5.858	2.358526271	0.393648327
5.858	5.565582209	0.247471026
5.858	2.319987851	0.393058457
5.858	5.961882798	0.192798354
5.858	1.894809974	0.351115755
5.858	6.360224146	0.123449898
5.858	1.505972689	0.259577941
5.858	6.332141103	0.129662692
5.858	1.533621329	0.269703205
5.858	5.83280472	0.213563501
5.858	2.040970476	0.370725245
5.858	5.932303653	0.200050755
5.858	1.941288901	0.359129936
5.858	6.304913682	0.130630162
5.858	1.542383272	0.270339984
5.858	6.109386336	0.172281671
5.858	1.759248868	0.32948546
5.858	4.246634066	0.35839058
5.858	3.651441033	0.388645948
5.858	4.17255812	0.362071461
5.858	3.717949981	0.385198019
5.858	5.790427937	0.21714118
5.858	2.071570396	0.372699633
5.858	4.736082894	0.324496055
5.858	3.156982133	0.403152022
5.858	6.184993426	0.158854224
5.858	1.681396183	0.312476283
5.858	4.967712739	0.303381118
5.858	2.902462157	0.404123113
5.858	4.151451375	0.363502381
5.858	3.741245438	0.384380325
5.858	5.943225034	0.194875046
5.858	1.909984873	0.352925733
5.858	6.178536084	0.156003968
5.858	1.669890462	0.307665646
5.858	4.408090137	0.347507936
5.858	3.482868581	0.394305749
5.858	6.200936327	0.154552954
5.858	1.659167314	0.306349211
5.858	5.455667661	0.256869488
5.858	2.411740927	0.395779098
5.858	5.563457357	0.247004721
5.858	2.317135544	0.392470959
5.858	4.885811133	0.311711411
5.858	2.997975846	0.404638095
5.858	4.12918061	0.364116557
5.858	3.75649924	0.383080192
5.858	4.556929595	0.337948259
5.858	3.339544477	0.399196717
5.858	4.136860177	0.36398715
5.858	3.752097124	0.383568484
5.858	5.711579909	0.228553391
5.858	2.160426807	0.381419385
5.858	4.402476283	0.346410221
5.858	3.473710975	0.393331916
5.858	5.520551286	0.250923868
5.858	2.354316268	0.393862429
5.858	6.090128905	0.174805623
5.858	1.775456329	0.332279179
5.858	4.554045966	0.336589398
5.858	3.327155445	0.398227001
5.858	4.188312881	0.361608434
5.858	3.70703267	0.386094807
5.858	5.68946461	0.230265715
5.858	2.176245764	0.382077216
5.858	5.547661131	0.245916055
5.858	2.312838535	0.390472262
5.858	4.976985592	0.305423211
5.858	2.918000535	0.406153674
5.858	6.541159577	0.064875686
5.858	1.31546221	0.147324915
5.858	5.994720615	0.188554193
5.858	1.865263099	0.347037445
5.858	5.871336193	0.207838288
5.858	1.998774841	0.365788361
5.858	4.657493459	0.330148877
5.858	3.233445566	0.401392274
5.858	5.971170617	0.191983437
5.858	1.888502781	0.350495586
5.858	4.189679442	0.361555194
5.858	3.705951077	0.386166106
5.858	5.373185196	0.266433554
5.858	2.50189213	0.399662387
5.858	6.566147574	0.040650616
5.858	1.274589382	0.093817481
5.858	6.044736663	0.184211377
5.858	1.832391015	0.343527426
5.858	5.876221285	0.206181578
5.858	1.98800844	0.36398459
5.858	4.398403401	0.348486228
5.858	3.496030784	0.394157404
5.858	4.056352169	0.369178018
5.858	3.840000211	0.380203903
5.858	4.316386053	0.351967097
5.858	3.559883178	0.390287288
5.858	4.140494039	0.363644906
5.858	3.747043403	0.383665195
5.858	4.281906043	0.356364736
5.858	3.617502363	0.390115656
5.858	6.531716412	0.070309254
5.858	1.327639073	0.158879176
5.858	4.223811481	0.358349959
5.858	3.659492722	0.387014791
5.858	6.426584507	0.103386686
5.858	1.428861754	0.223961364
5.858	4.897276165	0.312045973
5.858	2.997931551	0.405601502
5.858	4.159785759	0.361949985
5.858	3.721612901	0.384228996
5.858	5.987469461	0.192871636
5.858	1.890160142	0.352516896
5.858	4.599759134	0.332263421
5.858	3.271121315	0.398789897
5.858	6.445289954	0.101242657
5.858	1.419109633	0.220362757
5.858	4.637363923	0.33115552
5.858	3.249089654	0.400650407
5.858	4.816718451	0.318618133
5.858	3.079663549	0.404714
5.858	4.872851301	0.311607197
5.858	3.000522561	0.403732288
5.858	6.300015979	0.137756784
5.858	1.570465279	0.282616449
5.858	4.955298022	0.304863364
5.858	2.918688053	0.404379307
5.858	5.631977211	0.240027459
5.858	2.253950001	0.389273145
5.858	5.730435059	0.224530178
5.858	2.130482435	0.377956372
5.858	5.116836597	0.291013786
5.858	2.75898602	0.404381223
5.858	5.615440423	0.239609574
5.858	2.25456066	0.387899812
5.858	4.401486866	0.348079727
5.858	3.490874136	0.394154627
5.858	5.772962508	0.220763069
5.858	2.097785049	0.375978222
5.858	6.588027002	0.042727826
5.858	1.272920956	0.098858249
5.858	4.911506596	0.311086412
5.858	2.985517001	0.405869251
5.858	5.120848429	0.292062007
5.858	2.766808033	0.405432502
5.858	4.218137729	0.359682194
5.858	3.675531051	0.387270317
5.858	4.29159924	0.355232162
5.858	3.602286916	0.390224185
5.858	5.781865777	0.219078607
5.858	2.08538413	0.374506635
5.858	4.787449905	0.318195974
5.858	3.083907063	0.402533181
5.858	5.425219438	0.261148312
5.858	2.450252872	0.397968367
5.858	4.062271506	0.366856782
5.858	3.812677559	0.379556132
5.858	5.104904019	0.293586011
5.858	2.783571105	0.405595445
5.858	5.750728294	0.224898294
5.858	2.128673761	0.379490165
5.858	6.488312065	0.084834366
5.858	1.367727997	0.188450054
5.858	4.102997438	0.366291261
5.858	3.790063049	0.382228587
5.858	5.517230695	0.251317514
5.858	2.357867506	0.394053557
5.858	5.749958526	0.221491886
5.858	2.107107175	0.375561562
5.858	5.797741565	0.218282044
5.858	2.077175614	0.374437273
5.858	5.014645637	0.299572389
5.858	2.857301493	0.404363787
5.858	4.796763876	0.317873621
5.858	3.078341921	0.402932808
5.858	5.578178582	0.243928054
5.858	2.29235952	0.390216619
5.858	5.899925827	0.202676571
5.858	1.962821371	0.360809571
5.858	5.189750064	0.286530946
5.858	2.704108467	0.405407634
5.858	6.592345892	0.033283147
5.858	1.261950336	0.077329986
5.858	4.386820495	0.348255664
5.858	3.497635244	0.393235433
5.858	6.391080363	0.114508877
5.858	1.469941248	0.244118394
5.858	4.756606467	0.323396627
5.858	3.140836472	0.403816833
5.858	5.510199423	0.250232243
5.858	2.35159587	0.392586061
5.858	6.54903522	0.063330599
5.858	1.311177055	0.144124623
5.858	4.855347374	0.312970219
5.858	3.017549609	0.403515466
5.858	5.856471518	0.207279021
5.858	1.998456656	0.364307508
5.858	5.800660162	0.218198483
5.858	2.076062214	0.374497564
5.858	4.118639236	0.363949851
5.858	3.758919526	0.382244988
5.858	5.653130429	0.237193243
5.858	2.230150538	0.387498595
5.858	4.665798042	0.327454587
5.858	3.2053423	0.4003203
5.858	5.075955491	0.296263418
5.858	2.813477021	0.405790685
5.858	4.351887787	0.349869953
5.858	3.526034667	0.3916667
5.858	4.211285625	0.358442327
5.858	3.665161259	0.386174252
5.858	5.220506888	0.282332823
5.858	2.662442981	0.40394093
5.858	4.920855386	0.309452477
5.858	2.968399624	0.405358199
5.858	5.439703035	0.259555519
5.858	2.435150417	0.397351837
5.858	5.080510741	0.295097473
5.858	2.802409019	0.405206922
5.858	4.109931153	0.365951651
5.858	3.783662012	0.382567483
5.858	4.476012078	0.343856386
5.858	3.423741457	0.396994396
5.858	4.628818977	0.3301567
5.858	3.242100316	0.399485112
5.858	6.511755921	0.07201034
5.858	1.334828403	0.162046396
5.858	5.611271716	0.240251155
5.858	2.259848049	0.388329776
5.858	5.107544452	0.293842901
5.858	2.785099537	0.405954092
5.858	6.243855532	0.149713107
5.858	1.630012912	0.300383271
5.858	4.895538858	0.310161433
5.858	2.981459278	0.404215554
5.858	6.556742683	0.043822312
5.858	1.280154113	0.100859624
5.858	5.724060685	0.226207907
5.858	2.14260169	0.379495297
5.858	5.548989727	0.249128398
5.858	2.335331102	0.39374576
5.858	5.496598477	0.251670232
5.858	2.364891646	0.39319787
5.858	6.059691134	0.178660307
5.858	1.800782455	0.336391548
5.858	5.418842661	0.260246475
5.858	2.444927828	0.396760823
5.858	4.583066155	0.335306729
5.858	3.305664345	0.399444423
5.858	5.932745647	0.196382569
5.858	1.920473884	0.35437493
5.858	4.893305411	0.31061126
5.858	2.986086115	0.404377272
5.858	4.15520609	0.362910792
5.858	3.733526664	0.384364956
5.858	5.474863387	0.255841432
5.858	2.399971132	0.395932189
5.858	5.344985298	0.269055783
5.858	2.528426163	0.400293885
5.858	4.471499974	0.342927817
5.858	3.415951563	0.396177673
5.858	4.95571269	0.306507671
5.858	2.933083657	0.405556254
5.858	4.658055616	0.32836485
5.858	3.21627399	0.400357316
5.858	4.420766021	0.346647762
5.858	3.469940799	0.394718767
5.858	5.820224601	0.212164073
5.858	2.03501687	0.368362678
5.858	6.187443799	0.156358671
5.858	1.669743133	0.308631932
5.858	6.376690831	0.116221922
5.858	1.478274353	0.246816251
5.858	5.829470326	0.213798802
5.858	2.043079687	0.370829046
5.858	6.133455443	0.16644477
5.858	1.726456495	0.32185727
5.858	6.036989208	0.182165299
5.858	1.823227879	0.34026728
5.858	6.088927599	0.172370566
5.858	1.763665075	0.328638856
5.858	4.008191122	0.372046495
5.858	3.89119863	0.378011687
5.858	6.249574464	0.147468951
5.858	1.619439531	0.296926482
5.858	4.143340495	0.364791679
5.858	3.758092475	0.384414608
5.858	6.508206373	0.070358021
5.858	1.332172458	0.158418723
5.858	5.391967713	0.262794206
5.858	2.47004086	0.39750422
5.858	4.589630341	0.334560344
5.858	3.29640155	0.39945333
5.858	5.701470935	0.231286542
5.858	2.180495009	0.38386392
5.858	5.679622306	0.233147869
5.858	2.197394093	0.384665087
5.858	4.987162603	0.301133544
5.858	2.877855167	0.403752825
5.858	5.997287454	0.190303754
5.858	1.874200958	0.349550613
5.858	4.302373178	0.354838303
5.858	3.594360443	0.390778681
5.858	4.222207679	0.357318367
5.858	3.649366965	0.386388911
5.858	5.379994905	0.265408881
5.858	2.492538859	0.399152757
5.858	5.217130479	0.280954581
5.858	2.652077647	0.402614262
5.858	6.150406271	0.164812515
5.858	1.715487978	0.320154279
5.858	6.252899131	0.141648884
5.858	1.594907963	0.287308109
5.858	4.784944664	0.318870469
5.858	3.090815337	0.402804036
5.858	6.196025473	0.15622044
5.858	1.667476721	0.308798099
5.858	5.011831468	0.299860581
5.858	2.860507622	0.404395203
5.858	4.513008594	0.339506408
5.858	3.368701414	0.397103471
5.858	4.352250634	0.350868242
5.858	3.536065313	0.392213571
5.858	6.487823165	0.076265114
5.858	1.348284458	0.17049358
5.858	6.022232823	0.185515943
5.858	1.843664058	0.344227651
5.858	6.426610833	0.10705132
5.858	1.43979122	0.231104641
5.858	5.373189775	0.266698283
5.858	2.503917154	0.399898307
5.858	4.161874983	0.360812886
5.858	3.708854774	0.383826562
5.858	4.577798972	0.336411073
5.858	3.318041939	0.39972592
5.858	6.489441244	0.082025127
5.858	1.360877213	0.18263732
5.858	4.777331763	0.320352543
5.858	3.106642966	0.403254654
5.858	5.838127164	0.210545656
5.858	2.021627789	0.367353401
5.858	6.462706511	0.09401487
5.858	1.395819546	0.206479261
5.858	4.553362685	0.337360732
5.858	3.334902894	0.398621598
5.858	6.038404937	0.179834581
5.858	1.810946474	0.337030181
5.858	6.061105955	0.175755667
5.858	1.785864491	0.332263216
5.858	5.10053329	0.292657794
5.858	2.776806036	0.40461982
5.858	4.11556171	0.364458911
5.858	3.765540577	0.382266317
5.858	6.339339473	0.127503822
5.858	1.524373311	0.266119428
5.858	5.682817852	0.233594731
5.858	2.199715758	0.385326416
5.858	5.666919979	0.231824749
5.858	2.191249552	0.382520341
5.858	5.493942427	0.254394024
5.858	2.385221264	0.395668176
5.858	4.760146745	0.323000842
5.858	3.136132116	0.403801567
5.858	4.296444481	0.35285362
5.858	3.576078071	0.389350764
5.858	5.477639255	0.253348815
5.858	2.381178542	0.393714665
5.858	5.820640232	0.214411545
5.858	2.04861207	0.371089049
5.858	6.022982433	0.184754525
5.858	1.839501942	0.343205298
5.858	3.983435168	0.371660962
5.858	3.897648864	0.376029749
5.858	4.196546888	0.361163438
5.858	3.699217097	0.386463651
5.858	6.097743891	0.17251639
5.858	1.762661498	0.329276327
5.858	5.292898207	0.274357091
5.858	2.581722622	0.401733015
5.858	5.322501209	0.271999115
5.858	2.556418144	0.40150192
5.858	4.550524106	0.337163674
5.858	3.333863974	0.398317502
5.858	4.038567912	0.369040004
5.858	3.8459087	0.378851218
5.858	4.341040802	0.352715873
5.858	3.558865927	0.392391159
5.858	6.478557556	0.084215994
5.858	1.368090708	0.18689216
5.858	4.94005124	0.308300898
5.858	2.953086221	0.405797535
5.858	5.687385483	0.230211013
5.858	2.176318735	0.381901331
5.858	4.175142126	0.360508472
5.858	3.700529057	0.384623356
5.858	4.141716988	0.364651408
5.858	3.757237632	0.38423194
5.858	5.463518462	0.257253524
5.858	2.412845713	0.396601233
5.858	4.15080449	0.362670449
5.858	3.7327059	0.383935168
5.858	5.360652416	0.266677047
5.858	2.506584607	0.399131068
5.858	6.490249998	0.075608041
5.858	1.346412857	0.169165839
5.858	6.464498771	0.085771951
5.858	1.374498323	0.189710157
5.858	6.340963279	0.125148344
5.858	1.515620044	0.26192851
5.858	6.569401447	0.031990253
5.858	1.265084983	0.074095499
5.858	4.204386567	0.36012527
5.858	3.68534921	0.386513496
5.858	5.053083704	0.295886614
5.858	2.815970391	0.404075525
5.858	5.201879896	0.281675255
5.858	2.661528331	0.402266121
5.858	5.314259128	0.272253179
5.858	2.560290323	0.40122425
5.858	5.604878122	0.241175388
5.858	2.267569939	0.388922423
5.858	4.962754972	0.30394376
5.858	2.908675322	0.40420606
5.858	6.100574978	0.169205814
5.858	1.746026962	0.324480298
5.858	5.661822148	0.232420556
5.858	2.196270621	0.382881266
5.858	4.693530626	0.325418793
5.858	3.177960005	0.400913541
5.858	6.485986244	0.079837333
5.858	1.356519384	0.177966145
5.858	4.791124831	0.320223733
5.858	3.101591363	0.404074369
5.858	4.785542428	0.319284831
5.858	3.094468499	0.403109155
5.858	5.247353152	0.279131289
5.858	2.630282908	0.402964635
5.858	6.521966855	0.07477815
5.858	1.338655567	0.168212416
5.858	5.941737929	0.198231287
5.858	1.929081389	0.357257606
5.858	5.12829175	0.290320965
5.858	2.750388479	0.404560981
5.858	4.551568041	0.336724278
5.858	3.32924653	0.398136913
5.858	4.161817881	0.360807894
5.858	3.708824633	0.383820061
5.858	5.359592223	0.268675629
5.858	2.522183669	0.400834745
5.858	4.638931901	0.330853082
5.858	3.245720356	0.400575291
5.858	4.60216304	0.332448345
5.858	3.272164508	0.39905996
5.858	4.941531863	0.306283963
5.858	2.934806529	0.404495045
5.858	5.273962657	0.275905164
5.858	2.598344665	0.401894662
5.858	4.857576705	0.312733964
5.858	3.014810318	0.403501793
5.858	6.472906936	0.08260547
5.858	1.365360538	0.183389657
5.858	4.493910337	0.341472648
5.858	3.394241745	0.396902615
5.858	5.450320019	0.257089997
5.858	2.414544545	0.395672784
5.858	4.408036149	0.347657384
5.858	3.484395607	0.394381623
5.858	5.416828649	0.259968656
5.858	2.443305975	0.396385177
5.858	4.517690337	0.340884498
5.858	3.380811465	0.398192256
5.858	4.685014059	0.327697398
5.858	3.201980302	0.401743209
5.858	5.019146726	0.299504493
5.858	2.8555699	0.404598778
5.858	6.264755691	0.141998628
5.858	1.594042519	0.288402221
5.858	5.455813496	0.259855749
5.858	2.43384556	0.39857892
5.858	4.890600391	0.310212652
5.858	2.983238712	0.40393262
5.858	4.966499549	0.305613932
5.858	2.922388728	0.405619804
5.858	5.71792385	0.229165722
5.858	2.163126629	0.382449149
5.858	5.082657693	0.296335351
5.858	2.812433594	0.406264032
5.858	5.754175434	0.221695197
5.858	2.107525491	0.37602617
5.858	4.798993029	0.317999907
5.858	3.07888064	0.403159891
5.858	4.934122483	0.305801503
5.858	2.932496228	0.403684868
5.858	6.003702749	0.185145614
5.858	1.845360275	0.342789205
5.858	5.166484629	0.287814945
5.858	2.720287845	0.404981484
5.858	4.492858567	0.341250092
5.858	3.392376902	0.396707471
5.858	4.323947661	0.351816475
5.858	3.555664361	0.390736745
5.858	4.398872351	0.3487352
5.858	3.498394332	0.394321472
5.858	4.991922678	0.301312982
5.858	2.878186034	0.40418372
5.858	5.723634015	0.227068178
5.858	2.148262948	0.380434849
5.858	5.922013543	0.20041328
5.858	1.945404527	0.359063118
5.858	4.831983383	0.314827486
5.858	3.04076475	0.403234272
5.858	6.276489028	0.141458971
5.858	1.589629281	0.287981312
5.858	6.311021239	0.133204531
5.858	1.550853758	0.275130604
5.858	5.213462826	0.282370941
5.858	2.664416768	0.403540155
5.858	6.18833817	0.158064846
5.858	1.677195771	0.311381184
5.858	5.352355457	0.267315519
5.858	2.513357012	0.399201684
5.858	5.750696837	0.2235836
5.858	2.120251024	0.377996109
5.858	6.002757458	0.188838019
5.858	1.865205827	0.34783005
5.858	5.179099205	0.284837681
5.858	2.692725731	0.403408734
5.858	5.632939112	0.23652613
5.858	2.229865398	0.38565321
5.858	6.534560172	0.056840641
5.858	1.302873205	0.129554424
5.858	5.351063095	0.26777818
5.858	2.517202231	0.399533534
5.858	6.310423009	0.136003484
5.858	1.561669348	0.28000384
5.858	6.302557211	0.136782415
5.858	1.566181833	0.281034192
5.858	5.310112759	0.274192425
5.858	2.576468578	0.402633226
5.858	6.271238085	0.142333566
5.858	1.594156757	0.28924429
5.858	6.304488656	0.131676424
5.858	1.546356348	0.272174284
5.858	6.467873035	0.092100315
5.858	1.389795685	0.202760589
5.858	5.279394286	0.27525538
5.858	2.591939185	0.401676279
5.858	5.751493905	0.224780759
5.858	2.127761227	0.379399261
5.858	5.766902612	0.221535338
5.858	2.103903793	0.37653844
5.858	5.724451531	0.228050019
5.858	2.154484725	0.381574394
5.858	4.452354411	0.342829637
5.858	3.42125479	0.394814599
5.858	5.924679735	0.200662258
5.858	1.94629836	0.359522362
5.858	4.637061028	0.329304296
5.858	3.231488094	0.399524749
5.858	4.948175213	0.306650603
5.858	2.936311486	0.405174632
5.858	4.758207083	0.320967444
5.858	3.117741589	0.402392538
5.858	5.182647857	0.283353541
5.858	2.679753433	0.402439932
5.858	5.982745952	0.193161079
5.858	1.892682286	0.352664145
5.858	6.066201793	0.176347547
5.858	1.787828272	0.333369789
5.858	3.999476931	0.370676547
5.858	3.880093035	0.376755332
5.858	5.561402826	0.247471626
5.858	2.320883131	0.392818498
5.858	4.342345877	0.350049765
5.858	3.531193339	0.391097968
5.858	4.503621947	0.340023557
5.858	3.376799702	0.396755795
5.858	4.296410458	0.355475299
5.858	3.603074561	0.390683969
5.858	4.701692956	0.326322806
5.858	3.184100744	0.402009033
5.858	5.245126085	0.280324627
5.858	2.640405774	0.40381025
5.858	5.001095717	0.301383057
5.858	2.876441539	0.404815377
5.858	6.163215517	0.15970926
5.858	1.689469706	0.312828177
5.858	4.627805441	0.332185243
5.858	3.26185509	0.400621421
5.858	5.922483552	0.200560702
5.858	1.946153972	0.359277427
5.858	5.945618269	0.194791555
5.858	1.909044841	0.352937875
5.858	5.748713807	0.22106457
5.858	2.104665177	0.375001411
5.858	4.190147326	0.360082538
5.858	3.690311911	0.385482142
5.858	5.593409344	0.244584536
5.858	2.293719787	0.391754477
5.858	4.544406759	0.337841041
5.858	3.342409175	0.398289816
5.858	4.970228533	0.304608885
5.858	2.912573197	0.405151284
5.858	4.78122331	0.320377513
5.858	3.105782702	0.40352515
5.858	5.903958138	0.204610822
5.858	1.973255656	0.363472
5.858	6.152263835	0.164911126
5.858	1.715592053	0.32039204
5.858	4.442269019	0.344179976
5.858	3.438039561	0.394862256
5.858	4.602530059	0.333874634
5.858	3.285814669	0.39992017
5.858	6.004143227	0.189670175
5.858	1.869422828	0.349035316
5.858	6.409339154	0.112483997
5.858	1.459970404	0.240936718
5.858	6.341346191	0.12688934
5.858	1.521773562	0.265091358
5.858	6.183003354	0.154848973
5.858	1.663928685	0.306021244
5.858	6.143513447	0.16639849
5.858	1.724291717	0.322257696
5.858	6.466100142	0.089566015
5.858	1.383609555	0.197544803
5.858	4.562852757	0.3375
5.858	3.333310116	0.399341415
5.858	5.060361479	0.295297733
5.858	2.809132871	0.404093663
5.858	6.364435464	0.120172145
5.858	1.493843439	0.253713443
5.858	4.491328099	0.340821254
5.858	3.388629969	0.396364746
5.858	5.571915003	0.246044327
5.858	2.308546432	0.391995123
5.858	4.888139452	0.309784204
5.858	2.980067193	0.403482718
5.858	4.650823802	0.328872001
5.858	3.223249731	0.400182005
5.858	4.332193889	0.35299098
5.858	3.564786793	0.391916835
5.858	4.028580551	0.36909629
5.858	3.850705297	0.378151782
5.858	4.512635448	0.33911896
5.858	3.365010256	0.396860196
5.858	5.819062312	0.2144431
5.858	2.049124908	0.37104191
5.858	6.610061356	0.023325143
5.858	1.250649023	0.054492997
5.858	4.471265805	0.343662619
5.858	3.423349893	0.396564386
5.858	6.106579571	0.170469194
5.858	1.750955674	0.326655527
5.858	4.431438488	0.346203845
5.858	3.461913277	0.395214075
5.858	5.27237485	0.276367377
5.858	2.602381095	0.402186654
5.858	4.456232104	0.343173458
5.858	3.423396095	0.395268707
5.858	5.131453728	0.291331663
5.858	2.758086795	0.405533905
5.858	4.334482701	0.350364187
5.858	3.537148912	0.390715458
5.858	4.569770352	0.33628271
5.858	3.319270665	0.399111595
5.858	4.092334705	0.367628619
5.858	3.808660367	0.382085838
5.858	4.623479335	0.333474822
5.858	3.275600284	0.40108973
5.858	4.340215087	0.352805787
5.858	3.560076948	0.39237998
5.858	4.913231583	0.30756835
5.858	2.953643212	0.403574703
5.858	5.076100033	0.29634327
5.858	2.814123559	0.405859048
5.858	5.894051168	0.202931807
5.858	1.96547389	0.360826712
5.858	5.756405788	0.223808812
5.858	2.120521732	0.378565981
5.858	4.156784758	0.362914141
5.858	3.732947686	0.38447925
5.858	6.182272557	0.15509624
5.858	1.665158083	0.306384246
5.858	4.664847015	0.327486965
5.858	3.205930946	0.400276787
5.858	5.707710421	0.229842926
5.858	2.169680548	0.382628505
5.858	6.568061437	0.044031153
5.858	1.27827525	0.101507071
5.858	5.40640929	0.261171547
5.858	2.454617105	0.396877431
5.858	4.431073032	0.344205275
5.858	3.442015987	0.394107831
5.858	4.441343497	0.34379243
5.858	3.434480531	0.394587479
5.858	4.521608024	0.337741746
5.858	3.348646512	0.396689885
5.858	6.468135987	0.091202117
5.858	1.387413475	0.200942403
5.858	4.69141241	0.325175157
5.858	3.17628968	0.400623137
5.858	6.450394651	0.094780783
5.858	1.400194683	0.207641047
5.858	5.67280629	0.231436295
5.858	2.18744564	0.382426933
5.858	4.091115669	0.367716286
5.858	3.810092699	0.382038774
5.858	4.976425564	0.30418679
5.858	2.90726486	0.405247737
5.858	6.032449298	0.182195962
5.858	1.824278168	0.340086366
5.858	4.156636825	0.36313222
5.858	3.735310011	0.384573325
5.858	5.402916612	0.262458808
5.858	2.465061038	0.397848228
5.858	4.852927772	0.315406787
5.858	3.04032341	0.404973791
5.858	5.049954711	0.296066575
5.858	2.818290609	0.404012696
5.858	6.310137167	0.129504427
5.858	1.537231926	0.268547929
5.858	4.371790506	0.347791078
5.858	3.498099939	0.3919493
5.858	5.806556345	0.215454962
5.858	2.057873027	0.371575195
5.858	6.380982058	0.110398091
5.858	1.458758578	0.235955512
5.858	4.391509308	0.347798693
5.858	3.491420101	0.393316746
5.858	6.30055921	0.132780808
5.858	1.551250068	0.27396255
5.858	4.4503061	0.345023631
5.858	3.443822229	0.395871376
5.858	5.359602816	0.26780842
5.858	2.515500096	0.40007101
5.858	4.957319695	0.306959876
5.858	2.936672435	0.405973245
5.858	5.058282924	0.29768003
5.858	2.830006023	0.405729239
5.858	4.876543963	0.311254231
5.858	2.996354495	0.403732494
5.858	4.023583329	0.370611839
5.858	3.869141112	0.378482235
5.858	5.343541078	0.269454291
5.858	2.531835353	0.400556334
5.858	6.334650132	0.126423483
5.858	1.521372005	0.263989781
5.858	5.175022299	0.284149548
5.858	2.688077186	0.402608408
5.858	5.214441723	0.281372451
5.858	2.656091842	0.402790026
5.858	5.838462655	0.209438222
5.858	2.01492811	0.366016026
5.858	5.919184311	0.202805598
5.858	1.959730014	0.361980675
5.858	4.779047853	0.321265157
5.858	3.114631398	0.403946698
5.858	5.917535767	0.200243517
5.858	1.945327191	0.358611617
5.858	4.771340108	0.321481747
5.858	3.118808963	0.403579155
5.858	4.936712395	0.3064387
5.858	2.937438614	0.404294794
5.858	4.556068836	0.33647902
5.858	3.32544691	0.398300299
5.858	5.941161727	0.197055494
5.858	1.922569432	0.355691201
5.858	6.259673836	0.139298992
5.858	1.584241577	0.283590681
5.858	5.815405146	0.217205043
5.858	2.066896262	0.374126946
5.858	5.654868171	0.23358263
5.858	2.205468803	0.383745847
5.858	6.356917932	0.124195005
5.858	1.50921818	0.260810953
5.858	4.054758599	0.369516628
5.858	3.844305337	0.380244121
5.858	4.826425104	0.316964607
5.858	3.061795848	0.404274103
5.858	6.331721058	0.124586969
5.858	1.515393776	0.260553109
5.858	5.035173383	0.300136322
5.858	2.856979514	0.406069095
5.858	5.83127738	0.212712751
5.858	2.036101106	0.369618055
5.858	4.839857619	0.313915394
5.858	3.030327976	0.403141543
5.858	6.074647519	0.176866636
5.858	1.788786654	0.334532204
5.858	5.943023597	0.195742185
5.858	1.914848871	0.354060833
5.858	5.045122377	0.297652421
5.858	2.833066419	0.404881364
5.858	4.965290126	0.306549616
5.858	2.930973012	0.406196168
5.858	5.659175989	0.235261586
5.858	2.215823168	0.385787572
5.858	4.808846205	0.319404934
5.858	3.089097887	0.404707071
5.858	4.512847765	0.340881444
5.858	3.382321717	0.397861763
5.858	5.677104368	0.23179905
5.858	2.188949138	0.383062031
5.858	5.235062143	0.278821589
5.858	2.630686474	0.401959311
5.858	4.794389501	0.319195382
5.858	3.091171847	0.403629626
5.858	5.682422971	0.231286815
5.858	2.184449034	0.382801295
5.858	6.208713846	0.156294549
5.858	1.665372414	0.309487513
5.858	4.19456912	0.360465253
5.858	3.692636883	0.385983184
5.858	5.105240923	0.291217516
5.858	2.763542122	0.403815249
5.858	6.206534084	0.152173245
5.858	1.647720778	0.302757097
5.858	5.854792188	0.210132095
5.858	2.015782288	0.367736037
5.858	6.5592422	0.052083989
5.858	1.290884855	0.11945923
5.858	5.634551511	0.238375514
5.858	2.242091266	0.387693455
5.858	4.183966965	0.360927205
5.858	3.701531008	0.385455125
5.858	4.002035943	0.371782306
5.858	3.890958634	0.377443488
5.858	4.020264284	0.371585541
5.858	3.881079947	0.378682844
5.858	5.372296354	0.265009225
5.858	2.49123302	0.398335774
5.858	4.228329075	0.359613094
5.858	3.670999533	0.38795706
5.858	5.843531382	0.20995772
5.858	2.017008208	0.366922737
5.858	6.099861101	0.174669171
5.858	1.772888241	0.33254815
5.858	4.988286278	0.303249238
5.858	2.895996148	0.405336993
5.858	4.405484177	0.345845172
5.858	3.467020579	0.393235544
5.858	5.205597637	0.284350769
5.858	2.682424121	0.404650145
5.858	5.725232406	0.224385071
5.858	2.130628844	0.37750553
5.858	6.069156574	0.177593894
5.858	1.793526631	0.335317329
5.858	4.480457417	0.341725386
5.858	3.401097063	0.396125926
5.858	6.588156693	0.018789572
5.858	1.252068456	0.043790858
5.858	5.515904038	0.250934921
5.858	2.355401118	0.393603664
5.858	5.965088195	0.195662735
5.858	1.910033859	0.355088593
5.858	4.670431027	0.327304614
5.858	3.202550532	0.400536823
5.858	4.314437131	0.353719197
5.858	3.578536174	0.391051795
5.858	4.977661164	0.304793203
5.858	2.912275756	0.405753963
5.858	4.682265302	0.328873275
5.858	3.213966618	0.402272505
5.858	4.758086454	0.323012877
5.858	3.136826737	0.403673892
5.858	3.95861746	0.374212063
5.858	3.936210222	0.375354333
5.858	4.758414537	0.320190299
5.858	3.110484902	0.401912094
5.858	6.569240272	0.032219962
5.858	1.265323844	0.074620283
5.858	6.54683915	0.0496998
5.858	1.289796141	0.113908898
5.858	5.719594495	0.226000161
5.858	2.142183214	0.379015374
5.858	5.919667619	0.201341619
5.858	1.951190819	0.360134443
5.858	5.172222593	0.28751594
5.858	2.716434715	0.405101648
5.858	5.255586974	0.280265413
5.858	2.637489631	0.40439968
5.858	4.783024777	0.321416732
5.858	3.114928985	0.404302887
5.858	5.991257713	0.191182412
5.858	1.880164664	0.350435477
5.858	4.363814376	0.350320012
5.858	3.526474699	0.392729816
5.858	4.856865219	0.312295604
5.858	3.011050851	0.403162305
5.858	6.562522058	0.051281396
5.858	1.289093466	0.117724642
5.858	6.558978244	0.056477451
5.858	1.297684028	0.129232242
5.858	4.753072094	0.321915537
5.858	3.128009504	0.402655096
5.858	4.946648753	0.304641238
5.858	2.918998367	0.403671383
5.858	4.642920787	0.329718024
5.858	3.233672912	0.40016369
5.858	5.263868369	0.277994523
5.858	2.617324148	0.403028705
5.858	6.251906171	0.146935844
5.858	1.616763548	0.296142121
5.858	5.98766312	0.188209747
5.858	1.864810789	0.346211062
5.858	6.511712046	0.077910143
5.858	1.347358376	0.174593962
5.858	4.167673889	0.36127532
5.858	3.711458816	0.384464658
5.858	6.574498948	0.041907005
5.858	1.274480415	0.096791777
5.858	6.365028715	0.119918095
5.858	1.49286568	0.253265989
5.858	3.99901286	0.370917865
5.858	3.882898107	0.376831196
5.858	5.886948195	0.204276354
5.858	1.974703679	0.362156728
5.858	4.587526133	0.334134719
5.858	3.292925223	0.399064519
5.858	6.014607728	0.187567118
5.858	1.856062291	0.346682518
5.858	5.653738399	0.234340548
5.858	2.210775359	0.384496487
5.858	4.36293091	0.350214865
5.858	3.525709858	0.392613565
5.858	6.278585753	0.13500859
5.858	1.563920344	0.276967783
5.858	3.949111906	0.373784629
5.858	3.935740441	0.37446581
5.858	6.344417079	0.126860487
5.858	1.521086994	0.265159307
5.858	5.094079082	0.295330492
5.858	2.801042941	0.406230067
5.858	4.860864457	0.313179576
5.858	3.01794414	0.404011946
5.858	5.453100379	0.257109963
5.858	2.414078135	0.395854812
5.858	6.084475673	0.176156612
5.858	1.783304997	0.333977683
5.858	5.916785012	0.198299756
5.858	1.934440231	0.356056404
5.858	4.222015199	0.359541755
5.858	3.672609172	0.387475649
5.858	4.966348586	0.305652893
5.858	2.922771586	0.405637468
5.858	4.051538501	0.368681001
5.858	3.836649044	0.379626252
5.858	5.288016764	0.275956026
5.858	2.595495052	0.402789415
5.858	5.859074162	0.211517508
5.858	2.02326554	0.369655724
5.858	4.421813533	0.347489528
5.858	3.478078218	0.395240737
5.858	5.971623781	0.194329895
5.858	1.901331605	0.353656174
5.858	4.827805356	0.315739924
5.858	3.050220329	0.403563289
5.858	4.922853503	0.308395056
5.858	2.95844013	0.404761353
5.858	5.471000525	0.256857026
5.858	2.408283354	0.396666452
5.858	4.532372656	0.33793972
5.858	3.347167447	0.397531649
5.858	4.887555318	0.311411583
5.858	2.994810949	0.404548364
5.858	5.34363884	0.267719856
5.858	2.518443093	0.399037659
5.858	5.920184649	0.201116085
5.858	1.949793204	0.35987193
5.858	5.813338067	0.212909193
5.858	2.040935025	0.368892765
5.858	6.558681013	0.04798289
5.858	1.285186653	0.110263012
5.858	5.224008937	0.281356701
5.858	2.653702298	0.403362925
5.858	5.354043518	0.266701819
5.858	2.508273154	0.398758243
5.858	4.915628893	0.309587688
5.858	2.970988019	0.405115311
5.858	5.93201962	0.197015256
5.858	1.924163569	0.355167264
5.858	5.34513454	0.270888756
5.858	2.542610124	0.401901998
5.858	3.972996717	0.371656479
5.858	3.902138162	0.375263624
5.858	5.991383045	0.189651854
5.858	1.871833995	0.348366466
5.858	5.677041006	0.233331198
5.858	2.199154615	0.384718469
5.858	5.660390476	0.232201632
5.858	2.19511817	0.382563849
5.858	5.370940755	0.267879986
5.858	2.513495372	0.400811762
5.858	5.836310708	0.212363698
5.858	2.032966042	0.369465761
5.858	6.180749476	0.157409318
5.858	1.675718395	0.309999158
5.858	5.064359523	0.296571614
5.858	2.818993947	0.405292084
5.858	4.268283267	0.356907671
5.858	3.628076064	0.389431407
5.858	4.449305842	0.344377193
5.858	3.437682897	0.395451882
5.858	4.34467518	0.352400425
5.858	3.554363304	0.392481384
5.858	5.361776091	0.266657027
5.858	2.50617704	0.399180376
5.858	4.160639694	0.361937748
5.858	3.721152282	0.384283995
5.858	5.945642946	0.196920894
5.858	1.920923823	0.355745596
5.858	5.866034369	0.209725981
5.858	2.011090754	0.367836165
5.858	5.323773728	0.271035964
5.858	2.548615334	0.400746262
5.858	4.032952808	0.370945375
5.858	3.868808886	0.379315114
5.858	5.523041323	0.248325718
5.858	2.335202519	0.391453397
5.858	4.958917592	0.306554724
5.858	2.932668101	0.405793448
5.858	3.98608321	0.373305087
5.858	3.914359017	0.376962677
5.858	5.027055344	0.299502994
5.858	2.853550962	0.405096969
5.858	4.647193458	0.330043483
5.858	3.235502902	0.400643288
5.858	6.411185674	0.110607513
5.858	1.453682068	0.2374198
5.858	4.716607809	0.325091756
5.858	3.168175639	0.402237029
5.858	5.661669409	0.236514581
5.858	2.223766024	0.387261438
5.858	6.075352758	0.178846904
5.858	1.798679591	0.337424221
5.858	4.570123851	0.337122115
5.858	3.327358548	0.399616062
5.858	6.286411987	0.138624845
5.858	1.576462485	0.283548699
5.858	4.482649118	0.342408176
5.858	3.407161515	0.396652598
5.858	5.938604677	0.200482317
5.858	1.942507917	0.360014105
5.858	4.157963421	0.363043203
5.858	3.73385329	0.384625311
5.858	5.451496793	0.25789257
5.858	2.420208973	0.39649533
5.858	5.820226393	0.213516338
5.858	2.043227822	0.36999318
5.858	6.508615309	0.079131803
5.858	1.350658745	0.177089712
5.858	5.331541666	0.26965288
5.858	2.536105403	0.400009985
5.858	5.954415656	0.192675732
5.858	1.895621752	0.350571132
5.858	4.530870132	0.339067261
5.858	3.358707715	0.398067667
5.858	6.110128201	0.172733367
5.858	1.761323694	0.330189841
5.858	6.193248181	0.152901886
5.858	1.653441026	0.303347001
5.858	4.904520949	0.308856338
5.858	2.9674083	0.403901965
5.858	4.288210666	0.354644182
5.858	3.597438831	0.389688799
5.858	5.693963343	0.229293652
5.858	2.168925479	0.381258716
5.858	4.84437396	0.314409891
5.858	3.033577975	0.403761909
5.858	4.412182784	0.345327348
5.858	3.459569065	0.393417615
5.858	5.509671124	0.25336933
5.858	2.374349537	0.395601076
5.858	5.413330919	0.260644713
5.858	2.449130191	0.39680238
5.858	5.997619355	0.187873819
5.858	1.8610444	0.346251248
5.858	6.400337991	0.104765319
5.858	1.437911008	0.225770515
5.858	5.869737102	0.207529137
5.858	1.997263505	0.365320234
5.858	5.479575234	0.25707061
5.858	2.407987563	0.397370135
5.858	6.55439899	0.062617018
5.858	1.308897401	0.142678117
5.858	5.399097636	0.262713167
5.858	2.467831094	0.397853497
5.858	3.984435038	0.371278479
5.858	3.893077861	0.375929772
5.858	4.962831106	0.305629407
5.858	2.923475394	0.405396918
5.858	5.596120364	0.242697045
5.858	2.279967479	0.389987101
5.858	4.970565053	0.305934253
5.858	2.924166937	0.406102849
5.858	6.137921305	0.163373846
5.858	1.711195147	0.317361903
5.858	4.954664897	0.304222931
5.858	2.913230913	0.40388784
5.858	5.243848148	0.279904814
5.858	2.637321444	0.403387781
5.858	5.277919338	0.277106841
5.858	2.606979534	0.403142413
5.858	4.040992308	0.369640135
5.858	3.851353828	0.379302874
5.858	4.794443361	0.31938594
5.858	3.092916312	0.403755378
5.858	6.211692628	0.151033873
5.858	1.641821369	0.301132433
5.858	6.552158027	0.04556435
5.858	1.283222247	0.104715908
5.858	6.537777109	0.065869468
5.858	1.317938093	0.14941226
5.858	5.214365596	0.283471594
5.858	2.67316479	0.404483267
5.858	6.057927403	0.177746403
5.858	1.796493689	0.334990711
5.858	5.714878513	0.229232
5.858	2.16418883	0.382353274
5.858	4.86238846	0.311991117
5.858	3.006808148	0.403314968
5.858	5.506400036	0.252497535
5.858	2.368734069	0.394569494
5.858	4.867979971	0.314477503
5.858	3.027793561	0.405334302
5.858	6.488695606	0.088948729
5.858	1.377787976	0.196949528
5.858	5.533838844	0.247731206
5.858	2.328643969	0.391487796
5.858	4.127921667	0.363378628
5.858	3.749188357	0.382637791
5.858	4.031238581	0.369060181
5.858	3.849198912	0.378328304
5.858	4.742371979	0.324439631
5.858	3.154658699	0.403530903
5.858	5.028471688	0.300503845
5.858	2.861853448	0.405912408
5.858	4.180688462	0.360288968
5.858	3.696095618	0.384910797
5.858	4.195169907	0.36164379
5.858	3.704795402	0.386598985
5.858	4.223227349	0.358875977
5.858	3.665197096	0.387233519
5.858	5.294249184	0.275065076
5.858	2.587000939	0.402414896
5.858	4.093982937	0.367589044
5.858	3.807570875	0.38218615
5.858	4.981433757	0.302023111
5.858	2.887062317	0.404027561
5.858	5.166026572	0.285392834
5.858	2.700421792	0.403044083
5.858	6.506987557	0.076363249
5.858	1.344869287	0.171196897
5.858	4.101564379	0.366116631
5.858	3.788776122	0.382043524
5.858	4.559567431	0.337092512
5.858	3.330344955	0.398887376
5.858	6.281852207	0.136218224
5.858	1.567946121	0.279203346
5.858	6.045886469	0.18270294
5.858	1.824279842	0.341465166
5.858	5.512879237	0.249893074
5.858	2.348585045	0.392409118
5.858	3.986034905	0.37196058
5.858	3.899769698	0.376355193
5.858	4.262087335	0.356308933
5.858	3.62412718	0.388695791
5.858	5.357902469	0.268306497
5.858	2.519718379	0.400408754
5.858	6.444278066	0.100122714
5.858	1.416103035	0.218113553
5.858	4.007904026	0.371725679
5.858	3.887840851	0.377845879
5.858	3.986708217	0.371934586
5.858	3.899196985	0.376392698
5.858	5.480330079	0.253244404
5.858	2.379830817	0.393771286
5.858	5.308707254	0.272344189
5.858	2.562276493	0.400967853
5.858	6.254371333	0.141115173
5.858	1.592484159	0.286464512
5.858	4.150555539	0.363374671
5.858	3.740243553	0.384255229
5.858	5.470495827	0.257052384
5.858	2.409833926	0.396821012
5.858	4.797920042	0.318988789
5.858	3.088282874	0.403727363
5.858	5.844940282	0.211195599
5.858	2.024162374	0.368509359
5.858	5.800013924	0.218657084
5.858	2.079056543	0.375000021
5.858	4.440442387	0.343971937
5.858	3.436569459	0.394623629
5.858	6.158503653	0.164758391
5.858	1.713673249	0.320447898
5.858	5.243976056	0.279145137
5.858	2.631185072	0.402770164
5.858	5.955569095	0.194653975
5.858	1.906303869	0.353265292
5.858	4.586235048	0.336027945
5.858	3.311711105	0.400073308
5.858	6.222935019	0.146477091
5.858	1.620413357	0.294127402
5.858	6.585634576	0.046325576
5.858	1.277905697	0.106975111
5.858	4.94025274	0.306108317
5.858	2.933590775	0.404290857
5.858	5.416562328	0.262623615
5.858	2.46326221	0.398806822
5.858	6.441809936	0.103749331
5.858	1.427053403	0.22518163
5.858	4.912135843	0.310599864
5.858	2.980979138	0.405580005
5.858	4.284228777	0.35599361
5.858	3.612817593	0.390091955
5.858	4.026369111	0.370091897
5.858	3.862354451	0.378447581
5.858	6.33285118	0.127107472
5.858	1.524174508	0.265152099
5.858	4.071181706	0.366738447
5.858	3.807748878	0.380144845
5.858	6.378514263	0.116248421
5.858	1.478015605	0.246932691
5.858	6.458617835	0.091815036
5.858	1.390801497	0.201900421
5.858	6.428453818	0.097051202
5.858	1.410524162	0.211498725
5.858	4.015560087	0.370855039
5.858	3.875162566	0.378008986
5.858	6.057576704	0.17892053
5.858	1.80252017	0.336661703
5.858	3.95159355	0.37242345
5.858	3.91984895	0.374039086
5.858	6.164598594	0.157540963
5.858	1.679433541	0.309476296
5.858	5.630218014	0.236880993
5.858	2.232841631	0.385874851
5.858	4.161331449	0.363144204
5.858	3.733613994	0.384914052
5.858	4.121653125	0.364911133
5.858	3.767915353	0.382917895
5.858	6.51535772	0.066540774
5.858	1.323428696	0.15035829
5.858	5.271809811	0.277775444
5.858	2.613729735	0.403329168
5.858	6.437711504	0.10123815
5.858	1.420526764	0.220104876
5.858	4.37675065	0.34971093
5.858	3.515830045	0.393306777
5.858	4.451770866	0.342531038
5.858	3.418482103	0.394610451
5.858	5.775092493	0.220849945
5.858	2.09789838	0.376194923
5.858	4.556068146	0.335806857
5.858	3.318902228	0.397914171
5.858	5.303223676	0.27276368
5.858	2.566821462	0.400997163
5.858	4.337522824	0.351326316
5.858	3.545879494	0.391428079
5.858	4.365685064	0.35039778
5.858	3.526620912	0.392900152
5.858	5.821676752	0.214362366
5.858	2.048101132	0.371085943
5.858	3.954946721	0.373784905
5.858	3.933166521	0.374894699
5.858	4.564602616	0.334873423
5.858	3.307175672	0.397950808
5.858	5.814139825	0.214217056
5.858	2.04874058	0.370506509
5.858	6.262103205	0.141707889
5.858	1.59337923	0.287796999
5.858	5.702623606	0.22809656
5.858	2.159301751	0.380415735
5.858	4.95093276	0.305857664
5.858	2.928584034	0.404797831
5.858	5.942576494	0.196669252
5.858	1.920120999	0.355257479
5.858	4.072707312	0.367013023
5.858	3.810055613	0.380383307
5.858	4.523806917	0.339900234
5.858	3.36914648	0.398057188
5.858	4.081974863	0.367860707
5.858	3.815346756	0.381446858
5.858	4.236832826	0.35869214
5.858	3.658211081	0.388103852
5.858	6.347513549	0.123694765
5.858	1.509243342	0.259537771
5.858	6.358362517	0.123814198
5.858	1.507603916	0.260171932
5.858	5.281369075	0.276971926
5.858	2.605107154	0.403238905
5.858	4.753186379	0.322178088
5.858	3.130422275	0.402828006
5.858	4.895104358	0.309172507
5.858	2.972740754	0.403513288
5.858	6.593937577	0.011419623
5.858	1.247831081	0.026667707
5.858	4.305016107	0.354310982
5.858	3.587979293	0.390695501
5.858	6.079479146	0.175330904
5.858	1.780147813	0.332533021
5.858	5.371893331	0.266827487
5.858	2.505198587	0.399935841
5.858	4.497758749	0.340483128
5.858	3.383217248	0.39661395
5.858	6.281010637	0.134199571
5.858	1.560367239	0.275656223
5.858	4.444949551	0.343357869
5.858	3.428956474	0.394597099
5.858	5.242946419	0.277842867
5.858	2.621005848	0.401629144
5.858	4.804242898	0.319042601
5.858	3.08702419	0.404174369
5.858	4.011160368	0.369847518
5.858	3.866162672	0.377228909
5.858	4.387373912	0.346850142
5.858	3.483273173	0.392525337
5.858	4.432629191	0.345360491
5.858	3.453050366	0.394841279
5.858	6.056098076	0.177540042
5.858	1.795809673	0.334604096
5.858	5.666294758	0.232657559
5.858	2.196908222	0.383388408
5.858	5.001175755	0.302467188
5.858	2.885862162	0.405597304
5.858	4.56176406	0.336108049
5.858	3.320055696	0.398471617
5.858	5.631649421	0.239952201
5.858	2.253501156	0.389176262
5.858	5.744998215	0.222166247
5.858	2.112400032	0.376064193
5.858	6.181389784	0.15554924
5.858	1.667326751	0.30706863
5.858	5.651117196	0.234613064
5.858	2.213152739	0.384641034
5.858	5.447281348	0.257036518
5.858	2.414822156	0.395444021
5.858	4.748749885	0.32409614
5.858	3.149620351	0.403736861
5.858	4.589062901	0.33597583
5.858	3.310336291	0.400233414
5.858	4.66321222	0.330020678
5.858	3.230526081	0.401696098
5.858	5.59702142	0.240925626
5.858	2.267514047	0.388217147
5.858	4.169627619	0.362614229
5.858	3.724805423	0.38525092
5.858	6.582322315	0.032190722
5.858	1.262825586	0.074703304
5.858	5.537245204	0.246631618
5.858	2.3201293	0.390588941
5.858	5.011212838	0.301576858
5.858	2.875546085	0.405595115
5.858	4.782829701	0.319499483
5.858	3.097210174	0.403069402
5.858	6.365278402	0.117967135
5.858	1.48623747	0.249655355
5.858	6.281408385	0.140405551
5.858	1.584473529	0.286392466
5.858	4.441745327	0.344324206
5.858	3.439653385	0.39490486
5.858	6.243627224	0.146011441
5.858	1.61449995	0.29424587
5.858	6.484675709	0.082517519
5.858	1.362924925	0.183532598
5.858	5.551982764	0.247654954
5.858	2.324198431	0.392458435
5.858	5.147655133	0.289706063
5.858	2.7405532	0.405287912
5.858	5.627962741	0.237820406
5.858	2.239695211	0.38673756
5.858	4.623177257	0.331292382
5.858	3.254672866	0.399784004
5.858	4.814647557	0.318842995
5.858	3.082307818	0.404723993
5.858	6.572589453	0.050035842
5.858	1.285414532	0.115112334
5.858	4.567075335	0.336362405
5.858	3.320883294	0.398975732
5.858	5.604391278	0.241095881
5.858	2.267124192	0.388812631
5.858	5.284101197	0.274754464
5.858	2.586890919	0.401537721
5.858	4.289481019	0.354845812
5.858	3.599060258	0.389880117
5.858	4.645332828	0.3290125
5.858	3.226228074	0.399900829
5.858	6.1143909	0.167870499
5.858	1.736936121	0.323123164
5.858	4.108571571	0.36499392
5.858	3.77401449	0.382017944
5.858	5.290413387	0.275181136
5.858	2.588802948	0.40228092
5.858	5.850359396	0.209469617
5.858	2.012708765	0.366687691
5.858	4.864139322	0.312360464
5.858	3.009660651	0.40367592
5.858	5.146625539	0.28838983
5.858	2.729846052	0.404201849
5.858	6.484825025	0.082318729
5.858	1.3624329	0.183122426
5.858	5.489755838	0.253516017
5.858	2.379740442	0.394582123
5.858	5.558719527	0.246676851
5.858	2.315828871	0.391870675
5.858	3.991964116	0.373155601
5.858	3.910197867	0.377325719
5.858	4.61915675	0.331653235
5.858	3.25935193	0.399728875
5.858	5.748521018	0.223411134
5.858	2.119596161	0.377680166
5.858	4.22525858	0.359915355
5.858	3.675310422	0.387888352
5.858	4.128912123	0.364611747
5.858	3.761858232	0.383296359
5.858	5.772279598	0.222866712
5.858	2.111265209	0.378361227
5.858	4.094500695	0.367019042
5.858	3.801258953	0.381957775
5.858	6.39988506	0.1137142
5.858	1.465703393	0.242933704
5.858	5.879452927	0.206264625
5.858	1.987848572	0.364258879
5.858	6.393514621	0.108802254
5.858	1.45141724	0.233338963
5.858	4.734718822	0.323329868
5.858	3.146441441	0.402336228
5.858	6.296136594	0.136854001
5.858	1.567681611	0.280893684
5.858	6.033097353	0.186285844
5.858	1.845617781	0.345838171
5.858	6.563355291	0.040553417
5.858	1.275005644	0.09355669
5.858	4.431557935	0.345255708
5.858	3.452357056	0.39471107
5.858	4.690988622	0.325540737
5.858	3.179851677	0.400820359
5.858	5.548650737	0.247387156
5.858	2.323014111	0.391999875
5.858	5.088818659	0.29374422
5.858	2.78887242	0.404710286
5.858	4.807737635	0.317616835
5.858	3.072933102	0.403481894
5.858	6.082421572	0.176742615
5.858	1.786648729	0.334729548
5.858	5.95115289	0.197259589
5.858	1.921735976	0.356473459
5.858	4.631346644	0.331420457
5.858	3.253438439	0.400405832
5.858	4.724724719	0.323648478
5.858	3.152293165	0.401876782
5.858	4.820160054	0.315621841
5.858	3.051250847	0.402989
5.858	5.140394764	0.288266561
5.858	2.730335923	0.403719655
5.858	5.518421624	0.25061668
5.858	2.3525693	0.393438906
5.858	5.381413939	0.266805045
5.858	2.502888697	0.400483715
5.858	6.16099135	0.164776996
5.858	1.713281899	0.320592182
5.858	5.055665392	0.296559918
5.858	2.82106703	0.404737505
5.858	6.118192371	0.172412837
5.858	1.758188988	0.330100667
5.858	6.198659556	0.156513002
5.858	1.6682714	0.309383232
5.858	5.534261388	0.249074549
5.858	2.338109039	0.39284177
5.858	4.967435277	0.305788059
5.858	2.923683736	0.405801285
5.858	4.011351863	0.370124946
5.858	3.869069774	0.377369712
5.858	4.068356667	0.366278384
5.858	3.80400351	0.379725324
5.858	5.378422591	0.265690299
5.858	2.495037208	0.399311072
5.858	6.251220114	0.14395478
5.858	1.60457654	0.291129208
5.858	5.119293379	0.289826483
5.858	2.748460494	0.403620307
5.858	5.131264217	0.290124975
5.858	2.748026426	0.404594548
5.858	5.977056372	0.189557755
5.858	1.874159964	0.347515058
5.858	4.839141772	0.315858713
5.858	3.048198208	0.404377096
5.858	4.248097599	0.358073336
5.858	3.647594097	0.388591804
5.858	5.426896133	0.261165611
5.858	2.450010895	0.398083322
5.858	5.566617849	0.244791432
5.858	2.300869691	0.39042884
5.858	5.330216214	0.270400566
5.858	2.542204028	0.400581992
5.858	4.486997444	0.341039621
5.858	3.392188695	0.396191271
5.858	6.495386827	0.085397486
5.858	1.367753858	0.189818519
5.858	4.747738563	0.323935144
5.858	3.148396642	0.403570181
5.858	5.618895025	0.240074335
5.858	2.257022388	0.388579333
5.858	4.178359001	0.360583574
5.858	3.700077771	0.384888896
5.858	6.043015209	0.181350508
5.858	1.8178306	0.339411897
5.858	3.974045884	0.371460407
5.858	3.899559586	0.375251802
5.858	5.484409563	0.254694145
5.858	2.389488092	0.395398587
25.858	5.052566677	0.296581377
25.858	2.822027404	0.404558708
25.858	5.059966369	0.295861199
25.858	2.814027838	0.404488795
25.858	5.936510287	0.193412539
25.858	1.903245695	0.350640602
25.858	6.166196815	0.161139701
25.858	1.695415703	0.315201809
25.858	6.127584469	0.166436537
25.858	1.727556636	0.321569753
25.858	5.481822523	0.254912781
25.858	2.391650084	0.395456057
25.858	4.736809762	0.321108135
25.858	3.125155707	0.401076365
25.858	6.461508102	0.086301123
25.858	1.376354351	0.190714499
25.858	5.321313092	0.269421984
25.858	2.536663063	0.399193943
25.858	6.303228623	0.126580061
25.858	1.527947212	0.263045661
25.858	6.419911909	0.098781964
25.858	1.416946262	0.214666729
25.858	6.353995049	0.119948555
25.858	1.49506773	0.25290854
25.858	6.209986918	0.148994883
25.858	1.633467581	0.297721672
25.858	5.961568907	0.194121313
25.858	1.902163845	0.352864748
25.858	4.700877612	0.325904264
25.858	3.180388082	0.401698295
25.858	4.45069661	0.343627239
25.858	3.429739236	0.395138176
25.858	4.31749522	0.35263123
25.858	3.566284098	0.390707223
25.858	4.898088941	0.310361051
25.858	2.982566513	0.404515209
25.858	5.959399555	0.191912768
25.858	1.89045342	0.349802136
25.858	6.109594366	0.171153361
25.858	1.75369416	0.327819054
25.858	4.601865021	0.333410953
25.858	3.281535093	0.399604728
25.858	5.270139131	0.273948621
25.858	2.58379353	0.40000814
25.858	5.584625093	0.243281483
25.858	2.286476184	0.389927419
25.858	5.15480961	0.284716358
25.858	2.697597489	0.401813905
25.858	5.401905648	0.26003262
25.858	2.447125169	0.395562285
25.858	5.637626338	0.236775545
25.858	2.230566084	0.38618184
25.858	5.820572163	0.213002427
25.858	2.04003013	0.369393348
25.858	5.266782996	0.27667381
25.858	2.60611658	0.402104011
25.858	4.513858083	0.337175169
25.858	3.345588477	0.395841812
25.858	4.565176557	0.334178362
25.858	3.300268165	0.397586131
25.858	4.42459052	0.345130307
25.858	3.453427764	0.394164559
25.858	4.128658689	0.363389835
25.858	3.749014752	0.38269596
25.858	3.966226109	0.372089089
25.858	3.90978263	0.374962639
25.858	5.413700368	0.261739143
25.858	2.457244277	0.397829345
25.858	6.487200701	0.0758311
25.858	1.347469394	0.169559663
25.858	6.267853402	0.13989071
25.858	1.585014847	0.284944576
25.858	4.664733899	0.329171974
25.858	3.221973035	0.401288107
25.858	4.385668076	0.345770524
25.858	3.473022468	0.391828178
25.858	5.228647567	0.280834649
25.858	2.648388624	0.403220993
25.858	4.70170316	0.32601679
25.858	3.181209155	0.401822002
25.858	5.814552572	0.212035866
25.858	2.035396722	0.36790366
25.858	6.294688571	0.135083394
25.858	1.561122554	0.277756292
25.858	5.572161502	0.241248047
25.858	2.275052051	0.387131975
25.858	4.837916981	0.313760391
25.858	3.029456226	0.402912844
25.858	5.665822293	0.230262444
25.858	2.181171562	0.380754788
25.858	5.110211561	0.292022993
25.858	2.769081944	0.404740344
25.858	5.68016426	0.231150509
25.858	2.184019025	0.382526441
25.858	5.276019928	0.275406229
25.858	2.59391562	0.401599083
25.858	4.292601912	0.352121684
25.858	3.569976664	0.388705004
25.858	4.466550603	0.342148467
25.858	3.409826082	0.395410435
25.858	5.293818854	0.274961344
25.858	2.586279955	0.402301071
25.858	6.232530878	0.148989943
25.858	1.629107687	0.298698437
25.858	4.634359569	0.329440598
25.858	3.233599406	0.399426327
25.858	4.934153593	0.307375469
25.858	2.946405247	0.404781397
25.858	5.2047112	0.280480477
25.858	2.651207933	0.40146655
25.858	4.474354515	0.342616925
25.858	3.411929737	0.396201637
25.858	4.276911883	0.352842034
25.858	3.583025733	0.387976465
25.858	6.585528245	0.024527774
25.858	1.256077266	0.057070788
25.858	4.113573088	0.365061442
25.858	3.772730993	0.382409158
25.858	5.699310273	0.229048317
25.858	2.166206934	0.381285357
25.858	6.257922133	0.13912805
25.858	1.583903749	0.283225011
25.858	4.558366092	0.336489811
25.858	3.32483507	0.398461503
25.858	6.400548187	0.104181054
25.858	1.436143194	0.224640325
25.858	6.172218484	0.154831393
25.858	1.665943213	0.305509778
25.858	6.108660502	0.167726226
25.858	1.737365731	0.322635429
25.858	4.742487551	0.32081573
25.858	3.120817214	0.401264261
25.858	5.924975389	0.198417135
25.858	1.933466195	0.35663288
25.858	4.117818253	0.362346031
25.858	3.742320579	0.381417834
25.858	4.4367231	0.342943104
25.858	3.427565939	0.393805728
25.858	5.786625356	0.21721656
25.858	2.072814424	0.372582388
25.858	6.200152922	0.151152501
25.858	1.644557116	0.300816757
25.858	5.609278396	0.23688635
25.858	2.237319302	0.384696255
25.858	4.627492613	0.33155318
25.858	3.255872856	0.40022698
25.858	5.325386199	0.268101523
25.858	2.525552752	0.398280246
25.858	5.322006183	0.271539828
25.858	2.552945332	0.401075835
25.858	4.975492047	0.301555211
25.858	2.884533769	0.403314989
25.858	5.217780365	0.281042188
25.858	2.652631289	0.402725485
25.858	4.459405036	0.342758538
25.858	3.418226527	0.395257992
25.858	4.301787603	0.351509455
25.858	3.560425691	0.389030919
25.858	6.023026288	0.183781384
25.858	1.83438796	0.341847975
25.858	6.310623702	0.132788901
25.858	1.549360116	0.274383194
25.858	6.094701598	0.172616842
25.858	1.763746973	0.329279253
25.858	4.1518169	0.362083252
25.858	3.726121201	0.383724591
25.858	4.553995431	0.336725796
25.858	3.328501875	0.39830168
25.858	5.725675632	0.223446216
25.858	2.124536764	0.376464581
25.858	4.877504891	0.310971537
25.858	2.993557856	0.403603469
25.858	5.875197218	0.204827189
25.858	1.980277896	0.362232809
25.858	5.430532933	0.260400353
25.858	2.443479382	0.39759307
25.858	6.124475268	0.168853599
25.858	1.73968391	0.325081123
25.858	5.096759522	0.290858915
25.858	2.762635851	0.403011773
25.858	4.49634507	0.338547089
25.858	3.364634398	0.395430585
25.858	6.085069293	0.175406001
25.858	1.779433235	0.332912626
25.858	5.783872948	0.215204349
25.858	2.060969927	0.370052634
25.858	5.455871702	0.256765382
25.858	2.410929663	0.395692961
25.858	4.306036195	0.353327425
25.858	3.577500387	0.390264531
25.858	5.026188126	0.299831025
25.858	2.856604761	0.405280655
25.858	5.274910441	0.275663795
25.858	2.59621204	0.401748951
25.858	4.225726651	0.358081413
25.858	3.655979775	0.387017072
25.858	5.790158597	0.214241574
25.858	2.05378726	0.369244398
25.858	4.608322499	0.33106401
25.858	3.256996946	0.398654544
25.858	5.28505496	0.273744983
25.858	2.578720002	0.40073794
25.858	3.957387707	0.37179363
25.858	3.910468681	0.374180937
25.858	4.369346371	0.347027283
25.858	3.491252797	0.39137322
25.858	6.322263466	0.127826947
25.858	1.52879413	0.266029398
25.858	4.40005281	0.346384355
25.858	3.474272848	0.393150937
25.858	5.799115311	0.216504958
25.858	2.065861292	0.372418719
25.858	5.28099296	0.273523006
25.858	2.577920413	0.400302988
25.858	4.028089097	0.369329874
25.858	3.853423325	0.378223444
25.858	5.927339841	0.199324194
25.858	1.938136886	0.357932631
25.858	4.756703473	0.320972165
25.858	3.118212202	0.402296894
25.858	5.119915424	0.290341196
25.858	2.752604262	0.404055889
25.858	6.559907372	0.04052417
25.858	1.275624522	0.093440842
25.858	6.449637117	0.088590545
25.858	1.38427466	0.195064711
25.858	4.661467056	0.328418796
25.858	3.215772906	0.400616809
25.858	3.991412355	0.370457839
25.858	3.881202216	0.376066882
25.858	3.974713678	0.370218054
25.858	3.88586485	0.374736243
25.858	6.101075521	0.173097345
25.858	1.764870733	0.330294228
25.858	5.143213887	0.287358846
25.858	2.722136247	0.40318455
25.858	6.548011576	0.044269648
25.858	1.282365213	0.101733272
25.858	4.207733507	0.359972404
25.858	3.682483384	0.38667588
25.858	4.320422704	0.350005371
25.858	3.538477393	0.389548513
25.858	5.46075275	0.257023971
25.858	2.411760015	0.396222949
25.858	4.795099984	0.318159392
25.858	3.081431482	0.40300898
25.858	4.667609431	0.327721089
25.858	3.207330433	0.400602529
25.858	4.978799214	0.303029208
25.858	2.896515317	0.404578025
25.858	4.86503838	0.31026757
25.858	2.990627424	0.40232237
25.858	4.858531555	0.313277738
25.858	3.019464538	0.403926549
25.858	4.094903123	0.366548054
25.858	3.796063336	0.381766492
25.858	5.072574947	0.294551587
25.858	2.799745115	0.404301057
25.858	4.841912752	0.314012823
25.858	3.03064827	0.403339378
25.858	6.389678884	0.114096198
25.858	1.46886869	0.243288417
25.858	5.90551617	0.199607806
25.858	1.944111119	0.357166988
25.858	6.569496181	0.042917034
25.858	1.276634883	0.099007227
25.858	4.165598892	0.360690534
25.858	3.706126446	0.38403244
25.858	4.546408205	0.336505127
25.858	3.32872807	0.39766288
25.858	4.067119667	0.367243086
25.858	3.814807313	0.380086892
25.858	6.143597876	0.163307553
25.858	1.709785131	0.317522624
25.858	5.483474872	0.252647044
25.858	2.374814877	0.393379189
25.858	4.550304287	0.334866768
25.858	3.311585731	0.396982507
25.858	6.223775463	0.149450754
25.858	1.632741552	0.299073296
25.858	5.095109341	0.291625059
25.858	2.769461725	0.403495107
25.858	5.241280001	0.278116896
25.858	2.62358561	0.401755115
25.858	5.569269551	0.244460281
25.858	2.297983224	0.390245954
25.858	4.109721168	0.365236591
25.858	3.776132985	0.382215299
25.858	6.220742604	0.151257634
25.858	1.641042404	0.301896169
25.858	6.383230373	0.11440685
25.858	1.471098115	0.243641801
25.858	4.71569025	0.324106525
25.858	3.159190935	0.401566059
25.858	6.417726708	0.104489839
25.858	1.43378897	0.225820754
25.858	6.551119686	0.053249341
25.858	1.294152756	0.121908303
25.858	5.945678745	0.196245082
25.858	1.917129594	0.35485963
25.858	5.480908296	0.251779191
25.858	2.369114154	0.392390371
25.858	4.951211822	0.304150163
25.858	2.913495978	0.403616335
25.858	4.166387252	0.360785546
25.858	3.706816831	0.384134892
25.858	4.490868459	0.341461091
25.858	3.395108088	0.396689058
25.858	4.777581012	0.320710923
25.858	3.109895211	0.403499005
25.858	5.819755508	0.211337958
25.858	2.030124727	0.367336416
25.858	5.689429617	0.226807904
25.858	2.153686793	0.378249834
25.858	6.167116673	0.157194416
25.858	1.677396618	0.309041741
25.858	6.310683613	0.132053806
25.858	1.546585701	0.273089598
25.858	4.81976263	0.317065654
25.858	3.064554319	0.403906696
25.858	4.133652724	0.363199055
25.858	3.745023592	0.382962311
25.858	4.36838682	0.34976884
25.858	3.519292617	0.392758007
25.858	4.901117457	0.308065929
25.858	2.961286854	0.403140407
25.858	4.304028395	0.351345447
25.858	3.557950791	0.389102497
25.858	4.486480667	0.34142043
25.858	3.396123623	0.396367565
25.858	5.815546813	0.213991269
25.858	2.047075092	0.370311708
25.858	5.832010026	0.21305328
25.858	2.038022743	0.370068201
25.858	5.182902225	0.284634862
25.858	2.690153384	0.403481299
25.858	5.092287082	0.293465693
25.858	2.785659471	0.404716808
25.858	5.879774638	0.202211107
25.858	1.964187382	0.3591629
25.858	6.307422454	0.129428885
25.858	1.53747418	0.268305727
25.858	4.97300942	0.303521641
25.858	2.902318123	0.404559717
25.858	6.373460043	0.116810504
25.858	1.48083254	0.247799516
25.858	5.492010315	0.250620964
25.858	2.358353391	0.391909952
25.858	5.824917557	0.213922668
25.858	2.044756509	0.370733173
25.858	4.317802618	0.352464923
25.858	3.564471949	0.390643028
25.858	5.763933022	0.221680826
25.858	2.105432679	0.376543525
25.858	4.379739573	0.346862123
25.858	3.486010079	0.392004113
25.858	6.432312623	0.10021654
25.858	1.418632006	0.217909521
25.858	5.014896376	0.299353725
25.858	2.855351137	0.404220593
25.858	4.52539333	0.337392103
25.858	3.344024616	0.396747562
25.858	5.050251914	0.297198206
25.858	2.827884632	0.404869272
25.858	4.746851059	0.32282612
25.858	3.138268819	0.402818935
25.858	5.41778284	0.26121648
25.858	2.452415464	0.397591483
25.858	5.569516353	0.241581878
25.858	2.277923733	0.387324229
25.858	4.268696189	0.354531496
25.858	3.603358439	0.388262624
25.858	6.531260596	0.065490532
25.858	1.318461301	0.148441108
25.858	5.613237194	0.237954946
25.858	2.243726436	0.386045061
25.858	4.95299277	0.304777963
25.858	2.918539096	0.404172262
25.858	5.021860369	0.300399313
25.858	2.862619211	0.405419307
25.858	6.412556822	0.100983916
25.858	1.424571676	0.218777848
25.858	6.068147731	0.173788877
25.858	1.774712513	0.329730745
25.858	4.054637947	0.367107635
25.858	3.818513253	0.379120834
25.858	6.478243061	0.075324752
25.858	1.348091924	0.168258749
25.858	4.298234304	0.352658237
25.858	3.573434602	0.38937554
25.858	4.756480268	0.319903145
25.858	3.108381098	0.401602112
25.858	4.33443955	0.350974037
25.858	3.543370347	0.391030405
25.858	4.183594907	0.3605864
25.858	3.698097497	0.385262652
25.858	5.954784404	0.193301216
25.858	1.898985034	0.351425637
25.858	6.432406215	0.091427795
25.858	1.394780993	0.200321859
25.858	5.805884447	0.216354913
25.858	2.063557658	0.372607075
25.858	5.934289985	0.197672556
25.858	1.927407366	0.35614397
25.858	6.502513674	0.064391374
25.858	1.321891835	0.145410993
25.858	5.486270047	0.253664979
25.858	2.381583996	0.394521911
25.858	6.437504626	0.090584885
25.858	1.391639111	0.198766532
25.858	4.078454398	0.365438688
25.858	3.790929955	0.380059548
25.858	5.28081976	0.27631905
25.858	2.600039695	0.40265839
25.858	5.568226117	0.244389689
25.858	2.297712594	0.390114652
25.858	6.313005441	0.130225916
25.858	1.539341163	0.269945248
25.858	4.598657709	0.332276215
25.858	3.271581667	0.398723565
25.858	6.566048132	0.036593963
25.858	1.270180133	0.084583589
25.858	6.131513192	0.161433701
25.858	1.703498161	0.314064905
25.858	4.973214374	0.303931048
25.858	2.905851039	0.404862721
25.858	5.803809285	0.212492803
25.858	2.040356158	0.367879396
25.858	4.511216839	0.337271256
25.858	3.347372573	0.395717323
25.858	5.203613322	0.282777402
25.858	2.670056465	0.403264422
25.858	6.03959214	0.178073419
25.858	1.801752883	0.334567424
25.858	4.13158477	0.364333444
25.858	3.757848555	0.38335562
25.858	5.431029053	0.258063626
25.858	2.426005327	0.39545151
25.858	5.078852161	0.293388639
25.858	2.788340356	0.403818674
25.858	4.132162602	0.363642051
25.858	3.750295623	0.383067508
25.858	4.715764633	0.323901406
25.858	3.157248203	0.401443423
25.858	6.280421036	0.135140692
25.858	1.564073886	0.277272756
25.858	6.149450001	0.161315988
25.858	1.699465082	0.314707086
25.858	4.670056314	0.328578317
25.858	3.214747368	0.401284039
25.858	5.038431108	0.29551856
25.858	2.816536462	0.402880563
25.858	6.549241863	0.047505958
25.858	1.286327773	0.109033533
25.858	5.977101211	0.192154444
25.858	1.888265668	0.351026876
25.858	5.759405874	0.222031947
25.858	2.108585764	0.376699363
25.858	4.820985794	0.317135077
25.858	3.064853763	0.404031415
25.858	5.93239665	0.197365539
25.858	1.926056328	0.355645066
25.858	5.422726849	0.258264942
25.858	2.429344227	0.3951505
25.858	6.436191785	0.094562218
25.858	1.40230383	0.206759739
25.858	6.44405111	0.090635445
25.858	1.390521047	0.199065608
25.858	5.500584053	0.250691131
25.858	2.356981085	0.392476523
25.858	5.18683287	0.284932779
25.858	2.69165421	0.40396076
25.858	4.774172482	0.320258671
25.858	3.106661792	0.402988079
25.858	5.703989593	0.227417835
25.858	2.154601736	0.379736951
25.858	4.650988832	0.329037345
25.858	3.224774003	0.400292545
25.858	5.797843278	0.214921744
25.858	2.05637479	0.370470335
25.858	4.096031314	0.365266856
25.858	3.781960468	0.381245125
25.858	6.170081727	0.157155392
25.858	1.676647411	0.309114034
25.858	5.584409421	0.239542949
25.858	2.260711719	0.386066558
25.858	6.462556442	0.081139985
25.858	1.363937605	0.180054094
25.858	6.241717982	0.142983084
25.858	1.60244611	0.28908911
25.858	5.865639114	0.20556573
25.858	1.986524529	0.362656001
25.858	5.529984597	0.249906175
25.858	2.344976251	0.393412746
25.858	5.845232959	0.207609018
25.858	2.002683529	0.364121111
25.858	5.968090286	0.193284902
25.858	1.896255646	0.352082736
25.858	5.39031705	0.264551073
25.858	2.483698649	0.398996271
25.858	4.965427609	0.304257321
25.858	2.910730024	0.404597754
25.858	3.955042887	0.373370295
25.858	3.928609264	0.374716782
25.858	4.016583522	0.368534095
25.858	3.849746971	0.37702014
25.858	4.534559566	0.3379157
25.858	3.346241066	0.397666067
25.858	4.749006649	0.322537023
25.858	3.134956883	0.402779177
25.858	3.976734804	0.371879238
25.858	3.902921209	0.375637987
25.858	4.406403695	0.345344134
25.858	3.461689769	0.393028694
25.858	4.405138509	0.347023784
25.858	3.478982895	0.393843971
25.858	5.899085705	0.202597499
25.858	1.962532656	0.360664985
25.858	5.744514148	0.220589436
25.858	2.102539684	0.374223562
25.858	4.468224045	0.342432076
25.858	3.41209315	0.39568117
25.858	6.431445067	0.092802386
25.858	1.398544472	0.203070402
25.858	4.845650958	0.312310536
25.858	3.014246337	0.402446764
25.858	6.476961406	0.084593543
25.858	1.369294875	0.187629538
25.858	4.822336468	0.315540051
25.858	3.049904797	0.403076769
25.858	6.463110202	0.084192549
25.858	1.370965755	0.1864083
25.858	4.096459518	0.365747556
25.858	3.786900438	0.381502624
25.858	4.77150535	0.319694037
25.858	3.102192082	0.402453049
25.858	4.776369268	0.319020512
25.858	3.094607577	0.402339777
25.858	4.69254092	0.326854172
25.858	3.191790181	0.4017284
25.858	4.223572355	0.357816482
25.858	3.654029681	0.386733274
25.858	4.794337355	0.317916018
25.858	3.07940845	0.402801917
25.858	5.384407011	0.26262783
25.858	2.470490439	0.396904036
25.858	5.646796566	0.2346939
25.858	2.214603227	0.384484473
25.858	4.815904973	0.316365602
25.858	3.059213248	0.403199317
25.858	4.33653118	0.350193553
25.858	3.5346944	0.390768813
25.858	5.981632643	0.190899772
25.858	1.880523376	0.349565774
25.858	6.160775891	0.158291121
25.858	1.683538831	0.31048736
25.858	4.485287534	0.339379252
25.858	3.376381148	0.395146684
25.858	5.75079015	0.223733702
25.858	2.121191438	0.378172102
25.858	4.060700767	0.367578552
25.858	3.821039305	0.379778875
25.858	4.362699537	0.348448684
25.858	3.507881235	0.39166824
25.858	4.476479364	0.341576776
25.858	3.400918679	0.395772241
25.858	3.969844998	0.372501141
25.858	3.912667751	0.375413366
25.858	4.763897364	0.319566052
25.858	3.103162356	0.40187292
25.858	5.033773065	0.298670412
25.858	2.844674371	0.404913377
25.858	4.68408486	0.326175665
25.858	3.187858888	0.400753065
25.858	5.135467625	0.287315826
25.858	2.723669443	0.402670917
25.858	4.583587753	0.335134286
25.858	3.303828262	0.399379805
25.858	4.134604557	0.362608
25.858	3.738410683	0.382746781
25.858	4.505183565	0.340147751
25.858	3.377523333	0.396931456
25.858	5.771694119	0.220378775
25.858	2.095622637	0.375464203
25.858	5.861951409	0.204992268
25.858	1.983916371	0.361742721
25.858	5.469384238	0.254950619
25.858	2.394651303	0.394764944
25.858	5.529348513	0.250037052
25.858	2.346050992	0.393504371
25.858	4.467331675	0.342739669
25.858	3.415440996	0.395789514
25.858	4.582138587	0.333477794
25.858	3.28823724	0.398319286
25.858	5.448403132	0.257353817
25.858	2.416912657	0.395808193
25.858	4.8428763	0.315257382
25.858	3.041694695	0.40422417
25.858	4.509018814	0.338465255
25.858	3.359752757	0.39624573
25.858	5.531649901	0.249772145
25.858	2.343657676	0.393377478
25.858	4.817379601	0.314356065
25.858	3.040517137	0.40197438
25.858	3.996862283	0.371488
25.858	3.889986767	0.37693277
25.858	6.301208596	0.131572002
25.858	1.546593904	0.271858188
25.858	3.945655281	0.374366862
25.858	3.94362123	0.374470514
25.858	5.319453408	0.26942953
25.858	2.537148806	0.39908879
25.858	6.482998779	0.085913845
25.858	1.371340953	0.190533003
25.858	4.795252385	0.316825619
25.858	3.069161621	0.402154029
25.858	5.441569426	0.259777947
25.858	2.436395573	0.397668075
25.858	6.26009564	0.137663797
25.858	1.577739979	0.280802388
25.858	5.320517502	0.26999691
25.858	2.541293606	0.399647768
25.858	5.058757492	0.295165082
25.858	2.80840755	0.403893956
25.858	5.160725767	0.28684492
25.858	2.713649901	0.403864248
25.858	6.152535584	0.161268785
25.858	1.698650065	0.314775453
25.858	5.401494448	0.263666115
25.858	2.474490902	0.398860879
25.858	4.974671074	0.304503595
25.858	2.910499918	0.405359743
25.858	5.09686601	0.29291714
25.858	2.779896922	0.40458768
25.858	4.184462365	0.360624502
25.858	3.698164778	0.3853429
25.858	3.985570902	0.371761995
25.858	3.897818568	0.376231609
25.858	5.609851461	0.23868505
25.858	2.249419839	0.386617997
25.858	4.228485032	0.356171848
25.858	3.635141147	0.386258888
25.858	5.684141907	0.229997903
25.858	2.175593864	0.381486667
25.858	6.533014418	0.051036634
25.858	1.294320777	0.116649381
25.858	4.034844101	0.369241281
25.858	3.849632106	0.378673475
25.858	6.443051127	0.097488249
25.858	1.408957804	0.212834937
25.858	4.605099777	0.332558576
25.858	3.272328777	0.399321665
25.858	4.654759029	0.329136085
25.858	3.224590752	0.400602958
25.858	5.214685107	0.281100983
25.858	2.653839725	0.40258389
25.858	4.059495547	0.365937197
25.858	3.804027461	0.378924527
25.858	6.450346551	0.093913862
25.858	1.397887312	0.205893371
25.858	4.140723861	0.361664237
25.858	3.726065335	0.38272937
25.858	4.737436111	0.321328674
25.858	3.127021183	0.401257117
25.858	5.125082212	0.289116638
25.858	2.741131556	0.403430689
25.858	4.178631073	0.359946947
25.858	3.693307124	0.384597176
25.858	5.595016086	0.242859874
25.858	2.281333849	0.390090635
25.858	4.043609227	0.368434066
25.858	3.837296672	0.378937465
25.858	4.976338191	0.302469091
25.858	2.892264068	0.404022595
25.858	4.566141894	0.33561312
25.858	3.313877589	0.398481905
25.858	4.282923716	0.355314538
25.858	3.606264299	0.389657885
25.858	5.789327264	0.214584547
25.858	2.056053737	0.369609007
25.858	5.169175991	0.286447174
25.858	2.708334437	0.404072768
25.858	4.266741189	0.354031618
25.858	3.598933169	0.387870998
25.858	5.642338657	0.233197607
25.858	2.20554226	0.382627623
25.858	4.298704665	0.353769748
25.858	3.584666323	0.389978158
25.858	6.052350977	0.176248376
25.858	1.790050464	0.332554265
25.858	5.759405433	0.222352705
25.858	2.11062228	0.377067337
25.858	6.464734521	0.081103777
25.858	1.363439382	0.18003807
25.858	4.816670639	0.316951808
25.858	3.06436418	0.403631449
25.858	5.026742808	0.297284358
25.858	2.834560773	0.40345275
25.858	6.024585881	0.180591549
25.858	1.81755023	0.337428311
25.858	4.330183121	0.3514321
25.858	3.549539049	0.390972053
25.858	4.843267567	0.314598094
25.858	3.035589504	0.403814664
25.858	6.255449825	0.140877992
25.858	1.591328113	0.286106815
25.858	4.659158107	0.328452098
25.858	3.216775082	0.400483371
25.858	4.259410507	0.356073119
25.858	3.622666083	0.388389037
25.858	5.344869564	0.269867757
25.858	2.534736392	0.400997317
25.858	4.555141081	0.334356621
25.858	3.305130045	0.397013143
25.858	6.508055649	0.067862609
25.858	1.327324513	0.153045948
25.858	4.408195075	0.345791329
25.858	3.465563945	0.393393315
25.858	5.755351822	0.223023831
25.858	2.115723938	0.377613149
25.858	5.199087629	0.284298324
25.858	2.683538586	0.40420821
25.858	5.372345439	0.264495099
25.858	2.48731912	0.397876571
25.858	5.298095419	0.271060819
25.858	2.554719804	0.399221392
25.858	4.689016222	0.325554764
25.858	3.180561938	0.400698388
25.858	4.580495906	0.335081692
25.858	3.304269966	0.399141442
25.858	4.375110229	0.346828296
25.858	3.487262941	0.391665832
25.858	3.957040175	0.372331241
25.858	3.916443951	0.374397665
25.858	4.133646145	0.361825925
25.858	3.730558076	0.382301168
25.858	4.685422317	0.326591144
25.858	3.191387603	0.401096085
25.858	5.011771981	0.298115935
25.858	2.845503624	0.403119204
25.858	6.438450541	0.094184052
25.858	1.40086435	0.206069507
25.858	5.143037801	0.287946458
25.858	2.727040315	0.403633556
25.858	4.557055625	0.335662444
25.858	3.317189523	0.397897639
25.858	5.512233514	0.249689782
25.858	2.347271781	0.392172209
25.858	3.972614013	0.371923243
25.858	3.905193148	0.375356044
25.858	5.31084043	0.272400072
25.858	2.562223623	0.401144491
25.858	6.024565207	0.18064485
25.858	1.817827959	0.337502942
25.858	5.534982368	0.248260345
25.858	2.332154125	0.392078649
25.858	6.053572635	0.175354178
25.858	1.785343427	0.33131466
25.858	6.073001951	0.174166491
25.858	1.775627254	0.330517997
25.858	4.122523091	0.363542191
25.858	3.753060645	0.382329029
25.858	4.305363373	0.353004036
25.858	3.574423133	0.390051676
25.858	4.276732601	0.354225572
25.858	3.597283205	0.38867123
25.858	4.704910486	0.324355321
25.858	3.164651856	0.401008718
25.858	5.204003397	0.2807693
25.858	2.653704005	0.401659028
25.858	5.9979655	0.189113575
25.858	1.867632488	0.347965022
25.858	4.17146591	0.36171837
25.858	3.714652361	0.384949528
25.858	5.526687174	0.250564514
25.858	2.350409006	0.393866964
25.858	4.470551063	0.340561677
25.858	3.392824597	0.394803442
25.858	5.085097625	0.291393963
25.858	2.770010803	0.40269363
25.858	6.389555046	0.10976982
25.858	1.455166096	0.235055862
25.858	6.066699554	0.178060781
25.858	1.796369528	0.335871071
25.858	6.301081298	0.132717571
25.858	1.550912119	0.273872396
25.858	5.515261599	0.247499873
25.858	2.331039028	0.390185029
25.858	4.522949567	0.338762233
25.858	3.358219704	0.397358822
25.858	4.250677038	0.356963435
25.858	3.63510172	0.388220689
25.858	6.511756386	0.06040476
25.858	1.313106351	0.136924815
25.858	5.561219946	0.244086539
25.858	2.29709656	0.389405749
25.858	6.052580158	0.17625837
25.858	1.790055405	0.33257987
25.858	5.429745238	0.259814564
25.858	2.439283911	0.397004958
25.858	4.167191822	0.359981116
25.858	3.698083012	0.383799553
25.858	6.517786113	0.061935367
25.858	1.314605237	0.140398251
25.858	5.990983602	0.188558758
25.858	1.866025603	0.346855573
25.858	4.494585298	0.339149231
25.858	3.371108768	0.395650388
25.858	6.47915867	0.080028945
25.858	1.358247505	0.178183732
25.858	6.274800749	0.137394413
25.858	1.573862605	0.280947077
25.858	5.016382064	0.297313346
25.858	2.837450452	0.402820626
25.858	4.551544934	0.336231694
25.858	3.324452378	0.397853043
25.858	6.358196543	0.121253383
25.858	1.498730716	0.255472384
25.858	5.355970104	0.267008841
25.858	2.510185973	0.399145972
25.858	6.042653042	0.176485548
25.858	1.793151275	0.332427056
25.858	6.196957955	0.155141203
25.858	1.662521575	0.30711473
25.858	5.168089692	0.285155465
25.858	2.697977466	0.402982867
25.858	4.010921191	0.369787441
25.858	3.865617752	0.377183984
25.858	5.411677865	0.259989666
25.858	2.444613531	0.396100312
25.858	3.969460557	0.372431767
25.858	3.91208288	0.375354002
25.858	5.088079975	0.293142812
25.858	2.783973402	0.404209815
25.858	4.712845065	0.322596083
25.858	3.145906656	0.400435446
25.858	4.52650434	0.336171892
25.858	3.33177973	0.396125319
25.858	4.602514404	0.332080268
25.858	3.268517965	0.398866679
25.858	4.335563241	0.350064318
25.858	3.53372222	0.390633857
25.858	6.20257637	0.153284509
25.858	1.653304172	0.304379677
25.858	6.530637513	0.066677387
25.858	1.320798625	0.151004088
25.858	4.717593727	0.322349067
25.858	3.142228352	0.400593629
25.858	5.218058053	0.281230703
25.858	2.654089061	0.402896093
25.858	5.734789888	0.225629803
25.858	2.136656571	0.379437787
25.858	4.217537401	0.356641822
25.858	3.644111348	0.385720723
25.858	5.080894145	0.291561615
25.858	2.772463361	0.402559089
25.858	4.830498634	0.314951814
25.858	3.042303042	0.40321989
25.858	4.397659017	0.346461205
25.858	3.47585782	0.393027051
25.858	6.560984646	0.037153303
25.858	1.271721642	0.085792303
25.858	5.350276174	0.268647148
25.858	2.524071017	0.400252093
25.858	5.709158027	0.226603101
25.858	2.148245096	0.379113924
25.858	6.006971151	0.184861926
25.858	1.843221047	0.342557709
25.858	6.088756526	0.172498348
25.858	1.764324985	0.328819561
25.858	6.451445046	0.090854
25.858	1.389676395	0.199731817
25.858	4.521737225	0.337867726
25.858	3.349837688	0.396770194
25.858	5.231098397	0.281061079
25.858	2.649641649	0.403555643
25.858	5.425109857	0.258864244
25.858	2.433250687	0.395849455
25.858	6.508492429	0.07575902
25.858	1.34328418	0.169954237
25.858	5.913629667	0.198156654
25.858	1.934264862	0.355707009
25.858	4.696172119	0.324179005
25.858	3.165551575	0.400321635
25.858	4.736893504	0.323539676
25.858	3.147781786	0.402610357
25.858	4.574148313	0.334575048
25.858	3.301318389	0.398420762
25.858	6.045222234	0.178624214
25.858	1.803436383	0.33563301
25.858	5.706312229	0.225812953
25.858	2.143734434	0.378071071
25.858	5.857021285	0.204793544
25.858	1.983756269	0.361233502
25.858	6.170354465	0.154525649
25.858	1.664964108	0.304936966
25.858	6.269908891	0.138010924
25.858	1.577209414	0.281806722
25.858	5.854925934	0.205097023
25.858	1.985952371	0.36150384
25.858	5.779653119	0.218322054
25.858	2.081111877	0.373502141
25.858	4.90705707	0.307247405
25.858	2.952443984	0.402956731
25.858	4.117010374	0.362444511
25.858	3.74367985	0.381407276
25.858	6.273327347	0.136518586
25.858	1.570743213	0.279372806
25.858	4.610438164	0.331787618
25.858	3.263289565	0.399224803
25.858	4.948464945	0.303889319
25.858	2.911931353	0.403256909
25.858	4.629285853	0.328778087
25.858	3.228828847	0.398689407
25.858	6.178794188	0.153056748
25.858	1.656915442	0.302954063
25.858	5.978678994	0.187380051
25.858	1.862161624	0.344622243
25.858	5.63500566	0.234505203
25.858	2.215826048	0.383618954
25.858	6.161838333	0.161308727
25.858	1.697032177	0.315265132
25.858	5.039137129	0.296772182
25.858	2.827039942	0.403855349
25.858	6.12446224	0.165850947
25.858	1.725398537	0.320532077
25.858	6.429304979	0.101394174
25.858	1.422565161	0.220136218
25.858	4.055702303	0.367787321
25.858	3.825340133	0.379514126
25.858	6.266743706	0.138332952
25.858	1.579079281	0.282228976
25.858	6.266044565	0.137599539
25.858	1.576344055	0.280938243
25.858	4.08908585	0.363926223
25.858	3.770567211	0.38010916
25.858	4.669818396	0.327934784
25.858	3.208703706	0.400878889
25.858	4.183109369	0.360051836
25.858	3.692683876	0.384966991
25.858	5.389747541	0.261978557
25.858	2.464407216	0.396629168
25.858	5.299955153	0.271874422
25.858	2.560624423	0.400035831
25.858	5.817082379	0.211984872
25.858	2.034572837	0.36797751
25.858	4.867999055	0.310633757
25.858	2.993099993	0.402761719
25.858	5.057481368	0.293850783
25.858	2.797592603	0.40282845
25.858	6.054836747	0.178260214
25.858	1.79970123	0.335579722
25.858	5.705050279	0.225823134
25.858	2.144063054	0.37801272
25.858	6.065366984	0.177300788
25.858	1.792786754	0.334709623
25.858	4.737806955	0.320526738
25.858	3.119485579	0.400773119
25.858	4.965896701	0.305055847
25.858	2.917626255	0.405189953
25.858	5.466506942	0.255564493
25.858	2.399773279	0.395180292
25.858	5.948041125	0.193233273
25.858	1.899954423	0.350990759
25.858	4.67236138	0.327249293
25.858	3.201456324	0.400631318
25.858	5.930492859	0.199585707
25.858	1.938997402	0.358434713
25.858	6.358619536	0.114839528
25.858	1.477193331	0.243564063
25.858	5.274955362	0.275996752
25.858	2.598840315	0.402031911
25.858	4.469874221	0.342816891
25.858	3.415378328	0.396005676
25.858	5.497026206	0.253890912
25.858	2.380884159	0.395365952
25.858	5.592798356	0.239801701
25.858	2.260688381	0.386812733
25.858	5.301696412	0.271714135
25.858	2.558972133	0.400002733
25.858	5.882976312	0.201125843
25.858	1.957310312	0.357944887
25.858	6.2439664	0.139510493
25.858	1.58810632	0.283295411
25.858	6.276310152	0.138506326
25.858	1.577925978	0.282924708
25.858	5.694966307	0.228597109
25.858	2.164160253	0.380545154
25.858	4.588699044	0.33265529
25.858	3.278287362	0.398278181
25.858	5.080790795	0.294764941
25.858	2.799513437	0.404975482
25.858	5.106354077	0.289771482
25.858	2.751186659	0.402772833
25.858	5.673968099	0.23150117
25.858	2.187631775	0.38256253
25.858	4.762175762	0.320418576
25.858	3.111529909	0.402304068
25.858	5.72277503	0.223562624
25.858	2.125881337	0.376437342
25.858	4.766359159	0.32083606
25.858	3.114215164	0.402843632
25.858	5.182362357	0.284632249
25.858	2.690261289	0.403445971
25.858	5.345195758	0.267913516
25.858	2.519576259	0.39930182
25.858	5.440700436	0.25871762
25.858	2.428702802	0.396631337
25.858	4.824168795	0.314163547
25.858	3.036892917	0.402288093
25.858	6.465137887	0.087157448
25.858	1.377766824	0.192580719
25.858	4.541034634	0.337143531
25.858	3.336647082	0.397664659
25.858	6.350538369	0.117316396
25.858	1.486880428	0.247899148
25.858	5.510083019	0.24911751
25.858	2.343655678	0.391484974
25.858	6.561161157	0.029156307
25.858	1.264200752	0.067503396
25.858	5.543588475	0.245432024
25.858	2.310315566	0.389751732
25.858	5.007892154	0.301648402
25.858	2.877013784	0.405436338
25.858	5.486145558	0.254614979
25.858	2.38853136	0.395424362
25.858	4.962100173	0.304956601
25.858	2.917737742	0.404878376
25.858	4.711251088	0.325008948
25.858	3.168946174	0.40183222
25.858	5.045222192	0.295895315
25.858	2.818023977	0.403587964
25.858	6.083876054	0.173908505
25.858	1.772223793	0.330662795
25.858	5.85588677	0.206515158
25.858	1.994070611	0.363326751
25.858	4.503919746	0.340357197
25.858	3.379994897	0.396962643
25.858	4.180433713	0.360345837
25.858	3.696789113	0.384920459
25.858	5.151979055	0.287955298
25.858	2.724945985	0.404194146
25.858	5.42982335	0.2574873
25.858	2.42201961	0.394840994
25.858	5.65620242	0.234135965
25.858	2.208888174	0.384415498
25.858	4.05486669	0.365857903
25.858	3.805103254	0.37855231
25.858	4.356479346	0.349565016
25.858	3.52134266	0.39182538
25.858	4.279900488	0.353420877
25.858	3.587868271	0.38848277
25.858	4.755704204	0.318998301
25.858	3.100260344	0.400972114
25.858	4.190020045	0.360640194
25.858	3.696205022	0.385745488
25.858	5.596895106	0.239171824
25.858	2.255502439	0.386390431
25.858	4.831248227	0.313939229
25.858	3.03290826	0.402599
25.858	5.072743417	0.29523957
25.858	2.805546629	0.404826641
25.858	5.301300343	0.270795305
25.858	2.551915027	0.39918472
25.858	5.632035466	0.23555124
25.858	2.223478254	0.384567515
25.858	4.976635699	0.304125481
25.858	2.906672596	0.405217779
25.858	5.823394477	0.2123071
25.858	2.035238486	0.368705487
25.858	4.347233272	0.350624009
25.858	3.535324406	0.391737739
25.858	5.118817087	0.289530009
25.858	2.746107044	0.403361558
25.858	6.467268026	0.082536596
25.858	1.366271232	0.183090209
25.858	6.386235956	0.111910824
25.858	1.462521035	0.239023012
25.858	6.548449545	0.052365396
25.858	1.293337022	0.119889847
25.858	4.154524507	0.36069122
25.858	3.710444145	0.383242968
25.858	5.547959131	0.243791577
25.858	2.297898749	0.388345881
25.858	4.982555873	0.301385437
25.858	2.881230407	0.403641624
25.858	5.048128387	0.298064049
25.858	2.83584566	0.405373093
25.858	4.311214116	0.352352485
25.858	3.565663231	0.390125216
25.858	4.883016068	0.31068714
25.858	2.98952405	0.403766182
25.858	5.408789764	0.261860407
25.858	2.459249788	0.397649672
25.858	5.320982485	0.271834375
25.858	2.555478177	0.401268469
25.858	4.881720606	0.311421052
25.858	2.996460722	0.404178801
25.858	6.189785247	0.152722123
25.858	1.653331511	0.30290275
25.858	6.320298245	0.127689543
25.858	1.528671553	0.265705766
25.858	4.71530115	0.324893095
25.858	3.166685097	0.402027997
25.858	6.446116744	0.098401085
25.858	1.410911576	0.214752793
25.858	4.005604916	0.370657128
25.858	3.877260882	0.37719352
25.858	6.264697805	0.135614197
25.858	1.568916177	0.27745131
25.858	5.276764232	0.275732986
25.858	2.596329655	0.401919645
25.858	5.374405407	0.264574411
25.858	2.487455122	0.398070608
25.858	4.016672471	0.370453612
25.858	3.870354776	0.377907209
25.858	5.510680043	0.248769849
25.858	2.341049655	0.391176947
25.858	6.231194521	0.146568849
25.858	1.619203132	0.294636736
25.858	4.649109595	0.328330683
25.858	3.218617795	0.39974124
25.858	6.051181928	0.179820633
25.858	1.808366891	0.337636751
25.858	4.238565075	0.355346264
25.858	3.622858153	0.386554575
25.858	4.323598185	0.350389278
25.858	3.541247894	0.389970541
25.858	4.358826047	0.350192211
25.858	3.526899753	0.392317014
25.858	4.729774443	0.321954913
25.858	3.135041247	0.401148238
25.858	5.215928831	0.279858155
25.858	2.643530384	0.401643732
25.858	6.434214581	0.09657562
25.858	1.408125692	0.210732
25.858	5.309653877	0.273117868
25.858	2.568120537	0.401688527
25.858	5.526455681	0.249808021
25.858	2.345034928	0.393112095
25.858	5.649741812	0.233519168
25.858	2.206123453	0.383389679
25.858	4.608755673	0.332676537
25.858	3.272351068	0.399635993
25.858	4.081955942	0.3655846
25.858	3.79105114	0.380380909
25.858	4.053578955	0.36685636
25.858	3.816270512	0.378926901
25.858	5.423941345	0.261104049
25.858	2.450204741	0.397852162
25.858	5.847256778	0.206257824
25.858	1.994308238	0.362549842
25.858	5.63177514	0.236930539
25.858	2.23284877	0.386015189
25.858	4.519669598	0.339706953
25.858	3.368554262	0.397668156
25.858	5.475241886	0.256207897
25.858	2.402579241	0.396301557
25.858	5.427294067	0.261297023
25.858	2.450907931	0.398227589
25.858	5.357232068	0.26475144
25.858	2.492692606	0.397206346
25.858	6.52597623	0.067859516
25.858	1.323928351	0.153456515
25.858	5.16754681	0.284561023
25.858	2.693241708	0.402476175
25.858	5.916555231	0.20030097
25.858	1.945850884	0.358634686
25.858	5.781033381	0.218121468
25.858	2.079579995	0.373342143
25.858	6.299052106	0.128081833
25.858	1.534165954	0.265572364
25.858	5.946473563	0.192113138
25.858	1.89412688	0.34941315
25.858	5.065154703	0.295658115
25.858	2.811000659	0.404663143
25.858	5.60603369	0.238860412
25.858	2.251428195	0.386584596
25.858	6.55497464	0.033578917
25.858	1.269292427	0.077562876
25.858	5.868403488	0.203625337
25.858	1.974657201	0.360360649
25.858	4.61997558	0.330027987
25.858	3.243548728	0.398817273
25.858	4.037713292	0.366883872
25.858	3.823185231	0.377789728
25.858	5.925266788	0.198216236
25.858	1.932272763	0.356386571
25.858	6.119618401	0.163239479
25.858	1.714142616	0.316306727
25.858	5.792239915	0.215755219
25.858	2.062639712	0.371158874
25.858	5.021650812	0.297451981
25.858	2.837291407	0.403255112
25.858	6.227983667	0.149970721
25.858	1.634145367	0.300110748
25.858	5.361512201	0.266612668
25.858	2.505897412	0.399125172
25.858	4.330249996	0.35030984
25.858	3.538088284	0.390392419
25.858	5.260899832	0.277092195
25.858	2.610816606	0.402096422
25.858	5.092968524	0.291408182
25.858	2.768173763	0.403195843
25.858	5.479155741	0.255248564
25.858	2.394688437	0.395620036
25.858	5.689106562	0.22746743
25.858	2.158028642	0.378966582
25.858	4.946793137	0.30410675
25.858	2.914273721	0.403303868
25.858	5.035497103	0.295570958
25.858	2.817726068	0.402734997
25.858	4.300369673	0.35248826
25.858	3.570928907	0.3894374
25.858	5.082866107	0.291432519
25.858	2.770889874	0.40258371
25.858	5.114710723	0.289963965
25.858	2.750731999	0.403441424
25.858	5.740148603	0.222108171
25.858	2.113033128	0.37573177
25.858	4.323370275	0.352241326
25.858	3.560212089	0.390916034
25.858	5.004890893	0.300030345
25.858	2.863748101	0.404079338
25.858	6.529586758	0.067548167
25.858	1.322650903	0.152866738
25.858	4.821068977	0.316451235
25.858	3.058570118	0.403591117
25.858	4.49719843	0.338875811
25.858	3.367581288	0.395674149
25.858	5.240726626	0.279133244
25.858	2.631852093	0.402562174
25.858	6.180515857	0.155467093
25.858	1.667133155	0.306898182
25.858	4.445899639	0.34333805
25.858	3.428444542	0.394651354
25.858	5.625535718	0.234710249
25.858	2.219207636	0.38330462
25.858	5.374062204	0.263966075
25.858	2.482924146	0.397501892
25.858	5.956211607	0.190501814
25.858	1.883413501	0.347739628
25.858	5.835217439	0.212530658
25.858	2.034199529	0.369609147
25.858	4.666057425	0.328732444
25.858	3.217395376	0.401111336
25.858	5.916219196	0.198451953
25.858	1.935413423	0.356224928
25.858	4.207312583	0.359239106
25.858	3.6749722	0.386285992
25.858	5.304092872	0.271169908
25.858	2.554180585	0.399677282
25.858	5.726145958	0.224164953
25.858	2.12903024	0.377306505
25.858	4.389711005	0.346931313
25.858	3.483291315	0.392730158
25.858	6.298341075	0.127804202
25.858	1.533296794	0.265048147
25.858	6.403716593	0.110114544
25.858	1.45355137	0.236212888
25.858	5.318619023	0.269271157
25.858	2.536117599	0.398900209
25.858	4.525068007	0.338949165
25.858	3.359383468	0.397607919
25.858	4.356108837	0.350501755
25.858	3.530991833	0.392290273
25.858	5.939112682	0.196638643
25.858	1.920638315	0.35503896
25.858	4.867231711	0.310819114
25.858	2.994968475	0.402837663
25.858	3.999193062	0.371409161
25.858	3.888133666	0.377067221
25.858	4.598534389	0.332580997
25.858	3.274551257	0.398894641
25.858	4.673519967	0.325748855
25.858	3.186954675	0.399790543
25.858	4.145095345	0.362337045
25.858	3.731425694	0.38336676
25.858	5.354413677	0.266035876
25.858	2.503102658	0.398187579
25.858	5.636189343	0.235441818
25.858	2.221864173	0.384685269
25.858	5.743131981	0.224886332
25.858	2.130153955	0.37905851
25.858	4.237616027	0.357120299
25.858	3.641560189	0.387378344
25.858	4.107858773	0.365789178
25.858	3.782759911	0.382342105
25.858	6.177832871	0.15846379
25.858	1.681014162	0.311534787
25.858	4.493864364	0.339581864
25.858	3.375593114	0.395844482
25.858	5.032161928	0.296326098
25.858	2.825000361	0.403085992
25.858	5.326065506	0.270241147
25.858	2.541915331	0.400193895
25.858	5.750601736	0.220976064
25.858	2.103717535	0.375002626
25.858	5.230206705	0.281246503
25.858	2.651351086	0.403652294
25.858	4.286529982	0.353788739
25.858	3.589242843	0.389135481
25.858	4.796113481	0.316380134
25.858	3.064851208	0.40191976
25.858	5.95284994	0.192691436
25.858	1.896019796	0.350512335
25.858	3.971749548	0.37208308
25.858	3.907302115	0.375364783
25.858	6.585118892	0.019372946
25.858	1.252956893	0.045124356
25.858	4.675236505	0.327470943
25.858	3.202706648	0.40095702
25.858	5.253526536	0.27700758
25.858	2.611867179	0.401577378
25.858	4.956342402	0.305047036
25.858	2.920031099	0.404574959
25.858	5.075601041	0.29558923
25.858	2.807812904	0.405266692
25.858	3.987408936	0.369816913
25.858	3.876030697	0.37548171
25.858	5.527510066	0.250206851
25.858	2.347664645	0.393564424
25.858	6.268303082	0.136390191
25.858	1.571212476	0.278943707
25.858	6.441960498	0.098109702
25.858	1.410886134	0.214039142
25.858	5.356650467	0.2672082
25.858	2.511559585	0.399363407
25.858	4.864988727	0.310519183
25.858	2.992891448	0.4024898
25.858	6.012032065	0.186388855
25.858	1.850291384	0.344928239
25.858	6.390905415	0.104303635
25.858	1.438346726	0.224554368
25.858	4.111224723	0.364196916
25.858	3.764497768	0.381830377
25.858	4.030247538	0.368321294
25.858	3.841687244	0.377915463
25.858	4.507412606	0.338216494
25.858	3.357831495	0.395995879
25.858	4.885633444	0.310039279
25.858	2.983020172	0.403495005
25.858	5.119869871	0.291053532
25.858	2.758576652	0.404600441
25.858	4.191424049	0.358465235
25.858	3.672942605	0.384777284
25.858	6.076132831	0.175551395
25.858	1.781901584	0.332692843
25.858	5.233391542	0.280201508
25.858	2.642164781	0.402992889
25.858	6.543467635	0.060959031
25.858	1.308051778	0.138806287
25.858	5.945491514	0.196794393
25.858	1.920243894	0.355571822
25.858	5.185736581	0.284660229
25.858	2.689682902	0.403676037
25.858	5.435623813	0.256517499
25.858	2.413592931	0.39427036
25.858	4.826268872	0.313502884
25.858	3.030334183	0.401986102
25.858	5.146622422	0.285713932
25.858	2.707761149	0.402099803
25.858	6.403002366	0.102845936
25.858	1.431763844	0.222116133
25.858	5.006358493	0.300592897
25.858	2.868240483	0.404579188
25.858	5.554295221	0.24675391
25.858	2.317321322	0.391693137
25.858	4.640114428	0.331167412
25.858	3.248379964	0.400841
25.858	6.179067171	0.159310823
25.858	1.684602286	0.312925636
25.858	4.713099594	0.324805052
25.858	3.166494635	0.401828203
25.858	3.974736406	0.372023974
25.858	3.90535924	0.375556939
25.858	4.548973941	0.334691552
25.858	3.310307671	0.396791214
25.858	5.958838284	0.193028747
25.858	1.896680386	0.351268639
25.858	5.094157796	0.292977398
25.858	2.781073867	0.40446425
25.858	5.228109176	0.279332029
25.858	2.63641944	0.401955838
25.858	4.141014054	0.360977408
25.858	3.718743976	0.382417067
25.858	6.491029417	0.073471108
25.858	1.341761322	0.164649768
25.858	6.067165406	0.176388959
25.858	1.787847404	0.333476599
25.858	5.263913001	0.277435498
25.858	2.612849957	0.402566062
25.858	4.537064009	0.335814949
25.858	3.324959142	0.396634957
25.858	6.594955462	0.018144527
25.858	1.250449154	0.042336819
25.858	6.558011931	0.037889983
25.858	1.273065903	0.087429757
25.858	6.049485614	0.178450949
25.858	1.801718825	0.335592609
25.858	6.502085069	0.074016714
25.858	1.340802353	0.166088157
25.858	5.726806038	0.223827699
25.858	2.126737072	0.376960271
25.858	4.488149467	0.339955224
25.858	3.38111655	0.395664679
25.858	5.528917524	0.247631724
25.858	2.329003728	0.391104875
25.858	6.525452359	0.066290788
25.858	1.321049647	0.150047121
25.858	5.050933704	0.295303962
25.858	2.811553927	0.403506446
25.858	5.184534455	0.284126554
25.858	2.685605483	0.403175739
25.858	4.294463556	0.351779269
25.858	3.565810972	0.388658384
25.858	5.186291174	0.28337672
25.858	2.679068232	0.402682677
25.858	6.282836429	0.137558581
25.858	1.572964431	0.281562915
25.858	4.993761461	0.302878942
25.858	2.891354119	0.405420954
25.858	5.963849134	0.191297472
25.858	1.886212605	0.349200563
25.858	4.311859551	0.351401965
25.858	3.555726862	0.389678772
25.858	4.545591288	0.336990362
25.858	3.333718035	0.397885266
25.858	5.26068766	0.274587454
25.858	2.591031999	0.399977076
25.858	5.465072046	0.256422796
25.858	2.406386276	0.39590913
25.858	5.56440544	0.245314395
25.858	2.30501242	0.390829601
25.858	4.14337738	0.362472485
25.858	3.733527245	0.383309175
25.858	5.745368815	0.223241971
25.858	2.119164933	0.377314261
25.858	6.542096764	0.063231936
25.858	1.312304899	0.143757246
25.858	4.869291106	0.313227573
25.858	3.016100626	0.404588485
25.858	5.284868729	0.275085508
25.858	2.589327864	0.401864367
25.858	5.193009329	0.282412031
25.858	2.669617507	0.402318328
25.858	4.003895186	0.370044748
25.858	3.871387786	0.376789536
25.858	5.04431543	0.297247232
25.858	2.829796831	0.404532058
25.858	5.973607155	0.189456002
25.858	1.874296069	0.347202515
25.858	4.344134881	0.350091991
25.858	3.53099599	0.391244428
25.858	4.009186323	0.368484421
25.858	3.852365825	0.376458517
25.858	5.41099375	0.261655151
25.858	2.457217162	0.397592244
25.858	5.005227915	0.298523951
25.858	2.850683146	0.403004303
25.858	4.080905943	0.365326567
25.858	3.788737433	0.380183502
25.858	5.477562303	0.253884114
25.858	2.385083324	0.394223909
25.858	6.068372372	0.172629977
25.858	1.768966303	0.328037436
25.858	5.984801085	0.189668782
25.858	1.873225293	0.348057157
25.858	5.297193233	0.271617631
25.858	2.559261501	0.399647903
25.858	5.88588811	0.2052997
25.858	1.980893624	0.363389253
25.858	5.259800245	0.275032787
25.858	2.594750624	0.400299851
25.858	4.534280097	0.337113986
25.858	3.338490554	0.397190838
25.858	5.593068051	0.241660273
25.858	2.273427193	0.388749114
25.858	6.442361395	0.087887106
25.858	1.383906719	0.193413166
25.858	5.298832099	0.273737127
25.858	2.575473125	0.401564174
25.858	5.837007949	0.210404054
25.858	2.02100436	0.367120808
25.858	4.637964189	0.329360795
25.858	3.231754613	0.399618919
25.858	6.581642156	0.028258849
25.858	1.259594316	0.065648924
25.858	4.83735495	0.315361716
25.858	3.044153579	0.403934749
25.858	4.952257759	0.30486208
25.858	2.919470285	0.404184537
25.858	5.153897731	0.288261279
25.858	2.727020083	0.404551881
25.858	5.53158284	0.246776841
25.858	2.322380141	0.390407506
25.858	6.249712387	0.14085062
25.858	1.592322714	0.285818779
25.858	5.682641676	0.230316196
25.858	2.178000256	0.381752197
25.858	4.431713882	0.345302607
25.858	3.452775027	0.394747138
25.858	5.636331131	0.235114938
25.858	2.219636252	0.384344905
25.858	6.340174261	0.126222608
25.858	1.519601221	0.263842305
25.858	4.378902167	0.346302073
25.858	3.480673755	0.391646257
25.858	4.039694078	0.369109303
25.858	3.84618282	0.378964838
25.858	6.196575451	0.155786917
25.858	1.665448362	0.30813069
25.858	4.691277058	0.325720331
25.858	3.181457847	0.400949942
25.858	6.422410065	0.099495938
25.858	1.41847409	0.21616181
25.858	5.845145063	0.210815024
25.858	2.021828819	0.368056503
25.858	4.7091754	0.32447139
25.858	3.164500141	0.401362433
25.858	5.923306675	0.200505974
25.858	1.945677159	0.359249744
25.858	5.022515411	0.299940604
25.858	2.858482517	0.405128315
25.858	4.844675557	0.31506018
25.858	3.039408147	0.404210904
25.858	5.503544154	0.251839423
25.858	2.36459833	0.393765926
25.858	5.760175921	0.221054693
25.858	2.102243734	0.375616736
25.858	5.000000842	0.302364911
25.858	2.885269781	0.405449771
25.858	4.779527364	0.319446124
25.858	3.097644332	0.402819295
25.858	4.642932625	0.329039986
25.858	3.227208799	0.399757404
25.858	5.132910876	0.288092771
25.858	2.730719638	0.403120064
25.858	4.142396752	0.363136402
25.858	3.740918524	0.38355796
25.858	5.73846931	0.221720224
25.858	2.110924074	0.375194731
25.858	6.209568673	0.146536322
25.858	1.623245509	0.293647743
25.858	5.760618812	0.221006556
25.858	2.101848982	0.375585397
25.858	4.2240729	0.358502283
25.858	3.660982419	0.387108661
25.858	4.733639681	0.321092516
25.858	3.125922641	0.400857968
25.858	6.345928072	0.117518082
25.858	1.488433642	0.248104125
25.858	4.279922313	0.354078735
25.858	3.594615204	0.388820197
25.858	4.442142064	0.342844536
25.858	3.424783984	0.394123202
25.858	3.973741468	0.371252359
25.858	3.897443526	0.375135297
25.858	5.563844988	0.242233359
25.858	2.283648065	0.387668155
25.858	5.240159218	0.279732009
25.858	2.636795331	0.403020667
25.858	4.163666869	0.359945644
25.858	3.699080657	0.383531006
25.858	5.147116702	0.286647803
25.858	2.715320202	0.40286753
25.858	6.535589818	0.046527038
25.858	1.287619275	0.106610918
25.858	4.640454083	0.329542387
25.858	3.232737275	0.399893939
25.858	4.465707718	0.343328244
25.858	3.421829469	0.39600159
25.858	5.983169143	0.19145085
25.858	1.883221961	0.35038779
25.858	5.116189258	0.289145417
25.858	2.743553128	0.4029004
25.858	4.539628352	0.335882465
25.858	3.324804389	0.396847205
25.858	4.736445504	0.322787956
25.858	3.140884378	0.402110744
25.858	6.443636503	0.095023055
25.858	1.402126325	0.207917458
25.858	6.383984332	0.115071958
25.858	1.473119058	0.244922392
25.858	4.24728758	0.355020507
25.858	3.616264368	0.387004685
25.858	4.433558153	0.342821235
25.858	3.427411727	0.393521686
25.858	5.527058266	0.248910513
25.858	2.338494274	0.392263478
25.858	6.22917136	0.148076151
25.858	1.6258969	0.297045324
25.858	6.464265191	0.089045983
25.858	1.382641887	0.196427297
25.858	4.566930678	0.335348475
25.858	3.31106069	0.398382379
25.858	4.897687221	0.308665696
25.858	2.96753532	0.403332202
25.858	5.435737542	0.256482642
25.858	2.413311718	0.394244179
25.858	5.481195403	0.25424187
25.858	2.386891537	0.394778629
25.858	4.396167961	0.347590261
25.858	3.487732409	0.393527456
25.858	4.266264944	0.354178369
25.858	3.600615293	0.387912277
25.858	5.162485227	0.286969097
25.858	2.714250883	0.404070664
25.858	5.347823446	0.265963707
25.858	2.504054094	0.397729499
25.858	4.365393965	0.348823906
25.858	3.510743444	0.392053287
25.858	5.04522207	0.298166129
25.858	2.837452607	0.405265129
25.858	5.008183745	0.301523352
25.858	2.875851592	0.405364984
25.858	6.114250329	0.165367259
25.858	1.725115617	0.319317362
25.858	5.035177139	0.296355644
25.858	2.824487173	0.403297728
25.858	5.013650586	0.298633541
25.858	2.849468116	0.403616675
25.858	4.615819159	0.332763059
25.858	3.271040527	0.400159856
25.858	4.797015013	0.318554404
25.858	3.08453162	0.403388767
25.858	4.465606248	0.341007971
25.858	3.398849106	0.394714183
25.858	6.133451497	0.167175486
25.858	1.729924199	0.322967442
25.858	6.007284512	0.185665701
25.858	1.847396575	0.343689717
25.858	4.691089399	0.326172294
25.858	3.185772805	0.401215031
25.858	6.348922671	0.124125074
25.858	1.510488341	0.260376041
25.858	5.809969691	0.21168973
25.858	2.03424255	0.367239121
25.858	4.069506661	0.36536432
25.858	3.793809356	0.379378506
25.858	5.303142561	0.272278818
25.858	2.56304637	0.40057606
25.858	5.167058728	0.285885298
25.858	2.704217951	0.403498069
25.858	4.471335929	0.34211822
25.858	3.407961657	0.395720612
25.858	4.345226575	0.349254919
25.858	3.52212312	0.39088101
25.858	4.004038191	0.370727195
25.858	3.878686861	0.377111152
25.858	5.717948406	0.223824068
25.858	2.128553259	0.376468512
25.858	4.661789441	0.327830888
25.858	3.210097183	0.400282355
25.858	5.451212779	0.256788046
25.858	2.412124243	0.395440911
25.858	4.47865213	0.341252877
25.858	3.397006116	0.395740826
25.858	6.433361605	0.099362484
25.858	1.416018903	0.216252127
25.858	4.521157066	0.33905855
25.858	3.361700392	0.397404411
25.858	5.619799183	0.237579392
25.858	2.239782145	0.386022013
25.858	6.429687478	0.09262364
25.858	1.398411363	0.202656055
25.858	4.681606698	0.325827858
25.858	3.185310521	0.400375378
25.858	6.25480836	0.138172205
25.858	1.580746834	0.281456837
25.858	4.764273538	0.320533042
25.858	3.111995947	0.402514395
25.858	4.580550908	0.334533032
25.858	3.298931283	0.398827161
25.858	4.401665196	0.346627041
25.858	3.47616524	0.393392233
25.858	4.944237446	0.305564555
25.858	2.927750374	0.404165453
25.858	5.290853286	0.2748103
25.858	2.585770451	0.401993727
25.858	6.44141591	0.090954741
25.858	1.391842835	0.19963477
25.858	6.31698982	0.130602392
25.858	1.539974196	0.270772754
25.858	4.825095758	0.314952997
25.858	3.043801472	0.402869829
25.858	4.576889466	0.333853245
25.858	3.293486159	0.398185414
25.858	4.707479465	0.325896761
25.858	3.17839957	0.402130146
25.858	6.355253163	0.113470326
25.858	1.473414323	0.240866535
25.858	4.22602594	0.358805784
25.858	3.663418474	0.387396712
25.858	4.512241962	0.337988387
25.858	3.35405037	0.396194525
25.858	6.083813696	0.173808721
25.858	1.771742539	0.330513236
25.858	4.582762433	0.33535604
25.858	3.306237157	0.399452486
25.858	5.896085399	0.20384576
25.858	1.970367458	0.362092164
25.858	5.162062578	0.28723006
25.858	2.71650901	0.404249621
25.858	5.893601112	0.202570314
25.858	1.963474952	0.360343503
25.858	5.190158526	0.283372168
25.858	2.678105335	0.402916835
25.858	4.431664351	0.343512068
25.858	3.434910659	0.393770244
25.858	5.197661398	0.28274312
25.858	2.671194985	0.402871365
25.858	5.283902168	0.273724282
25.858	2.578824893	0.40065056
25.858	5.104173798	0.289542828
25.858	2.74982214	0.402460466
25.858	4.620611541	0.331406213
25.858	3.256540804	0.399679921
25.858	5.404074765	0.261477153
25.858	2.457428696	0.39701956
25.858	5.049115132	0.29441644
25.858	2.804485411	0.402728364
25.858	5.82011618	0.209718353
25.858	2.020335887	0.365381631
25.858	4.023715835	0.36823704
25.858	3.843541047	0.377401756
25.858	5.453417901	0.257704491
25.858	2.418395476	0.396431904
25.858	4.220717185	0.358044858
25.858	3.657475291	0.38664478
25.858	4.00471014	0.368907496
25.858	3.85881488	0.376327322
25.858	6.448213427	0.095192118
25.858	1.401714297	0.208400033
25.858	4.19019488	0.360060942
25.858	3.69006767	0.385474951
25.858	6.106504035	0.170412205
25.858	1.75069413	0.326566848
25.858	3.970370479	0.370441464
25.858	3.890168716	0.374519968
25.858	5.142947117	0.288198678
25.858	2.729152642	0.403824876
25.858	4.968234455	0.302186229
25.858	2.891904236	0.403305506
25.858	4.696217101	0.324608841
25.858	3.169566199	0.400591083
25.858	6.563920113	0.037845825
25.858	1.271899433	0.087408623
25.858	5.825580569	0.212744161
25.858	2.037445232	0.369350589
25.858	4.950040446	0.305093425
25.858	2.922083894	0.404205612
25.858	5.995605305	0.187342109
25.858	1.858602264	0.345419847
25.858	5.833274236	0.20843381
25.858	2.010002457	0.364505006
25.858	6.408560531	0.102272726
25.858	1.429040204	0.221178202
25.858	5.36970175	0.265116982
25.858	2.492638506	0.398277865
25.858	4.847134458	0.312540499
25.858	3.01591202	0.402696783
25.858	5.932564275	0.196261001
25.858	1.919830402	0.354205889
25.858	5.694871261	0.228202986
25.858	2.161608833	0.380103378
25.858	4.480416306	0.340574503
25.858	3.389731197	0.395483686
25.858	5.546151535	0.247399348
25.858	2.323637514	0.391867982
25.858	4.648693894	0.33003205
25.858	3.234945922	0.40073643
25.858	5.453412624	0.257746087
25.858	2.418704044	0.3964706
25.858	5.369406596	0.265599852
25.858	2.496380098	0.398692819
25.858	5.027366214	0.299386858
25.858	2.852469704	0.405032065
25.858	5.832427088	0.212280849
25.858	2.033248781	0.369157567
25.858	4.032998327	0.368546483
25.858	3.842944499	0.378219329
25.858	6.249889306	0.138433045
25.858	1.582718843	0.281699745
25.858	6.311200455	0.126741852
25.858	1.526996002	0.263647819
25.858	5.771003659	0.220028279
25.858	2.093559522	0.375020167
25.858	6.051810318	0.177645462
25.858	1.797183845	0.334547297
25.858	5.699159072	0.2282586
25.858	2.161078432	0.380403148
25.858	5.972043692	0.189923358
25.858	1.877129425	0.347758157
25.858	5.820053381	0.20976631
25.858	2.020635195	0.365436949
25.858	4.954153216	0.303198545
25.858	2.904402573	0.403130176
25.858	6.332517856	0.119695527
25.858	1.498316806	0.25163645
25.858	6.360539531	0.119408859
25.858	1.491990543	0.252155505
25.858	4.941324343	0.304533923
25.858	2.919454889	0.403256002
25.858	4.266035845	0.35352287
25.858	3.593970649	0.387561815
25.858	6.582154171	0.023338058
25.858	1.255909895	0.054289684
25.858	5.972724765	0.188585651
25.858	1.869791576	0.345972564
25.858	6.16280765	0.157255184
25.858	1.678504612	0.308942982
25.858	4.051053744	0.368112534
25.858	3.830751133	0.379328289
25.858	5.280808237	0.27406759
25.858	2.582242565	0.400755471
25.858	5.277555146	0.27648647
25.858	2.602125775	0.402600884
25.858	4.510991722	0.337641373
25.858	3.351058285	0.39591264
25.858	4.098327912	0.363871901
25.858	3.766246484	0.380748581
25.858	4.51602467	0.33780495
25.858	3.351045934	0.396347123
25.858	6.35847146	0.113515686
25.858	1.472943029	0.241067857
25.858	5.344810651	0.269944458
25.858	2.535344521	0.401060725
25.858	5.699954186	0.230250377
25.858	2.173966633	0.382644744
25.858	5.473620416	0.255692714
25.858	2.399152485	0.395718362
25.858	4.436103607	0.343239432
25.858	3.430717406	0.393925695
25.858	6.380960455	0.114098833
25.858	1.47053156	0.242978607
25.858	5.54742489	0.245547751
25.858	2.310299952	0.390088751
25.858	4.645111227	0.327525299
25.858	3.212183882	0.398987043
25.858	4.073077338	0.366884865
25.858	3.808535062	0.380350187
25.858	4.345129625	0.349700808
25.858	3.526676654	0.391108561
25.858	4.344177651	0.349700248
25.858	3.527004113	0.391042111
25.858	5.113528987	0.291421638
25.858	2.763216373	0.40448774
25.858	4.152419271	0.361423008
25.858	3.718942692	0.383448246
25.858	6.531551851	0.059388256
25.858	1.307628343	0.135106811
25.858	4.632567302	0.329659237
25.858	3.236223024	0.3994378
25.858	4.801973266	0.317445918
25.858	3.072966163	0.402995406
25.858	5.377721618	0.26579887
25.858	2.49602299	0.39936641
25.858	4.969432803	0.302767654
25.858	2.89665795	0.403796457
25.858	5.190622833	0.282405218
25.858	2.67013356	0.402166215
25.858	4.148406587	0.36338583
25.858	3.741201059	0.384107035
25.858	5.915205265	0.200613047
25.858	1.947903826	0.358966259
25.858	5.046654202	0.296835332
25.858	2.825683757	0.40437497
25.858	5.799216299	0.215126802
25.858	2.057352177	0.370788656
25.858	6.136770319	0.162340264
25.858	1.70663829	0.315712332
25.858	5.290248099	0.273808222
25.858	2.578013904	0.401105909
25.858	4.617151618	0.329927659
25.858	3.243449895	0.398568472
25.858	4.095519738	0.36412435
25.858	3.770052332	0.380666724
25.858	6.132063598	0.16363473
25.858	1.713546499	0.317492123
25.858	4.661423833	0.328187635
25.858	3.213590204	0.400474156
25.858	5.084654769	0.292548477
25.858	2.779814511	0.403545306
25.858	6.501999971	0.06845275
25.858	1.329611184	0.154175963
25.858	5.220160077	0.280056851
25.858	2.644124091	0.402065533
25.858	4.86535177	0.311442703
25.858	3.001073026	0.403137373
25.858	6.365433229	0.114239545
25.858	1.473944904	0.242682799
25.858	4.745620706	0.321720155
25.858	3.128314058	0.402042441
25.858	4.826998992	0.316775238
25.858	3.059903483	0.404188007
25.858	6.241139235	0.142354823
25.858	1.600015383	0.288004794
25.858	3.944453354	0.373072944
25.858	3.930063499	0.373805477
25.858	5.605529288	0.241478011
25.858	2.269523198	0.389271606
25.858	4.315436152	0.352301683
25.858	3.563641415	0.39039375
25.858	4.092623802	0.366596582
25.858	3.797502349	0.381625075
25.858	4.717378902	0.324689017
25.858	3.164167276	0.402038827
25.858	6.249271618	0.144921842
25.858	1.608916551	0.292668223
25.858	5.387420745	0.263664895
25.858	2.47763419	0.398024047
25.858	6.019096483	0.18159007
25.858	1.823775416	0.338571817
25.858	5.671223698	0.231166707
25.858	2.185995278	0.382044662
25.858	6.093394652	0.17263532
25.858	1.764092354	0.329243995
25.858	5.619559165	0.239989467
25.858	2.25629906	0.388528857
25.858	5.185712564	0.282283854
25.858	2.670327353	0.401766387
25.858	4.414070446	0.345312407
25.858	3.45878321	0.393539476
25.858	4.127598239	0.362015791
25.858	3.734951137	0.381959765
25.858	4.643286597	0.329179924
25.858	3.228434667	0.399865152
25.858	6.484547622	0.078594974
25.858	1.354008028	0.175319343
25.858	6.229630947	0.145620395
25.858	1.615571919	0.292991323
25.858	5.012473429	0.30026869
25.858	2.863873042	0.404731548
25.858	6.497471429	0.078178757
25.858	1.350637641	0.174785365
25.858	4.198078293	0.359170029
25.858	3.677751136	0.385597265
25.858	4.634736858	0.329266355
25.858	3.231826447	0.399346903
25.858	4.925169705	0.305703571
25.858	2.933998496	0.40304381
25.858	6.13099039	0.162892043
25.858	1.710312473	0.316297898
25.858	5.400066373	0.261918895
25.858	2.461640355	0.397186442
25.858	6.057036087	0.179010882
25.858	1.803086143	0.336764829
25.858	5.993116426	0.190071306
25.858	1.8737615	0.349024207
25.858	4.059095597	0.366771414
25.858	3.813078604	0.379286509
25.858	5.838163066	0.212448928
25.858	2.033109101	0.369668053
25.858	5.370193294	0.266354559
25.858	2.501962204	0.399413548
25.858	5.640845728	0.23507241
25.858	2.218397871	0.384553864
25.858	5.926948701	0.199185918
25.858	1.937429178	0.357733183
25.858	4.835124409	0.313720188
25.858	3.029859085	0.402705067
25.858	6.119312171	0.163664431
25.858	1.71617361	0.316946064
25.858	5.150677632	0.286692197
25.858	2.714821216	0.403122785
25.858	4.992568895	0.300949073
25.858	2.874862721	0.403962806
25.858	6.297372414	0.128645054
25.858	1.536536736	0.266511328
25.858	6.289725372	0.13353369
25.858	1.556167424	0.274845668
25.858	5.892126877	0.200110446
25.858	1.949665167	0.357118735
25.858	5.635651975	0.236540584
25.858	2.229391221	0.385821692
25.858	5.224878225	0.281092798
25.858	2.651362859	0.40320111
25.858	4.744153972	0.321851236
25.858	3.129951901	0.402028745
25.858	5.825494256	0.210819059
25.858	2.025834129	0.367012261
25.858	6.500403774	0.07138648
25.858	1.335712748	0.160433686
25.858	4.59145836	0.332494816
25.858	3.275894047	0.398369135
25.858	5.98551161	0.190765667
25.858	1.879028345	0.349580873
25.858	5.263496135	0.277767389
25.858	2.615595796	0.40281717
25.858	5.904995715	0.201330751
25.858	1.954056227	0.359355892
25.858	4.297956715	0.352210149
25.858	3.568952087	0.389125313
25.858	5.664495357	0.232002122
25.858	2.192933366	0.382577281
25.858	4.635667311	0.328489723
25.858	3.22416375	0.398941389
25.858	5.128765586	0.288986791
25.858	2.739151049	0.403558663
45.858	5.689604311	0.22839125
45.858	2.163935306	0.380019317
45.858	3.994005127	0.370038359
45.858	3.875565055	0.376064862
45.858	5.519776469	0.245625831
45.858	2.316849833	0.38857515
45.858	5.64784092	0.23456842
45.858	2.213541879	0.384408965
45.858	6.404507423	0.103146116
45.858	1.432351718	0.222753299
45.858	4.287847718	0.353573622
45.858	3.58655781	0.389117898
45.858	4.851088245	0.310737535
45.858	2.998636794	0.401739576
45.858	3.979165294	0.3700392
45.858	3.881999859	0.374980448
45.858	4.108607108	0.362573115
45.858	3.748402104	0.380865875
45.858	4.057666325	0.364796583
45.858	3.792681421	0.378254308
45.858	4.671645646	0.325426554
45.858	3.184479537	0.399467963
45.858	5.449066851	0.256159446
45.858	2.407980628	0.394721716
45.858	5.230710766	0.277408657
45.858	2.620433891	0.400522164
45.858	4.425479895	0.344596095
45.858	3.447787784	0.393936117
45.858	3.950956253	0.372620398
45.858	3.922266863	0.374080725
45.858	5.272380458	0.274642449
45.858	2.588731079	0.40073278
45.858	4.452489189	0.342657688
45.858	3.419502259	0.394729308
45.858	5.767065144	0.219227198
45.858	2.089344417	0.373874328
45.858	5.133118427	0.286789057
45.858	2.719899531	0.40211181
45.858	6.494714438	0.076472596
45.858	1.34742588	0.171110639
45.858	4.411514687	0.34553627
45.858	3.461886789	0.39348442
45.858	4.118843075	0.361534268
45.858	3.733382421	0.381099475
45.858	5.751811885	0.221208608
45.858	2.104935499	0.37533686
45.858	4.884010324	0.307444918
45.858	2.960381387	0.401612556
45.858	5.520310783	0.245454179
45.858	2.315529347	0.388433692
45.858	5.082158385	0.292891586
45.858	2.783324859	0.403649461
45.858	4.561832034	0.334515128
45.858	3.304569368	0.397556371
45.858	5.382680082	0.263476676
45.858	2.477278987	0.39757193
45.858	5.126880058	0.286068119
45.858	2.715502226	0.401157356
45.858	5.954535148	0.189767456
45.858	1.879778944	0.346661034
45.858	3.958185417	0.371779619
45.858	3.909965433	0.37423317
45.858	4.276648495	0.353461545
45.858	3.589467281	0.388275485
45.858	4.840774962	0.312767177
45.858	3.019697808	0.402436498
45.858	4.345085228	0.349581132
45.858	3.525478383	0.391042659
45.858	5.75832653	0.217822957
45.858	2.082393758	0.371758596
45.858	5.830451584	0.210207259
45.858	2.021154662	0.366530674
45.858	5.409733364	0.261591421
45.858	2.457020294	0.397459262
45.858	6.111437912	0.162299387
45.858	1.711407784	0.314478999
45.858	4.152708207	0.361707713
45.858	3.721821697	0.383606754
45.858	5.654876707	0.233383598
45.858	2.20413885	0.383532018
45.858	5.085095005	0.290864643
45.858	2.765582851	0.402288368
45.858	5.054700117	0.295598907
45.858	2.813114705	0.403962888
45.858	4.710816666	0.32151513
45.858	3.13645288	0.399621606
45.858	4.26188994	0.353780074
45.858	3.598129138	0.387401836
45.858	5.742427633	0.218813061
45.858	2.091848012	0.372049545
45.858	5.288205157	0.273680052
45.858	2.577479462	0.400873161
45.858	5.090329808	0.291767617
45.858	2.771842613	0.403305597
45.858	5.520384537	0.248143524
45.858	2.334485365	0.39111946
45.858	5.650576793	0.230440275
45.858	2.185558249	0.380097478
45.858	4.10693645	0.363575621
45.858	3.759645765	0.381226176
45.858	3.963250422	0.372494268
45.858	3.915480525	0.374926726
45.858	6.067445834	0.176205466
45.858	1.786872372	0.333223852
45.858	5.596334736	0.23807883
45.858	2.248170915	0.385216475
45.858	4.502000282	0.339380973
45.858	3.370995045	0.396285066
45.858	5.002567556	0.297746959
45.858	2.844704856	0.402266918
45.858	4.061748452	0.367039086
45.858	3.81483977	0.379603409
45.858	5.450798377	0.253212694
45.858	2.386124577	0.392015806
45.858	4.201540213	0.358204081
45.858	3.666370617	0.385365775
45.858	5.743232093	0.222451938
45.858	2.114577465	0.37629455
45.858	4.58131712	0.333371384
45.858	3.28746444	0.398201858
45.858	5.891025166	0.199787707
45.858	1.948050964	0.356645837
45.858	5.383671726	0.263760814
45.858	2.479202988	0.397887997
45.858	5.750257479	0.218822191
45.858	2.090280803	0.372486943
45.858	4.433599101	0.341986207
45.858	3.419122387	0.393064751
45.858	6.411949358	0.097578206
45.858	1.415122837	0.212022298
45.858	4.196083258	0.357314897
45.858	3.659216277	0.384537053
45.858	5.733498821	0.222613045
45.858	2.117612621	0.37594468
45.858	5.100104297	0.288439651
45.858	2.741675032	0.401351872
45.858	4.553988583	0.333625203
45.858	3.298430027	0.396509674
45.858	5.586598368	0.240293227
45.858	2.265386026	0.386969483
45.858	5.110477629	0.28894309
45.858	2.743279801	0.402388338
45.858	4.005610933	0.36765073
45.858	3.844979869	0.375812053
45.858	5.877559823	0.204334979
45.858	1.976932095	0.361737374
45.858	6.440111502	0.084437713
45.858	1.375940296	0.186265664
45.858	4.453478504	0.342653402
45.858	3.419133246	0.394794671
45.858	6.193409015	0.148261493
45.858	1.633591859	0.295793097
45.858	5.908103946	0.198791133
45.858	1.938959209	0.356244677
45.858	4.343623795	0.349328995
45.858	3.523434714	0.390808598
45.858	5.217917775	0.277592061
45.858	2.624933986	0.399893986
45.858	4.020371236	0.368636376
45.858	3.849236266	0.377342971
45.858	4.416231128	0.345663727
45.858	3.461575962	0.393877805
45.858	5.87387996	0.204425209
45.858	1.978199166	0.361657609
45.858	4.680771696	0.325588065
45.858	3.18329976	0.400172623
45.858	5.062804653	0.294739172
45.858	2.803777306	0.40382928
45.858	5.366862021	0.263147701
45.858	2.478378404	0.396333164
45.858	6.515661318	0.060740229
45.858	1.312937538	0.137740724
45.858	5.961137351	0.190280983
45.858	1.881234594	0.347690655
45.858	6.211680915	0.149480609
45.858	1.635197511	0.298592776
45.858	5.138154187	0.288493062
45.858	2.732760222	0.403757274
45.858	6.340859453	0.115638751
45.858	1.483206386	0.244414618
45.858	4.551391668	0.333503427
45.858	3.298073216	0.396263404
45.858	4.676713594	0.327064445
45.858	3.198422986	0.400807564
45.858	3.958966401	0.370258913
45.858	3.893215254	0.373600615
45.858	6.462192151	0.0842617
45.858	1.371305103	0.186525493
45.858	5.006372179	0.299712209
45.858	2.860621164	0.403942298
45.858	5.329430971	0.269852729
45.858	2.538135004	0.400057669
45.858	6.395023784	0.10574723
45.858	1.441849952	0.227496639
45.858	5.300830455	0.271844013
45.858	2.560184965	0.400062435
45.858	6.357658575	0.109939257
45.858	1.461796458	0.234260336
45.858	4.172309331	0.358821261
45.858	3.684000641	0.383594215
45.858	6.4760555	0.076648237
45.858	1.351350421	0.170997596
45.858	5.834133841	0.207285767
45.858	2.003032015	0.36313219
45.858	4.357896323	0.346666377
45.858	3.491602704	0.390386981
45.858	6.108808984	0.167496669
45.858	1.736243678	0.322295612
45.858	5.25136573	0.275906718
45.858	2.603637839	0.400523716
45.858	5.965679973	0.191057588
45.858	1.884543264	0.348970093
45.858	5.024084662	0.296319786
45.858	2.82700251	0.402572475
45.858	4.282304366	0.353468698
45.858	3.587486678	0.388675777
45.858	6.010920513	0.184676111
45.858	1.841464268	0.342495704
45.858	5.639909237	0.234059043
45.858	2.211803432	0.383417027
45.858	6.295033572	0.130488822
45.858	1.543754339	0.269695128
45.858	6.493642174	0.069095998
45.858	1.33245101	0.155361879
45.858	5.943322497	0.191563622
45.858	1.891760032	0.348515487
45.858	4.295718588	0.352477225
45.858	3.572487043	0.389106388
45.858	4.141240241	0.361108747
45.858	3.720031595	0.382497041
45.858	5.320621199	0.267020436
45.858	2.518365199	0.397040002
45.858	6.160285121	0.160358638
45.858	1.692989798	0.313710985
45.858	5.064627785	0.2932248
45.858	2.7905135	0.402804386
45.858	4.539627324	0.334826458
45.858	3.314562908	0.3962379
45.858	4.116761834	0.364220981
45.858	3.762539608	0.382239361
45.858	6.320380554	0.118663192
45.858	1.497172535	0.24927822
45.858	5.344123432	0.267808441
45.858	2.519013051	0.399144887
45.858	5.787886861	0.21566102
45.858	2.062951234	0.370811868
45.858	5.997596064	0.185056369
45.858	1.84609968	0.342360715
45.858	5.123306412	0.28881836
45.858	2.739088016	0.403088876
45.858	5.579649247	0.238530563
45.858	2.254825671	0.384741135
45.858	6.262971333	0.138176023
45.858	1.579189144	0.281802561
45.858	4.554532349	0.336221755
45.858	3.323420263	0.398049019
45.858	6.352004921	0.116685354
45.858	1.484509069	0.246777178
45.858	4.437781252	0.342887848
45.858	3.426664597	0.393847978
45.858	5.492902485	0.252789597
45.858	2.373784753	0.394066036
45.858	5.008456883	0.297924063
45.858	2.844708116	0.402769087
45.858	5.56609307	0.243494477
45.858	2.291921184	0.389083771
45.858	6.029821519	0.178786357
45.858	1.807297395	0.335112302
45.858	4.720913474	0.322401369
45.858	3.141753457	0.400845327
45.858	5.173881108	0.284202716
45.858	2.688786145	0.402580599
45.858	6.346160571	0.11826018
45.858	1.490866315	0.249490943
45.858	4.914207598	0.306126764
45.858	2.940638445	0.402637119
45.858	4.899596455	0.306533741
45.858	2.948133533	0.401983113
45.858	5.314614242	0.270769394
45.858	2.548642581	0.399964103
45.858	5.67775159	0.228398733
45.858	2.166466562	0.379368536
45.858	5.908881504	0.197748634
45.858	1.932919457	0.354930287
45.858	4.144906553	0.361741764
45.858	3.725235254	0.383065906
45.858	5.474359144	0.254166482
45.858	2.387840693	0.394307208
45.858	5.655567845	0.233859075
45.858	2.207168818	0.384082454
45.858	4.933410356	0.30624471
45.858	2.936593564	0.403948562
45.858	5.202972562	0.280944921
45.858	2.655366409	0.401739062
45.858	5.944739128	0.194390813
45.858	1.906999394	0.352361682
45.858	5.577330251	0.241996559
45.858	2.279112675	0.388196356
45.858	6.366718703	0.114547546
45.858	1.474697351	0.243309014
45.858	5.661142295	0.229085162
45.858	2.174444093	0.379201002
45.858	4.48062122	0.339274357
45.858	3.376870046	0.394769743
45.858	5.454351792	0.254618101
45.858	2.395541721	0.393568309
45.858	5.000485427	0.300614232
45.858	2.869928244	0.404222837
45.858	4.9699225	0.303674872
45.858	2.904459031	0.404471968
45.858	5.420183124	0.257701182
45.858	2.425749827	0.394473703
45.858	5.172688844	0.281557435
45.858	2.667592472	0.400377376
45.858	6.450883049	0.084910896
45.858	1.375012456	0.187546401
45.858	4.048655922	0.367727611
45.858	3.827625481	0.378976033
45.858	4.142249416	0.362553899
45.858	3.734828557	0.383267703
45.858	4.746436707	0.320610531
45.858	3.117786868	0.401393415
45.858	6.205363339	0.1513657
45.858	1.644466097	0.301393569
45.858	4.639798703	0.327525461
45.858	3.213783018	0.398633166
45.858	5.571053603	0.239891655
45.858	2.265971304	0.385667726
45.858	4.574346215	0.334088463
45.858	3.296547765	0.398151296
45.858	5.081909526	0.292661066
45.858	2.781445058	0.403459153
45.858	4.930348789	0.306816519
45.858	2.942454226	0.404150459
45.858	4.93982913	0.305117175
45.858	2.924970149	0.403570432
45.858	4.491358345	0.340039539
45.858	3.380908025	0.395930397
45.858	5.185800914	0.280878742
45.858	2.658950584	0.400631567
45.858	4.407380053	0.34475633
45.858	3.455482384	0.39277786
45.858	4.240950625	0.355975366
45.858	3.628464999	0.387039826
45.858	5.075681455	0.293775643
45.858	2.792399981	0.403912222
45.858	6.400716621	0.098022358
45.858	1.41850196	0.212544446
45.858	4.358473458	0.349318733
45.858	3.518152739	0.391834249
45.858	4.00682259	0.369573296
45.858	3.865062102	0.37678719
45.858	4.181730292	0.36012783
45.858	3.694008448	0.384906115
45.858	5.670099198	0.228578507
45.858	2.169247896	0.379141353
45.858	4.540006822	0.336564473
45.858	3.331321904	0.397264158
45.858	4.996600934	0.299658693
45.858	2.862667183	0.403285082
45.858	6.440266207	0.088500088
45.858	1.385834788	0.19460424
45.858	6.069356589	0.174849572
45.858	1.779730386	0.331341597
45.858	6.478374291	0.082575368
45.858	1.364253135	0.183478539
45.858	5.001922695	0.299828457
45.858	2.862764767	0.403745146
45.858	4.121057719	0.361247572
45.858	3.729491543	0.381119388
45.858	5.356483466	0.264916861
45.858	2.494118105	0.397310182
45.858	4.434551402	0.344007801
45.858	3.438886154	0.394239037
45.858	6.330773188	0.119819659
45.858	1.499072646	0.25179982
45.858	5.13082261	0.28763017
45.858	2.727402393	0.402629099
45.858	5.131546527	0.289219558
45.858	2.740408136	0.403911878
45.858	4.231590429	0.355502202
45.858	3.627066771	0.386141154
45.858	5.499621594	0.248758915
45.858	2.343389856	0.390525542
45.858	5.550394431	0.243825302
45.858	2.297607141	0.388519841
45.858	5.031437028	0.294807298
45.858	2.812279468	0.401909804
45.858	3.97195122	0.370423681
45.858	3.889285686	0.37462767
45.858	4.53834408	0.335038589
45.858	3.317023017	0.396273846
45.858	4.459929544	0.341554262
45.858	3.406113805	0.394629323
45.858	6.264070796	0.137814571
45.858	1.577563331	0.281226648
45.858	4.843374021	0.312516999
45.858	3.016729836	0.402437576
45.858	4.455284283	0.340078898
45.858	3.393095542	0.393490746
45.858	4.396881457	0.346742825
45.858	3.478953062	0.393124289
45.858	6.288155524	0.132863982
45.858	1.553939365	0.273607559
45.858	4.608248646	0.329101082
45.858	3.238300086	0.397477431
45.858	5.941011075	0.194233887
45.858	1.906875156	0.351962585
45.858	3.969934337	0.369664492
45.858	3.882003266	0.374133241
45.858	6.160672909	0.155429792
45.858	1.670823888	0.305947021
45.858	6.209667513	0.150952318
45.858	1.641861857	0.300910251
45.858	5.372929505	0.26420873
45.858	2.485017019	0.397653382
45.858	6.002033381	0.18530331
45.858	1.846521424	0.342924918
45.858	6.15145635	0.15785551
45.858	1.683398184	0.309377174
45.858	4.989908133	0.299907187
45.858	2.866536442	0.403041371
45.858	5.91256996	0.194876927
45.858	1.916143287	0.351355082
45.858	4.831643409	0.314480392
45.858	3.037705734	0.402982981
45.858	6.18553034	0.14913637
45.858	1.638812536	0.29688384
45.858	6.16179016	0.153106845
45.858	1.660448014	0.302277708
45.858	4.062453969	0.366477212
45.858	3.808553957	0.379391806
45.858	5.585925652	0.238521518
45.858	2.253414175	0.385088487
45.858	6.427278075	0.099592102
45.858	1.417819965	0.216510016
45.858	6.516162329	0.056349443
45.858	1.305582393	0.128108139
45.858	6.297173559	0.128396291
45.858	1.53566946	0.266059773
45.858	5.315320903	0.27044978
45.858	2.545998489	0.39972921
45.858	4.523999641	0.336857938
45.858	3.339255876	0.39634844
45.858	4.544336161	0.335195289
45.858	3.316648231	0.396769385
45.858	4.277727263	0.353141546
45.858	3.585795139	0.388187313
45.858	5.444023134	0.257682789
45.858	2.420308787	0.395859488
45.858	6.476869368	0.070455656
45.858	1.338331157	0.157873384
45.858	5.875663082	0.202258375
45.858	1.965290559	0.359007898
45.858	6.282823638	0.135247365
45.858	1.564021947	0.277556687
45.858	6.06934556	0.175058656
45.858	1.780772538	0.331646324
45.858	5.454878741	0.256829264
45.858	2.41161868	0.395694904
45.858	4.619633937	0.330331779
45.858	3.246552467	0.398975797
45.858	5.760890198	0.216530418
45.858	2.073865604	0.370378641
45.858	5.977109625	0.187184624
45.858	1.861433484	0.34427511
45.858	4.817092134	0.313864663
45.858	3.036147231	0.401630288
45.858	5.732612991	0.221301491
45.858	2.109493145	0.374392741
45.858	4.289731604	0.353513512
45.858	3.585260908	0.389219115
45.858	5.263162578	0.275899335
45.858	2.600814685	0.401234279
45.858	4.715012049	0.32266849
45.858	3.14595161	0.400623798
45.858	5.742105954	0.221320617
45.858	2.107646207	0.374934657
45.858	5.528432705	0.246282925
45.858	2.319581832	0.389732389
45.858	4.408415628	0.344981544
45.858	3.457382144	0.392971199
45.858	5.587202035	0.239605809
45.858	2.260543373	0.386290809
45.858	5.607756136	0.235113725
45.858	2.22570366	0.382731661
45.858	6.236020555	0.138365733
45.858	1.585141279	0.281007246
45.858	6.332208206	0.119688916
45.858	1.498353863	0.251612659
45.858	6.326125013	0.120992602
45.858	1.503963227	0.253781264
45.858	4.908823244	0.308543499
45.858	2.963477584	0.403963562
45.858	5.14406484	0.285235444
45.858	2.704462506	0.401562464
45.858	5.06842242	0.294461005
45.858	2.800013257	0.403972929
45.858	5.739811599	0.222698349
45.858	2.116849156	0.376388674
45.858	5.05924912	0.294735511
45.858	2.804637691	0.403603519
45.858	5.875180941	0.204284578
45.858	1.977117953	0.361548796
45.858	4.559116648	0.333331657
45.858	3.293991762	0.396684078
45.858	4.390889192	0.346600821
45.858	3.479566064	0.392634664
45.858	4.742019526	0.32188079
45.858	3.130836923	0.401907083
45.858	4.715513189	0.323092994
45.858	3.149764469	0.400922613
45.858	6.345178601	0.115353289
45.858	1.481443553	0.244038283
45.858	5.585061749	0.241567015
45.858	2.274489057	0.388196495
45.858	5.938535021	0.194886295
45.858	1.9109829	0.352700129
45.858	5.540261888	0.243757984
45.858	2.29933332	0.387869941
45.858	5.122320119	0.288996343
45.858	2.740808368	0.403165795
45.858	4.146985562	0.359923806
45.858	3.70537255	0.382330038
45.858	5.638062281	0.232137634
45.858	2.199409538	0.381242791
45.858	5.634675833	0.235064655
45.858	2.219648263	0.384197998
45.858	5.779703303	0.216084176
45.858	2.06723508	0.370870718
45.858	4.451595906	0.341106061
45.858	3.404435843	0.393810658
45.858	6.271411772	0.136629394
45.858	1.571540388	0.279485569
45.858	6.248531524	0.139914931
45.858	1.588826037	0.284176434
45.858	4.11350006	0.362905962
45.858	3.74994519	0.381377052
45.858	5.110745026	0.290728911
45.858	2.758096317	0.403783416
45.858	5.53034259	0.246807315
45.858	2.322864166	0.390366383
45.858	5.183261137	0.282774376
45.858	2.674896447	0.402011602
45.858	6.190156804	0.148988955
45.858	1.637288669	0.296844877
45.858	5.395931725	0.261380772
45.858	2.458534008	0.396448896
45.858	5.848729831	0.207213923
45.858	1.999639309	0.363816715
45.858	4.45753771	0.341051762
45.858	3.401936255	0.394187002
45.858	4.417401082	0.345024681
45.858	3.454782873	0.39361303
45.858	6.107688992	0.165413377
45.858	1.726616673	0.31908115
45.858	5.7694549	0.21528211
45.858	2.064417927	0.369365739
45.858	4.471139287	0.34188755
45.858	3.405738751	0.395579735
45.858	5.419488955	0.259520846
45.858	2.43937953	0.396127681
45.858	6.510435852	0.060781815
45.858	1.314002984	0.137721685
45.858	4.778728331	0.318077404
45.858	3.085269078	0.401886721
45.858	5.940257055	0.194681334
45.858	1.909502542	0.352517131
45.858	5.986841977	0.185382901
45.858	1.849955331	0.342276982
45.858	5.489110424	0.252380556
45.858	2.371654004	0.393450152
45.858	5.108660542	0.289422759
45.858	2.747714471	0.402646893
45.858	5.443240665	0.254915179
45.858	2.400173992	0.39320017
45.858	6.117137879	0.167741726
45.858	1.735787087	0.323057978
45.858	6.207632076	0.147227661
45.858	1.62649971	0.294707896
45.858	5.999635368	0.186008913
45.858	1.850722765	0.343782942
45.858	5.111017682	0.290459301
45.858	2.755775181	0.403593176
45.858	6.401881722	0.098570549
45.858	1.419801414	0.213667383
45.858	4.717357578	0.322623183
45.858	3.144849107	0.400750088
45.858	5.13623317	0.288567558
45.858	2.733846353	0.40369615
45.858	4.273821735	0.354260223
45.858	3.598698428	0.388484594
45.858	6.328975377	0.120416259
45.858	1.50144643	0.252830291
45.858	4.269589852	0.353870389
45.858	3.59623589	0.387988884
45.858	4.878521163	0.311109699
45.858	2.994524033	0.403762375
45.858	4.550474599	0.33438512
45.858	3.306871373	0.39671479
45.858	5.832306914	0.211096207
45.858	2.026117727	0.367713619
45.858	5.263172248	0.273025664
45.858	2.578189891	0.398799459
45.858	5.954792821	0.193313944
45.858	1.89905342	0.351443049
45.858	6.233943244	0.143064729
45.858	1.60427687	0.288895884
45.858	4.825687741	0.315461695
45.858	3.048267147	0.403243052
45.858	4.725711655	0.320926215
45.858	3.126670261	0.400230849
45.858	5.592975047	0.241205763
45.858	2.270307146	0.388275706
45.858	6.078503938	0.169925235
45.858	1.753819838	0.324509842
45.858	4.945396542	0.305632747
45.858	2.928047625	0.404287178
45.858	4.792068978	0.315707054
45.858	3.059850561	0.401215764
45.858	5.791795154	0.213761537
45.858	2.05052395	0.368758333
45.858	4.830443483	0.313373595
45.858	3.028013526	0.402171019
45.858	4.389006759	0.346691667
45.858	3.481121803	0.392553324
45.858	4.3766123	0.347033747
45.858	3.488811255	0.391879532
45.858	6.173997951	0.157028677
45.858	1.675323482	0.309090179
45.858	4.784480473	0.318922703
45.858	3.091426745	0.402807276
45.858	5.337857502	0.268321771
45.858	2.524389392	0.399221948
45.858	4.074176098	0.365896184
45.858	3.797545458	0.379966186
45.858	4.134985177	0.362496518
45.858	3.737085478	0.382720398
45.858	5.054162095	0.294304671
45.858	2.802266481	0.402961333
45.858	3.930315278	0.371806073
45.858	3.922654179	0.372195473
45.858	4.99513381	0.299748283
45.858	2.863817713	0.403257196
45.858	6.099528312	0.165316122
45.858	1.727762559	0.318551617
45.858	5.895921148	0.201495233
45.858	1.956819838	0.359093088
45.858	4.313862758	0.351889649
45.858	3.559989217	0.390071158
45.858	5.221426456	0.279376527
45.858	2.638358396	0.401584128
45.858	6.43168879	0.0954765
45.858	1.405618882	0.208453491
45.858	6.048572621	0.176775423
45.858	1.793438155	0.333133882
45.858	4.210676973	0.356126453
45.858	3.641374749	0.384976902
45.858	4.161653814	0.360833881
45.858	3.709160854	0.38382101
45.858	6.297706636	0.126256009
45.858	1.527851222	0.262247918
45.858	6.464168097	0.078581011
45.858	1.357856067	0.174749098
45.858	5.039170688	0.295584271
45.858	2.81690759	0.402976016
45.858	4.144745913	0.36086895
45.858	3.716138534	0.382631103
45.858	6.3554099	0.119406267
45.858	1.492958449	0.251958965
45.858	5.29412265	0.272365168
45.858	2.565805374	0.400105869
45.858	4.141523423	0.36125993
45.858	3.721505677	0.382590665
45.858	4.578125199	0.333599682
45.858	3.290654805	0.398120611
45.858	6.013748803	0.184838987
45.858	1.841762868	0.342863352
45.858	5.007808691	0.297207619
45.858	2.838744498	0.402201475
45.858	5.826607116	0.211322192
45.858	2.02863578	0.367683737
45.858	6.110308662	0.163919439
45.858	1.719123045	0.316919293
45.858	3.987358339	0.368798121
45.858	3.865117156	0.375010386
45.858	4.236908118	0.356514304
45.858	3.63554176	0.387025277
45.858	5.610253047	0.235831453
45.858	2.229992471	0.383635374
45.858	4.814082136	0.316225344
45.858	3.058436596	0.40298905
45.858	4.814264753	0.313455186
45.858	3.033232399	0.401174658
45.858	6.109960985	0.168037417
45.858	1.738596319	0.323166349
45.858	3.988077673	0.369141325
45.858	3.868484837	0.375220828
45.858	4.633092643	0.327845404
45.858	3.218833747	0.398380041
45.858	6.228073005	0.144915901
45.858	1.612969311	0.291748916
45.858	6.026743964	0.181498919
45.858	1.821794941	0.338820207
45.858	4.035987482	0.367321224
45.858	3.828576213	0.377868335
45.858	4.411214708	0.344852883
45.858	3.455150185	0.393094246
45.858	4.340680024	0.349869021
45.858	3.52994218	0.390887476
45.858	5.201150349	0.282613544
45.858	2.669310561	0.402980992
45.858	4.253043544	0.353411561
45.858	3.597610588	0.386591435
45.858	4.393248627	0.345288862
45.858	3.465608957	0.39209181
45.858	4.80494808	0.315547004
45.858	3.054790653	0.40195013
45.858	5.806653136	0.214527355
45.858	2.052161724	0.370474587
45.858	5.779063991	0.218553662
45.858	2.08267666	0.373741131
45.858	5.483186553	0.251063671
45.858	2.363467359	0.391828186
45.858	5.297381018	0.269685355
45.858	2.544228171	0.397984072
45.858	6.129988786	0.161784508
45.858	1.705404776	0.314538806
45.858	4.948268861	0.305040382
45.858	2.922080815	0.404055337
45.858	5.177244593	0.281576777
45.858	2.666646344	0.400673251
45.858	5.395650723	0.260925255
45.858	2.455190023	0.396014261
45.858	4.877255805	0.30845858
45.858	2.971194027	0.40187556
45.858	4.170852255	0.360061951
45.858	3.697510772	0.384099824
45.858	3.976934746	0.369339594
45.858	3.875454896	0.374496956
45.858	3.997176678	0.369162751
45.858	3.864787249	0.375895182
45.858	4.589342374	0.332342885
45.858	3.275084751	0.398137681
45.858	6.023517849	0.180655077
45.858	1.818087479	0.337465923
45.858	5.746744853	0.219816816
45.858	2.097226504	0.37345142
45.858	4.866197305	0.310884447
45.858	2.995834578	0.402815083
45.858	4.440501129	0.343328375
45.858	3.430138843	0.394276014
45.858	6.074924647	0.170031627
45.858	1.75503805	0.324498445
45.858	3.947885468	0.372450444
45.858	3.921784305	0.373778697
45.858	4.203046941	0.356546636
45.858	3.648611064	0.384647143
45.858	5.025536886	0.296731039
45.858	2.830139321	0.402968355
45.858	4.041554808	0.367019847
45.858	3.823025838	0.378131853
45.858	4.106314983	0.363860437
45.858	3.762906225	0.381317413
45.858	6.204254058	0.148238384
45.858	1.631388219	0.296227828
45.858	5.205348753	0.280042313
45.858	2.647530678	0.401147066
45.858	6.057539375	0.173064391
45.858	1.773233603	0.32815706
45.858	4.663462837	0.327968287
45.858	3.210903446	0.40047689
45.858	6.137409812	0.163480613
45.858	1.711790279	0.317502728
45.858	4.236435232	0.357168057
45.858	3.64249455	0.387318866
45.858	5.025536782	0.295750172
45.858	2.821784494	0.402241234
45.858	4.547774149	0.333717705
45.858	3.301278471	0.396144234
45.858	5.162429051	0.284683109
45.858	2.695477411	0.402257776
45.858	5.364642638	0.266018385
45.858	2.500648503	0.398782625
45.858	4.46603145	0.341479344
45.858	3.403368328	0.395004874
45.858	5.263318461	0.272715932
45.858	2.575734145	0.398543528
45.858	4.843993476	0.313280284
45.858	3.02344848	0.4029873
45.858	4.261331541	0.355232365
45.858	3.613275093	0.388100225
45.858	5.338523664	0.265215106
45.858	2.500489416	0.39650495
45.858	4.893080468	0.308054569
45.858	2.963339556	0.402616159
45.858	6.161309472	0.154697805
45.858	1.667481427	0.304807185
45.858	4.812220576	0.315624327
45.858	3.05347182	0.402474264
45.858	4.45530282	0.340542093
45.858	3.397648277	0.393750536
45.858	5.175716435	0.282349436
45.858	2.673266612	0.401204641
45.858	4.796319761	0.31675748
45.858	3.068240233	0.402179269
45.858	5.670564394	0.228607957
45.858	2.169341938	0.37919978
45.858	6.181769513	0.152075306
45.858	1.652090572	0.301501262
45.858	5.551871768	0.244358606
45.858	2.301009627	0.389144937
45.858	5.577435702	0.238763497
45.858	2.256888957	0.384858305
45.858	5.847851324	0.207125717
45.858	1.999296858	0.363660715
45.858	6.152634781	0.161168773
45.858	1.698172752	0.314624289
45.858	6.285494366	0.131797145
45.858	1.550449779	0.271624142
45.858	4.158416302	0.358882467
45.858	3.690039176	0.382634551
45.858	5.032558716	0.297710893
45.858	2.836738194	0.404133264
45.858	5.555676827	0.243357384
45.858	2.293208648	0.38834745
45.858	4.642743989	0.328275837
45.858	3.220004984	0.39928403
45.858	4.892695485	0.307577708
45.858	2.959215459	0.402262721
45.858	5.369731814	0.264724218
45.858	2.489648398	0.39792699
45.858	4.389663587	0.346326338
45.858	3.477227766	0.392402879
45.858	6.409910676	0.094669315
45.858	1.407610498	0.206157
45.858	5.567537464	0.2399295
45.858	2.266989429	0.385506478
45.858	6.167700542	0.155006219
45.858	1.667590182	0.305586664
45.858	4.8849838	0.308462619
45.858	2.969141608	0.402375874
45.858	5.996623327	0.186290642
45.858	1.852810902	0.34402177
45.858	4.370814512	0.348402892
45.858	3.504613642	0.392206224
45.858	6.008288987	0.180501945
45.858	1.820321848	0.336499269
45.858	6.448831182	0.089538136
45.858	1.386815159	0.196975064
45.858	4.380038154	0.347911109
45.858	3.496474685	0.39258375
45.858	6.316325225	0.120375445
45.858	1.503742507	0.252279109
45.858	5.282492914	0.270877961
45.858	2.556930449	0.398121797
45.858	6.435312337	0.092418404
45.858	1.396801311	0.202413438
45.858	5.495478399	0.250245555
45.858	2.3549041	0.391744727
45.858	6.029410254	0.178446488
45.858	1.805654282	0.334605472
45.858	5.663517456	0.232179268
45.858	2.194313267	0.382714729
45.858	6.453123687	0.085368592
45.858	1.375686488	0.188553679
45.858	5.413978469	0.258948535
45.858	2.436362138	0.395271235
45.858	4.372971216	0.347310751
45.858	3.492853	0.391775383
45.858	4.066816426	0.365579418
45.858	3.797201364	0.379285526
45.858	4.058032567	0.365892994
45.858	3.804163226	0.378797913
45.858	4.195526967	0.35954241
45.858	3.682611109	0.385599323
45.858	5.380041328	0.262140304
45.858	2.467813006	0.396200725
45.858	4.665401952	0.327714502
45.858	3.207921949	0.400451859
45.858	5.430822713	0.256551929
45.858	2.414916005	0.394020609
45.858	4.745859568	0.319127707
45.858	3.104266647	0.400409212
45.858	4.896653794	0.309511391
45.858	2.975349872	0.403844441
45.858	5.722782208	0.22365812
45.858	2.12648911	0.376546237
45.858	6.461678293	0.081616712
45.858	1.365201428	0.181022863
45.858	5.800149675	0.211779769
45.858	2.036797561	0.366821811
45.858	4.471130113	0.338962895
45.858	3.376919542	0.393947197
45.858	5.775848335	0.214276937
45.858	2.056949293	0.368514901
45.858	4.092657161	0.364248178
45.858	3.772522477	0.380519547
45.858	5.995010041	0.182172905
45.858	1.831570033	0.338202909
45.858	4.067791205	0.365877373
45.858	3.799967415	0.379496177
45.858	3.978896928	0.369335453
45.858	3.874555061	0.374638646
45.858	5.27268904	0.271916257
45.858	2.567296293	0.398424843
45.858	5.962771729	0.189628096
45.858	1.877381436	0.346888685
45.858	4.171493543	0.359675585
45.858	3.693224661	0.383956248
45.858	4.645666022	0.326927548
45.858	3.20636895	0.398660345
45.858	4.309773766	0.349685698
45.858	3.539035616	0.388638197
45.858	4.917313483	0.304925655
45.858	2.929247991	0.401996212
45.858	5.020235541	0.296044026
45.858	2.82563792	0.402125399
45.858	4.908000493	0.306108034
45.858	2.942129398	0.402226177
45.858	5.603443934	0.239435386
45.858	2.255910459	0.387037097
45.858	4.442192053	0.342160382
45.858	3.417981314	0.393750094
45.858	5.034280271	0.29623822
45.858	2.82371366	0.403154215
45.858	5.216966075	0.280488105
45.858	2.648353662	0.402223232
45.858	5.303210571	0.271472008
45.858	2.556735721	0.399885138
45.858	6.345263725	0.117122604
45.858	1.487247453	0.247343873
45.858	4.967706284	0.301615373
45.858	2.887080621	0.402863368
45.858	4.690018734	0.322909054
45.858	3.155500612	0.399123313
45.858	4.044178964	0.367401312
45.858	3.82600212	0.378499851
45.858	4.134588759	0.361825968
45.858	3.730185731	0.382368658
45.858	6.167587851	0.153206225
45.858	1.6597468	0.302695811
45.858	4.543325032	0.334900621
45.858	3.314112142	0.396530722
45.858	6.178295899	0.15236285
45.858	1.654007327	0.30181217
45.858	4.628331474	0.328206564
45.858	3.223695274	0.398280856
45.858	5.679419465	0.226649272
45.858	2.154763714	0.377517662
45.858	4.283301355	0.353121578
45.858	3.583566722	0.388567899
45.858	6.332049997	0.117666141
45.858	1.491591264	0.24786594
45.858	4.960889592	0.303446472
45.858	2.904808814	0.403735162
45.858	6.477376157	0.069849122
45.858	1.337033201	0.156588984
45.858	4.670936031	0.327493279
45.858	3.204187682	0.400685105
45.858	6.03067311	0.179999033
45.858	1.813311448	0.336885099
45.858	5.256876706	0.274642281
45.858	2.592358538	0.399792196
45.858	5.133721122	0.287318667
45.858	2.72411981	0.402564891
45.858	5.136188715	0.288790148
45.858	2.735705914	0.403866544
45.858	5.992999237	0.183803016
45.858	1.840442639	0.340386694
45.858	5.376983992	0.264205696
45.858	2.48407791	0.397891961
45.858	6.397849609	0.107006938
45.858	1.445105393	0.230030739
45.858	4.8698895	0.312037203
45.858	3.005192207	0.403830363
45.858	4.322063467	0.349647119
45.858	3.53426286	0.389475168
45.858	4.520632169	0.336522798
45.858	3.337065546	0.395928552
45.858	5.622974249	0.233429607
45.858	2.211198571	0.381788496
45.858	5.363715035	0.262602365
45.858	2.474991625	0.395650987
45.858	6.205984804	0.150052326
45.858	1.638727638	0.299279017
45.858	4.904052696	0.307500997
45.858	2.955491942	0.402939256
45.858	5.955810613	0.189891856
45.858	1.880195054	0.346894138
45.858	6.584271951	0.020944393
45.858	1.254012069	0.048762957
45.858	6.151524372	0.156098956
45.858	1.675565347	0.30659986
45.858	4.344455636	0.349147165
45.858	3.521302036	0.390770723
45.858	5.981040318	0.187545268
45.858	1.862572771	0.344967574
45.858	5.383333006	0.261202252
45.858	2.460040996	0.395538399
45.858	4.381357544	0.347380803
45.858	3.490674587	0.392392848
45.858	4.035651059	0.367821586
45.858	3.834065454	0.378076428
45.858	4.810096307	0.315184212
45.858	3.05005729	0.402046891
45.858	4.329423221	0.350479602
45.858	3.540105505	0.390423497
45.858	5.062560169	0.292473944
45.858	2.784713398	0.402106382
45.858	4.318418449	0.350777023
45.858	3.54702816	0.389811625
45.858	6.068791567	0.173901536
45.858	1.775142578	0.32992695
45.858	4.886323718	0.308213561
45.858	2.966568616	0.402290996
45.858	6.558143955	0.023250041
45.858	1.260406845	0.053886045
45.858	5.889798018	0.198504903
45.858	1.941032287	0.354924445
45.858	4.890576698	0.307733638
45.858	2.961166798	0.402234092
45.858	4.668035308	0.327906307
45.858	3.208960799	0.400743179
45.858	6.141000336	0.16306722
45.858	1.709174961	0.317031482
45.858	4.958317238	0.304006326
45.858	2.910379317	0.403967628
45.858	4.543012899	0.336245036
45.858	3.327263123	0.397284288
45.858	4.96212795	0.301885628
45.858	2.890883037	0.402702156
45.858	5.123210939	0.288797755
45.858	2.738940329	0.403066939
45.858	6.387034559	0.104283113
45.858	1.439027237	0.224384104
45.858	5.199323496	0.282227587
45.858	2.666612837	0.402556891
45.858	6.309881514	0.12640505
45.858	1.526041475	0.262990713
45.858	6.293177877	0.132209074
45.858	1.550514995	0.27265876
45.858	5.732835231	0.220174984
45.858	2.102359544	0.373106072
45.858	5.784453539	0.21619228
45.858	2.066926372	0.371255684
45.858	4.175243388	0.357905383
45.858	3.673346264	0.383350064
45.858	4.928234262	0.305806965
45.858	2.934098305	0.403312119
45.858	4.836913777	0.312233056
45.858	3.01594789	0.401828933
45.858	6.268289294	0.130919607
45.858	1.550507957	0.269387389
45.858	6.143515966	0.162420039
45.858	1.705694064	0.316147239
45.858	3.938024475	0.371706457
45.858	3.918122817	0.372718253
45.858	4.99503941	0.298861125
45.858	2.856202187	0.402605928
45.858	5.455639465	0.256085818
45.858	2.40598774	0.395037596
45.858	4.767570352	0.317244832
45.858	3.080797945	0.400617983
45.858	5.871413351	0.202604172
45.858	1.968143199	0.359224915
45.858	6.293632788	0.133253445
45.858	1.554358598	0.274512689
45.858	5.087123198	0.291733662
45.858	2.772354246	0.403079477
45.858	5.132823663	0.288222446
45.858	2.731815373	0.40321581
45.858	6.391112358	0.104023395
45.858	1.43748145	0.224016038
45.858	6.009483208	0.181311012
45.858	1.824241343	0.337703253
45.858	5.799463985	0.214216939
45.858	2.051730666	0.369716324
45.858	5.77043534	0.217652206
45.858	2.078836809	0.372216272
45.858	4.346324182	0.347779928
45.858	3.506842086	0.390177515
45.858	5.43836672	0.254483004
45.858	2.398112999	0.392502952
45.858	4.107779621	0.362749762
45.858	3.750594814	0.380891294
45.858	5.313690053	0.271629715
45.858	2.55555186	0.400652765
45.858	5.461042509	0.254460283
45.858	2.392912273	0.39380939
45.858	5.72765302	0.222988329
45.858	2.121210208	0.376051906
45.858	4.696880392	0.324516672
45.858	3.168507903	0.400577876
45.858	6.135064107	0.163951224
45.858	1.71443523	0.318118183
45.858	4.06739812	0.366269443
45.858	3.804302558	0.379651865
45.858	4.107049813	0.362872989
45.858	3.752186531	0.380898003
45.858	6.563087169	0.033811022
45.858	1.267973354	0.078190639
45.858	5.714136918	0.225942113
45.858	2.142940005	0.378648618
45.858	4.214929517	0.358491423
45.858	3.664299708	0.386456513
45.858	5.072528987	0.293672623
45.858	2.79231546	0.403637219
45.858	4.880517135	0.308025702
45.858	2.966470037	0.401788099
45.858	6.243778941	0.142235497
45.858	1.599025032	0.287915113
45.858	5.446172268	0.255436039
45.858	2.403324955	0.393866854
45.858	6.111680373	0.168149989
45.858	1.73879882	0.323417179
45.858	5.453973675	0.253496926
45.858	2.387477546	0.392474241
45.858	4.410039198	0.344932307
45.858	3.456341063	0.39305634
45.858	4.04475686	0.366345641
45.858	3.814502238	0.378048874
45.858	4.567187506	0.334532674
45.858	3.30306965	0.397927447
45.858	4.375032452	0.345571329
45.858	3.474688107	0.390985701
45.858	5.55334552	0.242384792
45.858	2.286963377	0.387222127
45.858	4.728189179	0.322867613
45.858	3.143998863	0.401617124
45.858	4.851132352	0.311045794
45.858	3.001385295	0.401950753
45.858	5.558048935	0.242221603
45.858	2.284816993	0.387324487
45.858	5.388269469	0.262039501
45.858	2.465197761	0.396597129
45.858	4.793291793	0.31788919
45.858	3.079454218	0.402716332
45.858	6.037672764	0.180089261
45.858	1.812394033	0.337357202
45.858	4.988157861	0.299836373
45.858	2.866377595	0.402879121
45.858	6.562020113	0.03861713
45.858	1.273092295	0.089138253
45.858	5.505009857	0.248963731
45.858	2.343667621	0.391039614
45.858	4.434574405	0.342396759
45.858	3.422862039	0.393358005
45.858	5.509522723	0.25026758
45.858	2.351996245	0.392581398
45.858	4.823503272	0.312537639
45.858	3.022393919	0.401163066
45.858	5.562022523	0.24346924
45.858	2.292620057	0.3888249
45.858	5.951001948	0.19445163
45.858	1.906089317	0.352763025
45.858	6.521091481	0.066461408
45.858	1.322194186	0.150317478
45.858	5.173498255	0.285220491
45.858	2.697208581	0.403368105
45.858	6.351769826	0.110962415
45.858	1.466124489	0.235998563
45.858	5.775040778	0.218246495
45.858	2.081585928	0.373163077
45.858	6.167633486	0.153986626
45.858	1.663136001	0.303951442
45.858	4.700169446	0.324669124
45.858	3.168976806	0.400889786
45.858	4.396058737	0.345876214
45.858	3.470531404	0.392602384
45.858	4.531296187	0.335021313
45.858	3.319092008	0.395787132
45.858	6.439607371	0.085080328
45.858	1.377575068	0.18757506
45.858	4.915563089	0.307350845
45.858	2.951096089	0.403573827
45.858	4.442518085	0.342113417
45.858	3.417407724	0.393746532
45.858	4.559800497	0.332774882
45.858	3.288419893	0.396404181
45.858	5.0924148	0.289504441
45.858	2.752421503	0.401698243
45.858	4.489657746	0.338217549
45.858	3.363574919	0.394789198
45.858	5.744429121	0.21819176
45.858	2.087565155	0.371433915
45.858	4.521836366	0.337269426
45.858	3.343958927	0.396436613
45.858	4.74223975	0.318841961
45.858	3.102678546	0.399988229
45.858	4.670551908	0.325851834
45.858	3.188803021	0.399656824
45.858	6.062302162	0.172039268
45.858	1.767272654	0.326875196
45.858	6.247608134	0.14333821
45.858	1.602755532	0.289937922
45.858	4.640768891	0.328602666
45.858	3.223700698	0.399349726
45.858	4.12227658	0.36187363
45.858	3.735574472	0.381509751
45.858	5.325603826	0.26919952
45.858	2.533959891	0.399257115
45.858	6.549172179	0.034109111
45.858	1.270902599	0.07870327
45.858	4.51179443	0.338767691
45.858	3.361829667	0.396605054
45.858	6.295811821	0.125768082
45.858	1.526476913	0.261296648
45.858	5.478722309	0.250971081
45.858	2.363785916	0.391478289
45.858	4.394986157	0.344032426
45.858	3.452480878	0.391530336
45.858	6.371670942	0.109266096
45.858	1.457019798	0.233466156
45.858	4.397411803	0.343981651
45.858	3.451147361	0.391669963
45.858	6.301268972	0.127089755
45.858	1.530154875	0.263883788
45.858	5.753657639	0.218571154
45.858	2.088012264	0.372379416
45.858	5.179939777	0.283918681
45.858	2.685010222	0.402726535
45.858	4.320036484	0.350415735
45.858	3.542780431	0.389736078
45.858	4.011300095	0.369824792
45.858	3.865858494	0.377228687
45.858	5.394931766	0.262385761
45.858	2.466300564	0.397308202
45.858	5.004676863	0.297781235
45.858	2.84445556	0.402425408
45.858	4.784834781	0.317888843
45.858	3.081820429	0.402163922
45.858	4.690995448	0.324446163
45.858	3.169571563	0.400144819
45.858	4.776311128	0.317916695
45.858	3.084476019	0.401624845
45.858	5.038802579	0.294004463
45.858	2.803614902	0.40177131
45.858	6.107987366	0.164734615
45.858	1.723378754	0.318059193
45.858	5.186042048	0.280522729
45.858	2.656026196	0.400356049
45.858	5.315162092	0.271242215
45.858	2.552194286	0.400406592
45.858	4.525838731	0.33775599
45.858	3.347440144	0.39698473
45.858	6.024344086	0.179818538
45.858	1.813639278	0.336317393
45.858	5.097683408	0.291362458
45.858	2.766622757	0.403455017
45.858	5.639132581	0.232614323
45.858	2.202343083	0.381818365
45.858	5.591118133	0.238966778
45.858	2.255336522	0.385848347
45.858	5.437387176	0.256544741
45.858	2.413400473	0.394399657
45.858	5.569614531	0.239938964
45.858	2.26660578	0.385634712
45.858	6.048445609	0.179319861
45.858	1.806344368	0.336787056
45.858	6.143734386	0.157578265
45.858	1.683666283	0.308589409
45.858	4.123308	0.363438294
45.858	3.75165036	0.382335644
45.858	4.545986477	0.336512394
45.858	3.328931433	0.397638547
45.858	5.003213501	0.299638766
45.858	2.860796558	0.403689148
45.858	5.58916346	0.238376269
45.858	2.251730418	0.385120642
45.858	4.24183164	0.356532559
45.858	3.633902772	0.387381687
45.858	4.624619578	0.329500601
45.858	3.237113325	0.398811969
45.858	5.121229875	0.286858897
45.858	2.723395271	0.401429462
45.858	6.447628539	0.088261312
45.858	1.38383389	0.194332668
45.858	3.962408992	0.370547773
45.858	3.894807777	0.37398474
45.858	5.899265107	0.199071282
45.858	1.942323344	0.356148984
45.858	5.870411475	0.206163137
45.858	1.989068134	0.363654943
45.858	4.5860387	0.332770791
45.858	3.280219166	0.398167311
45.858	4.466686477	0.342319178
45.858	3.411475309	0.395513891
45.858	4.157538457	0.361412703
45.858	3.716836983	0.383808629
45.858	5.779214767	0.215276485
45.858	2.062370314	0.369886679
45.858	6.53971007	0.037247646
45.858	1.275865072	0.085725915
45.858	6.319322309	0.124407541
45.858	1.517133984	0.25974948
45.858	4.458405175	0.340987313
45.858	3.401014026	0.394210508
45.858	5.855244583	0.208224164
45.858	2.004303223	0.365413015
45.858	5.374566681	0.263536729
45.858	2.479564987	0.397143861
45.858	4.947579364	0.302572028
45.858	2.90066624	0.402265709
45.858	4.053664627	0.365887851
45.858	3.805920913	0.378479369
45.858	6.238352877	0.142449369
45.858	1.600934676	0.288046217
45.858	6.210492956	0.147316016
45.858	1.626314279	0.294978041
45.858	4.563441897	0.334524303
45.858	3.304155713	0.397670205
45.858	3.972141337	0.370628946
45.858	3.891414322	0.374735042
45.858	6.044755174	0.17833145
45.858	1.802042603	0.335190059
45.858	5.110063127	0.291143487
45.858	2.761734933	0.404058958
45.858	4.114301517	0.361785764
45.858	3.737839573	0.380895274
45.858	5.342065177	0.268509805
45.858	2.524877978	0.399639504
45.858	5.080546102	0.291271236
45.858	2.770118464	0.402315519
45.858	6.24297684	0.143368978
45.858	1.6037712	0.289792477
45.858	5.339562806	0.267501032
45.858	2.517693978	0.39860025
45.858	6.496051055	0.062442278
45.858	1.319634875	0.141035658
45.858	6.415797135	0.101450203
45.858	1.425290582	0.219801943
45.858	4.766235895	0.317202505
45.858	3.08079023	0.400503187
45.858	4.907771473	0.307206615
45.858	2.951892335	0.402974338
45.858	4.362848707	0.347375992
45.858	3.497011475	0.391109094
45.858	4.43469395	0.34209295
45.858	3.419812839	0.393198766
45.858	4.033415957	0.367248499
45.858	3.828880486	0.377647795
45.858	6.222159246	0.147407226
45.858	1.624441105	0.295635098
45.858	4.375103005	0.345846935
45.858	3.477421641	0.391138984
45.858	4.739939556	0.321517538
45.858	3.128056287	0.401541103
45.858	5.092420929	0.292061604
45.858	2.773792823	0.403660197
45.858	5.48042998	0.253775784
45.858	2.38366711	0.394287464
45.858	6.242518442	0.14365443
45.858	1.60502177	0.290253039
45.858	6.286888174	0.133318209
45.858	1.555896454	0.274353066
45.858	4.886579416	0.307336149
45.858	2.958725237	0.401702669
45.858	4.89029138	0.306969706
45.858	2.954484869	0.401687803
45.858	4.503496795	0.336865366
45.858	3.345900262	0.394961617
45.858	5.383658225	0.261410071
45.858	2.461521767	0.395748091
45.858	5.530175948	0.247204982
45.858	2.325710089	0.390753114
45.858	6.260516784	0.13948443
45.858	1.584812637	0.283943085
45.858	5.561201842	0.245163212
45.858	2.304637268	0.39049328
45.858	6.523840295	0.065309996
45.858	1.319528552	0.147881718
45.858	4.807914435	0.316173442
45.858	3.059673951	0.402553656
45.858	5.689955554	0.228174799
45.858	2.162451091	0.379799067
45.858	6.36907823	0.106417025
45.858	1.448829419	0.227905613
45.858	4.661483327	0.326970436
45.858	3.202044655	0.399738825
45.858	5.439340782	0.25746631
45.858	2.419748532	0.395381178
45.858	4.791011954	0.316500565
45.858	3.067379825	0.40166559
45.858	4.14819396	0.359493371
45.858	3.700406846	0.382205429
45.858	6.212803846	0.144937184
45.858	1.616012807	0.291128939
45.858	4.825298882	0.314399287
45.858	3.038717822	0.402517476
45.858	5.592845508	0.240783879
45.858	2.267426401	0.387832852
45.858	6.484409195	0.068500971
45.858	1.33305607	0.153866613
45.858	4.618735834	0.330775717
45.858	3.251068963	0.399180162
45.858	4.85318215	0.31088648
45.858	2.999397446	0.401975665
45.858	4.580150706	0.33273665
45.858	3.281710611	0.397751566
45.858	4.749237321	0.32033426
45.858	3.114430371	0.40140163
45.858	4.828711358	0.313168826
45.858	3.026642236	0.401922297
45.858	6.149851794	0.157770511
45.858	1.683330659	0.309170259
45.858	6.421334029	0.094723703
45.858	1.405568839	0.206621576
45.858	4.514276361	0.338189048
45.858	3.355363483	0.396446339
45.858	5.666062031	0.229442227
45.858	2.175740998	0.379868193
45.858	4.834402833	0.313557473
45.858	3.028585374	0.402550147
45.858	5.965666242	0.186808851
45.858	1.861722133	0.343184387
45.858	5.218014962	0.278944524
45.858	2.635706413	0.401019659
45.858	6.184036814	0.154670226
45.858	1.662943288	0.305781177
45.858	5.490626354	0.253074097
45.858	2.376343076	0.394207696
45.858	5.028544562	0.296344032
45.858	2.826072803	0.402871453
45.858	5.164175269	0.283432483
45.858	2.684853072	0.401365655
45.858	4.521456509	0.337553106
45.858	3.346850672	0.396572372
45.858	5.528040696	0.244651155
45.858	2.308222256	0.388070758
45.858	6.120773814	0.165889404
45.858	1.726298182	0.320418173
45.858	4.226126666	0.357122037
45.858	3.645861731	0.38656798
45.858	4.435119389	0.34308807
45.858	3.429540868	0.393775223
45.858	6.117211546	0.166112397
45.858	1.728044377	0.320590921
45.858	5.468345017	0.255483383
45.858	2.398775578	0.395210876
45.858	4.627227717	0.33083724
45.858	3.249088163	0.399784416
45.858	5.844138091	0.208640169
45.858	2.009021741	0.365336636
45.858	6.317591805	0.1227324
45.858	1.511605062	0.256638285
45.858	6.444735426	0.08864292
45.858	1.385339694	0.195027397
45.858	5.70420501	0.226479161
45.858	2.148473794	0.37870112
45.858	6.175062999	0.152882959
45.858	1.656887332	0.302507955
45.858	4.97448485	0.301531023
45.858	2.884585211	0.403233658
45.858	5.064669597	0.291834785
45.858	2.778818672	0.401752638
45.858	6.433257317	0.094135484
45.858	1.401723207	0.20581096
45.858	5.604216512	0.23587601
45.858	2.231582771	0.383341348
45.858	5.803829617	0.211752326
45.858	2.035877142	0.366985884
45.858	4.920526806	0.30607433
45.858	2.938496237	0.403005372
45.858	6.215799192	0.142798109
45.858	1.606713389	0.287675593
45.858	5.89873524	0.20038521
45.858	1.949901058	0.357816138
45.858	4.255365365	0.35366776
45.858	3.599378504	0.386885698
45.858	6.282656524	0.135140889
45.858	1.563645736	0.277364532
45.858	4.498290921	0.337405853
45.858	3.35284909	0.394915887
45.858	4.825649927	0.313847688
45.858	3.033623503	0.402174916
45.858	4.432293262	0.34368567
45.858	3.436428944	0.393908282
45.858	4.728403477	0.320005374
45.858	3.117381555	0.399822863
45.858	4.17391954	0.360301856
45.858	3.698836361	0.384435474
45.858	4.632777505	0.329105034
45.858	3.230881937	0.399119213
45.858	5.310348148	0.269611989
45.858	2.540656949	0.398700647
45.858	6.056181889	0.175861468
45.858	1.787360876	0.332178517
45.858	4.980067317	0.302179723
45.858	2.888778656	0.404052807
45.858	4.047492223	0.366832402
45.858	3.818546763	0.378474809
45.858	5.331392307	0.269614164
45.858	2.535839908	0.399967203
45.858	6.427519752	0.091257898
45.858	1.39527631	0.199830343
45.858	5.76137053	0.217598245
45.858	2.080370454	0.371660588
45.858	5.75079829	0.219960618
45.858	2.09728999	0.373839402
45.858	6.245820025	0.142595923
45.858	1.600088063	0.288610423
45.858	6.479233759	0.074442739
45.858	1.346037006	0.166416319
45.858	4.068774029	0.366922688
45.858	3.810704097	0.380056988
45.858	6.153907281	0.154664554
45.858	1.668782293	0.304422238
45.858	4.197756186	0.359056776
45.858	3.676691791	0.38551864
45.858	5.847240381	0.209143147
45.858	2.011389602	0.366120636
45.858	6.346066135	0.117131511
45.858	1.487123178	0.247390032
45.858	5.967688206	0.189009896
45.858	1.873072736	0.346296774
45.858	4.5360314	0.33705492
45.858	3.337360295	0.397275645
45.858	4.199442576	0.358083063
45.858	3.665909605	0.385157059
45.858	6.475927819	0.084076968
45.858	1.368257538	0.186529829
45.858	6.085322456	0.172692521
45.858	1.765948782	0.328941914
45.858	5.334695911	0.269234563
45.858	2.532150311	0.399833523
45.858	4.008357128	0.369326276
45.858	3.861751445	0.376785705
45.858	5.336560223	0.267972167
45.858	2.521997139	0.398836283
45.858	6.318655637	0.128227587
45.858	1.530937693	0.266605223
45.858	4.125578636	0.362803303
45.858	3.744044998	0.382194145
45.858	5.82668673	0.209156615
45.858	2.015643721	0.365043426
45.858	5.717111766	0.223379256
45.858	2.125890574	0.375917247
45.858	6.332996554	0.122665092
45.858	1.508416224	0.25710342
45.858	4.395259917	0.344733342
45.858	3.45937288	0.391929984
45.858	4.366200569	0.34604453
45.858	3.482480979	0.390629048
45.858	6.51691493	0.062759536
45.858	1.316222772	0.142177932
45.858	4.601471707	0.332256353
45.858	3.270529259	0.398900568
45.858	6.094927601	0.165931832
45.858	1.731560057	0.319272918
45.858	4.234873588	0.354866782
45.858	3.619295901	0.38605172
45.858	5.55387555	0.24370573
45.858	2.29602223	0.388598188
45.858	4.92778275	0.30464964
45.858	2.924044975	0.402472192
45.858	5.626422293	0.234582471
45.858	2.218163297	0.383218082
45.858	5.646846797	0.230676407
45.858	2.187901262	0.380146708
45.858	5.123195855	0.289420573
45.858	2.744122298	0.403549012
45.858	5.64225832	0.231422309
45.858	2.193789641	0.380702109
45.858	4.584423057	0.331912718
45.858	3.272472959	0.397553774
45.858	4.529464144	0.334782963
45.858	3.317368601	0.395525293
45.858	3.98666881	0.369972445
45.858	3.878024195	0.37549873
45.858	4.587405515	0.333644032
45.858	3.288218123	0.398770355
45.858	4.603115648	0.332478254
45.858	3.272161253	0.399141422
45.858	4.318121469	0.349797005
45.858	3.537183225	0.389278944
45.858	5.631645954	0.233226149
45.858	2.207998532	0.382057463
45.858	5.309695792	0.270767063
45.858	2.549756626	0.399665985
45.858	6.126190074	0.163997514
45.858	1.716378999	0.31777714
45.858	4.654795539	0.328710782
45.858	3.220532051	0.400349242
45.858	6.384024953	0.103150908
45.858	1.436284372	0.222078956
45.858	5.886393118	0.198920373
45.858	1.944069338	0.355285554
45.858	6.098660565	0.168714647
45.858	1.744043743	0.323652451
45.858	6.283035969	0.134046543
45.858	1.559396361	0.275471324
45.858	4.666091131	0.327026595
45.858	3.201206332	0.400079251
45.858	5.525579348	0.247640083
45.858	2.32978681	0.390920406
45.858	4.769120946	0.317879051
45.858	3.086164845	0.401130156
45.858	4.99459879	0.298050577
45.858	2.849360473	0.401985588
45.858	4.654019241	0.327885248
45.858	3.212925915	0.399798485
45.858	4.114731136	0.363808279
45.858	3.758981217	0.381897026
45.858	5.85764208	0.203936026
45.858	1.978641928	0.360187257
45.858	4.95805286	0.303950025
45.858	2.909955053	0.403910991
45.858	4.700884474	0.322384274
45.858	3.147425741	0.39951291
45.858	4.074841494	0.365309842
45.858	3.791040385	0.379738031
45.858	5.141846432	0.288080693
45.858	2.728442056	0.403664586
45.858	4.463888198	0.342441989
45.858	3.413610957	0.395390335
45.858	4.205285974	0.356590168
45.858	3.648210247	0.384827585
45.858	6.061171371	0.17241195
45.858	1.76931759	0.327370915
45.858	4.202972071	0.357147841
45.858	3.654861515	0.384942259
45.858	4.470030316	0.341939262
45.858	3.406613573	0.39553259
45.858	5.874188865	0.20473596
45.858	1.979948568	0.362065014
45.858	4.129672892	0.361142025
45.858	3.724955248	0.381685484
45.858	3.976388889	0.371748565
45.858	3.90165669	0.37555366
45.858	5.800420861	0.213540585
45.858	2.047410752	0.368957698
45.858	5.278752483	0.273760452
45.858	2.580306162	0.400369709
45.858	6.477040474	0.083906861
45.858	1.367642411	0.186208294
45.858	5.012237009	0.296728378
45.858	2.833516614	0.40212754
45.858	4.104150245	0.362361655
45.858	3.747971797	0.38044395
45.858	6.497133445	0.06940348
45.858	1.33238822	0.156104882
45.858	6.005753892	0.184078663
45.858	1.839351972	0.341405575
45.858	6.495762452	0.072321289
45.858	1.338492772	0.162317346
45.858	5.294901033	0.270640513
45.858	2.552197663	0.398664821
45.858	5.18749261	0.283002168
45.858	2.675732162	0.402455309
45.858	4.973758234	0.300159274
45.858	2.872900196	0.40219948
45.858	5.886475087	0.201110192
45.858	1.956514197	0.358107431
45.858	5.415237819	0.259134512
45.858	2.437459639	0.39551834
45.858	6.258187503	0.137823783
45.858	1.57873239	0.280998486
45.858	4.22838587	0.356919783
45.858	3.642919688	0.386626577
45.858	4.341015538	0.350047905
45.858	3.531640653	0.391004503
45.858	4.566702093	0.333662926
45.858	3.29481425	0.397388659
45.858	4.704202378	0.322040207
45.858	3.143257139	0.399515879
45.858	5.911274705	0.196660419
45.858	1.926332172	0.353632836
45.858	6.128887472	0.16022038
45.858	1.698476945	0.3120567
45.858	5.659895649	0.231847571
45.858	2.192875579	0.382151972
45.858	6.436564621	0.093799486
45.858	1.400200299	0.205237197
45.858	4.386758905	0.346503167
45.858	3.479996411	0.392297092
45.858	5.683054508	0.228613057
45.858	2.16675221	0.379900509
45.858	6.06867865	0.175298459
45.858	1.782097622	0.331963875
45.858	4.671280187	0.325136711
45.858	3.181866152	0.399265137
45.858	5.037571064	0.297324348
45.858	2.832158376	0.404164417
45.858	5.701206479	0.225677755
45.858	2.143928738	0.377636943
45.858	5.989511426	0.18531878
45.858	1.849086506	0.342321419
45.858	5.848443055	0.208919629
45.858	2.009813974	0.365909585
45.858	6.01745116	0.178484639
45.858	1.808220226	0.334075339
45.858	5.453961761	0.25691794
45.858	2.412473686	0.395724626
45.858	4.149837929	0.360172963
45.858	3.706855596	0.382655584
45.858	6.50791691	0.066887028
45.858	1.325492827	0.150936561
45.858	4.907690266	0.308944454
45.858	2.967350068	0.404165862
45.858	5.871400227	0.205387962
45.858	1.984321313	0.362736972
45.858	4.136243884	0.362721246
45.858	3.738957618	0.382918549
45.858	5.381315538	0.262993352
45.858	2.473940595	0.397052598
45.858	4.253151538	0.354801746
45.858	3.611845096	0.387306782
45.858	4.224380854	0.355711464
45.858	3.631925465	0.38573744
45.858	5.733854513	0.222201828
45.858	2.114929528	0.375493852
45.858	4.615619314	0.329854646
45.858	3.243220122	0.398422323
45.858	5.042959549	0.293771225
45.858	2.80059022	0.401857126
45.858	5.768212415	0.218119413
45.858	2.082197386	0.372643197
45.858	4.119046523	0.362429552
45.858	3.742708971	0.381546145
45.858	4.907030413	0.305493542
45.858	2.936981272	0.401735139
45.858	5.935269086	0.191216062
45.858	1.89148683	0.347638919
45.858	4.207386763	0.356682894
45.858	3.648372155	0.385022801
45.858	5.320540836	0.270105738
45.858	2.54213144	0.399743949
45.858	6.00522257	0.184019863
45.858	1.839149425	0.341297075
45.858	4.187084716	0.357538551
45.858	3.664979087	0.384009615
45.858	5.489503881	0.25219619
45.858	2.370236106	0.393294758
45.858	5.458464589	0.255153585
45.858	2.398539161	0.394318974
45.858	6.060135888	0.175919144
45.858	1.786872105	0.332453828
45.858	5.202447027	0.278791792
45.858	2.638201934	0.399941362
45.858	6.08426553	0.171342415
45.858	1.759555186	0.326893004
45.858	4.686356014	0.323845624
45.858	3.165316745	0.399464932
45.858	5.24375204	0.275817714
45.858	2.60472707	0.399985898
45.858	5.064786912	0.293205382
45.858	2.79030987	0.402799683
45.858	4.63491172	0.329445211
45.858	3.233477064	0.39946594
45.858	4.425444445	0.343788091
45.858	3.439739997	0.393493857
45.858	4.240069329	0.355637169
45.858	3.625299471	0.386807408
45.858	6.132776073	0.159081366
45.858	1.692559094	0.310454242
45.858	5.609968473	0.236468112
45.858	2.234345388	0.384293548
45.858	4.93255614	0.304823807
45.858	2.924309954	0.402899767
45.858	4.426336639	0.342710033
45.858	3.428726027	0.392964841
45.858	4.391190323	0.345696827
45.858	3.470394534	0.392169822
45.858	4.096693748	0.363704937
45.858	3.765142702	0.380551394
45.858	4.577022697	0.332598195
45.858	3.281348694	0.397459933
45.858	5.887518972	0.202531772
45.858	1.964474567	0.359976228
45.858	4.944487003	0.305289835
45.858	2.925265928	0.403988961
45.858	4.332489912	0.350568387
45.858	3.539926929	0.390683348
45.858	4.758705004	0.319420998
45.858	3.103299017	0.401439789
45.858	4.172212352	0.36058928
45.858	3.702506106	0.384454199
45.858	6.223715143	0.14685805
45.858	1.621848145	0.294793113
45.858	5.9286846	0.195203825
45.858	1.914715984	0.352614185
45.858	5.53701201	0.243683321
45.858	2.299520007	0.387607584
45.858	4.604469252	0.330276651
45.858	3.250649999	0.397928
45.858	5.478751289	0.253206277
45.858	2.379900754	0.393642508
45.858	6.495085243	0.068674656
45.858	1.331356279	0.154490753
45.858	5.112986333	0.289263942
45.858	2.74532693	0.402793071
45.858	6.488112674	0.070815252
45.858	1.336901945	0.158913416
45.858	4.149301632	0.359422371
45.858	3.69923164	0.382249681
45.858	6.417173332	0.093199239
45.858	1.4023166	0.203432069
45.858	5.41399605	0.257403047
45.858	2.424940612	0.393829938
45.858	5.899637804	0.200883406
45.858	1.952566736	0.358503083
45.858	4.34560243	0.347925773
45.858	3.508564359	0.390204807
45.858	4.687200658	0.323213305
45.858	3.159165934	0.399126918
45.858	6.404604014	0.1013359
45.858	1.427096372	0.21920882
45.858	6.436282419	0.087250484
45.858	1.383493452	0.191933522
45.858	4.172224476	0.35885984
45.858	3.684435155	0.383607196
45.858	6.123009561	0.165055451
45.858	1.721942427	0.319250033
45.858	6.567840714	0.019285354
45.858	1.25618311	0.044801491
45.858	5.399172017	0.262667771
45.858	2.467472447	0.397816585
45.858	4.714727659	0.321444595
45.858	3.13465969	0.399835024
45.858	5.965592022	0.187532754
45.858	1.865586111	0.34417391
45.858	5.596485434	0.237809082
45.858	2.246305781	0.384942185
45.858	4.731346214	0.320086059
45.858	3.117275424	0.400067875
45.858	6.396080393	0.108794901
45.858	1.450906544	0.233414146
45.858	4.170851282	0.361082478
45.858	3.70820522	0.384597347
45.858	5.975594385	0.18989311
45.858	1.876260982	0.347896659
45.858	6.517674815	0.054963119
45.858	1.303115917	0.125077881
45.858	4.672832249	0.326763698
45.858	3.196725724	0.400366506
45.858	5.629589677	0.234274808
45.858	2.215431652	0.383067428
45.858	5.714912919	0.221861697
45.858	2.116719905	0.374064757
45.858	4.76700306	0.319305754
45.858	3.099881635	0.401909702
45.858	4.381446955	0.346226776
45.858	3.479043643	0.39178178
45.858	5.749350631	0.219353444
45.858	2.093786273	0.373055737
45.858	4.776699135	0.318801915
45.858	3.092501388	0.402220896
45.858	5.744632823	0.219891599
45.858	2.098132624	0.373422776
45.858	4.888285565	0.308795283
45.858	2.971210408	0.402816482
45.858	4.706632455	0.322884613
45.858	3.150403598	0.400206134
45.858	5.967487638	0.18992268
45.858	1.878031773	0.347526794
45.858	4.556905744	0.335402996
45.858	3.314715981	0.397737935
45.858	4.922193797	0.305525854
45.858	2.933223316	0.402729112
45.858	6.545605447	0.03792763
45.858	1.275463048	0.08734847
45.858	5.185299916	0.284086044
45.858	2.68509125	0.403190435
45.858	6.186828433	0.153848027
45.858	1.658802403	0.304585976
45.858	6.232410471	0.143629969
45.858	1.606870376	0.289780776
45.858	6.100660015	0.167545199
45.858	1.738068527	0.321985371
45.858	6.122466094	0.162464917
45.858	1.710006178	0.315244281
45.858	5.238169959	0.27752909
45.858	2.619629314	0.40107715
45.858	6.006076939	0.18085448
45.858	1.822570528	0.336889695
45.858	5.501191774	0.248340187
45.858	2.34007096	0.390203311
45.858	6.084833052	0.169518753
45.858	1.750616798	0.324203078
45.858	4.250966367	0.355047193
45.858	3.615179377	0.387277264
45.858	4.857977868	0.310857841
45.858	2.997831675	0.402266255
45.858	5.940644067	0.191811384
45.858	1.893647242	0.348711754
45.858	5.256529359	0.275098421
45.858	2.596036024	0.40015668
45.858	5.155327164	0.284602981
45.858	2.696544959	0.401755566
45.858	6.155901012	0.156724988
45.858	1.677487469	0.307790731
45.858	6.023871445	0.180820254
45.858	1.818866173	0.337717618
45.858	4.160346851	0.361754228
45.858	3.719334702	0.384174376
45.858	4.900373997	0.307141595
45.858	2.953294634	0.402454544
45.858	6.46955398	0.079569251
45.858	1.359036864	0.176962966
45.858	4.145294098	0.362514644
45.858	3.733219456	0.383466487
45.858	4.274938836	0.353760041
45.858	3.593152221	0.38830806
45.858	4.071495975	0.366730744
45.858	3.807537765	0.380163943
45.858	4.428782993	0.344283646
45.858	3.443562983	0.393993219
45.858	6.458563283	0.088700335
45.858	1.382853384	0.195552026
45.858	6.508061598	0.064645406
45.858	1.321299181	0.146085562
45.858	4.325427471	0.349237675
45.858	3.528924023	0.389494492
45.858	4.840178582	0.312523732
45.858	3.017667185	0.402235101
45.858	4.053928382	0.366967236
45.858	3.817308656	0.379003966
45.858	4.501351178	0.339944793
45.858	3.376752811	0.396557295
45.858	6.25256732	0.135691176
45.858	1.571556666	0.277086883
45.858	4.603874446	0.330886043
45.858	3.256653673	0.398250896
45.858	5.914501576	0.194885362
45.858	1.915800345	0.351465431
45.858	4.645471818	0.327841256
45.858	3.215066582	0.399202743
45.858	4.06921466	0.365292717
45.858	3.793169367	0.37932363
45.858	4.245361333	0.354978273
45.858	3.616542813	0.386847607
45.858	5.394994182	0.262207045
45.858	2.464942925	0.397148918
45.858	4.969834951	0.30278238
45.858	2.896681959	0.403832519
45.858	5.982204158	0.18714802
45.858	1.86022489	0.344480554
45.858	4.450221665	0.34125759
45.858	3.406387033	0.393800701
45.858	5.322826105	0.267303671
45.858	2.520023134	0.397422799
45.858	4.949061971	0.302719678
45.858	2.901562069	0.40246534
45.858	5.613824736	0.23639422
45.858	2.233024861	0.384433493
45.858	4.70142516	0.324660473
45.858	3.1685293	0.400967452
45.858	5.678717172	0.23100377
45.858	2.183351943	0.382285443
45.858	4.319143256	0.350227109
45.858	3.541182264	0.389575275
45.858	5.725475516	0.225353153
45.858	2.136795292	0.378612342
45.858	4.441599052	0.343252615
45.858	3.429020471	0.394309802
45.858	4.347552464	0.348655301
45.858	3.515243094	0.390726471
45.858	5.074633925	0.293800413
45.858	2.792870515	0.40386531
45.858	4.672833612	0.32524329
45.858	3.182405961	0.399433908
45.858	4.207914292	0.356071817
45.858	3.641857712	0.384753859
45.858	6.157117721	0.156989553
45.858	1.678427484	0.308264928
45.858	4.951636161	0.303198696
45.858	2.905063315	0.402969884
45.858	5.24397331	0.275186383
45.858	2.599687935	0.399467908
45.858	4.75790672	0.3193692
45.858	3.103048683	0.401354289
45.858	4.070766382	0.364157036
45.858	3.780501514	0.378897781
45.858	6.436095573	0.093494208
45.858	1.399480771	0.204607877
45.858	4.136590767	0.362561136
45.858	3.73713273	0.382866397
45.858	5.966739658	0.189784532
45.858	1.877434556	0.347301594
45.858	4.68158946	0.324710674
45.858	3.174819219	0.399685645
45.858	5.440333451	0.255887898
45.858	2.407928441	0.393952367
45.858	4.797358282	0.315572018
45.858	3.057138709	0.40147208
45.858	6.286132176	0.134357608
45.858	1.559985944	0.276140736
45.858	5.062922396	0.295193841
45.858	2.807608532	0.404176747
45.858	3.945291736	0.372494906
45.858	3.923417818	0.373607966
45.858	5.60392444	0.236737775
45.858	2.237457323	0.384236376
45.858	4.215644712	0.356782333
45.858	3.646278978	0.385657125
45.858	4.238243577	0.354337073
45.858	3.612594262	0.386020698
45.858	5.181557966	0.282670766
45.858	2.674464697	0.401823319
